edition	role	owner_rva	instruction_rva	literal_rva	text
reference	owner	0x63dd90	0x63de2b	0x1649b7c	 is a 
reference	owner	0x63dd90	0x63df17	0x16a1220	dark
reference	owner	0x63dd90	0x63df62	0x16a1220	dark
reference	owner	0x63dd90	0x63dfd0	0x15e873c	 
reference	owner	0x63dd90	0x63e20a	0x15fd968	.  
reference	owner	0x63dd90	0x63e266	0x1661f58	Nobody lives there
reference	owner	0x63dd90	0x63e27e	0x1661f70	Few live there
reference	owner	0x63dd90	0x63e296	0x1661f80	A few dozen or less live there
reference	owner	0x63dd90	0x63e2ae	0x1661ec8	Some dozens live there
reference	owner	0x63dd90	0x63e2c6	0x1661ee0	Roughly a hundred live there
reference	owner	0x63dd90	0x63e2e1	0x1661f00	Well over a hundred live there
reference	owner	0x63dd90	0x63e2f9	0x1661f20	A few hundred live there
reference	owner	0x63dd90	0x63e311	0x1661e58	Several hundred live there
reference	owner	0x63dd90	0x63e329	0x1661e78	A thousand live there
reference	owner	0x63dd90	0x63e341	0x1661e90	A few thousand live there
reference	owner	0x63dd90	0x63e350	0x1661eb0	Thousands live there
reference	owner	0x63dd90	0x63e37c	0x1662098	 and it is controlled by 
reference	owner	0x63dd90	0x63e3a2	0x15e85b4	.
reference	owner	0x63dd90	0x63e46d	0x16620b8	 is a religion
reference	owner	0x63dd90	0x63e560	0x16620c8	 whose adherents worship 
reference	owner	0x63dd90	0x63e665	0x1662050	 is the force
reference	owner	0x63dd90	0x63e66c	0x1661fb0	, the force
reference	owner	0x63dd90	0x63e6a4	0x1661fc0	 which permeates 
reference	owner	0x63dd90	0x63e74e	0x16620e8	 is the 
reference	owner	0x63dd90	0x63e755	0x1662438	, the 
reference	owner	0x63dd90	0x63e7c1	0x15e873c	 
reference	owner	0x63dd90	0x63e7e3	0x1662440	goddess
reference	owner	0x63dd90	0x63e7f6	0x1661fa0	god
reference	owner	0x63dd90	0x63e805	0x1661fa4	deity
reference	owner	0x63dd90	0x63e849	0x15eb518	 of 
reference	owner	0x63dd90	0x63e8d1	0x15e90d8	, 
reference	owner	0x63dd90	0x63e901	0x15e9110	 and 
reference	owner	0x63dd90	0x63e92b	0x15fd470	, a 
reference	owner	0x63dd90	0x63e932	0x1649b7c	 is a 
reference	owner	0x63dd90	0x63ea9b	0x15e85b4	.
reference	owner	0x63dd90	0x63ed15	0x1662060	They worship at 
reference	owner	0x63dd90	0x63ed71	0x1662060	They worship at 
reference	owner	0x63dd90	0x63eddf	0x15e85b4	.
reference	owner	0x63dd90	0x63ef7b	0x1662078	Their temple 
reference	owner	0x63dd90	0x63efd8	0x1662078	Their temple 
reference	owner	0x63dd90	0x63efe4	0x1662080	mple 
reference	owner	0x63dd90	0x63efed	0x1662084	 
reference	owner	0x63dd90	0x63f05f	0x1662088	 is ruined.
reference	domain-field	0x756500	0x756568	0x15e8e48	the 
reference	sphere-field	0x756690	0x7566b5	0x16a1b08	agriculture
reference	sphere-field	0x756690	0x7566ca	0x16a1250	animals
reference	sphere-field	0x756690	0x7566df	0x16a1258	art
reference	sphere-field	0x756690	0x7566f4	0x16a1260	balance
reference	sphere-field	0x756690	0x756709	0x16a1268	beauty
reference	sphere-field	0x756690	0x75671e	0x16a1270	birth
reference	sphere-field	0x756690	0x756733	0x16a1278	blight
reference	sphere-field	0x756690	0x756748	0x16a1280	boundaries
reference	sphere-field	0x756690	0x75675d	0x16a1290	caverns
reference	sphere-field	0x756690	0x756772	0x16a1298	chaos
reference	sphere-field	0x756690	0x756787	0x16a12a0	charity
reference	sphere-field	0x756690	0x75679c	0x16a12a8	children
reference	sphere-field	0x756690	0x7567b1	0x16a12b4	coasts
reference	sphere-field	0x756690	0x7567c6	0x16a12c0	consolation
reference	sphere-field	0x756690	0x7567db	0x16a12d0	courage
reference	sphere-field	0x756690	0x7567f0	0x16a12d8	crafts
reference	sphere-field	0x756690	0x756805	0x16a12e0	creation
reference	sphere-field	0x756690	0x75681a	0x15edfc0	dance
reference	sphere-field	0x756690	0x75682f	0x16a1530	darkness
reference	sphere-field	0x756690	0x756844	0x16706fc	dawn
reference	sphere-field	0x756690	0x756859	0x1670704	day
reference	sphere-field	0x756690	0x75686e	0x15eddb4	death
reference	sphere-field	0x756690	0x756883	0x16a1540	deformity
reference	sphere-field	0x756690	0x756898	0x16a1550	depravity
reference	sphere-field	0x756690	0x7568ad	0x16a1560	discipline
reference	sphere-field	0x756690	0x7568c2	0x16a1570	disease
reference	sphere-field	0x756690	0x7568d7	0x16a1578	dreams
reference	sphere-field	0x756690	0x7568ec	0x16a1580	dusk
reference	sphere-field	0x756690	0x756901	0x1674c00	duty
reference	sphere-field	0x756690	0x756916	0x16a1588	earth
reference	sphere-field	0x756690	0x75692b	0x16415fc	family
reference	sphere-field	0x756690	0x756940	0x16a1590	fame
reference	sphere-field	0x756690	0x756955	0x16a1598	fate
reference	sphere-field	0x756690	0x75696a	0x16a15a0	fertility
reference	sphere-field	0x756690	0x75697f	0x16a15b0	festivals
reference	sphere-field	0x756690	0x756994	0x16a15bc	fire
reference	sphere-field	0x756690	0x7569a9	0x16a11f0	fish
reference	sphere-field	0x756690	0x7569be	0x16a15c8	fishing
reference	sphere-field	0x756690	0x7569d3	0x16a15d0	food
reference	sphere-field	0x756690	0x7569e8	0x16a15d8	forgiveness
reference	sphere-field	0x756690	0x7569fd	0x16a1470	fortresses
reference	sphere-field	0x756690	0x756a12	0x16a1480	freedom
reference	sphere-field	0x756690	0x756a27	0x16a11f8	gambling
reference	sphere-field	0x756690	0x756a3c	0x16a1488	games
reference	sphere-field	0x756690	0x756a51	0x16a1490	generosity
reference	sphere-field	0x756690	0x756a66	0x1670a58	happiness
reference	sphere-field	0x756690	0x756a7b	0x16a1208	healing
reference	sphere-field	0x756690	0x756a90	0x16a14a0	hospitality
reference	sphere-field	0x756690	0x756aa5	0x16a1210	hunting
reference	sphere-field	0x756690	0x756aba	0x16a14b0	inspiration
reference	sphere-field	0x756690	0x756acf	0x16a14c0	jealousy
reference	sphere-field	0x756690	0x756ae4	0x16a14cc	jewels
reference	sphere-field	0x756690	0x756af9	0x16a14d8	justice
reference	sphere-field	0x756690	0x756b0e	0x15ede6c	labor
reference	sphere-field	0x756690	0x756b23	0x16a14e0	lakes
reference	sphere-field	0x756690	0x756b38	0x16a14e8	laws
reference	sphere-field	0x756690	0x756b4d	0x16a14f0	lies
reference	sphere-field	0x756690	0x756b62	0x167607c	light
reference	sphere-field	0x756690	0x756b77	0x16a14f8	lightning
reference	sphere-field	0x756690	0x756b8c	0x16a1508	longevity
reference	sphere-field	0x756690	0x756ba1	0x16025ec	love
reference	sphere-field	0x756690	0x756bb6	0x16415b0	loyalty
reference	sphere-field	0x756690	0x756bcb	0x16a1514	luck
reference	sphere-field	0x756690	0x756be0	0x1670fac	lust
reference	sphere-field	0x756690	0x756bf5	0x16a1520	marriage
reference	sphere-field	0x756690	0x756c0a	0x16a13bc	mercy
reference	sphere-field	0x756690	0x756c1f	0x16a13c4	metals
reference	sphere-field	0x756690	0x756c34	0x16a13d0	minerals
reference	sphere-field	0x756690	0x756c49	0x1670f84	misery
reference	sphere-field	0x756690	0x756c5e	0x16a13dc	mist
reference	sphere-field	0x756690	0x756c73	0x16a13e4	moon
reference	sphere-field	0x756690	0x756c88	0x164c4a8	mountains
reference	sphere-field	0x756690	0x756c9d	0x16a13ec	muck
reference	sphere-field	0x756690	0x756cb2	0x15ede54	murder
reference	sphere-field	0x756690	0x756cc7	0x15eb50c	music
reference	sphere-field	0x756690	0x756cdc	0x16416ec	nature
reference	sphere-field	0x756690	0x756cf1	0x1670434	night
reference	sphere-field	0x756690	0x756d06	0x16a13f8	nightmares
reference	sphere-field	0x756690	0x756d1b	0x16a1404	oaths
reference	sphere-field	0x756690	0x756d30	0x16a140c	oceans
reference	sphere-field	0x756690	0x756d45	0x15eddcc	order
reference	sphere-field	0x756690	0x756d5a	0x16a1418	painting
reference	sphere-field	0x756690	0x756d6f	0x15ee0cc	peace
reference	sphere-field	0x756690	0x756d84	0x16a1428	persuasion
reference	sphere-field	0x756690	0x756d99	0x16a1434	plants
reference	sphere-field	0x756690	0x756dae	0x161b6dc	poetry
reference	sphere-field	0x756690	0x756dc3	0x16a1440	pregnancy
reference	sphere-field	0x756690	0x756dd8	0x164bfac	rain
reference	sphere-field	0x756690	0x756ded	0x16a1450	rainbows
reference	sphere-field	0x756690	0x756e02	0x16a1460	rebirth
reference	sphere-field	0x756690	0x756e17	0x16a1468	revelry
reference	sphere-field	0x756690	0x756e2c	0x16a1320	revenge
reference	sphere-field	0x756690	0x756e41	0x16a1328	rivers
reference	sphere-field	0x756690	0x756e56	0x16a1330	rulership
reference	sphere-field	0x756690	0x756e6b	0x16a133c	rumors
reference	sphere-field	0x756690	0x756e80	0x1641708	sacrifice
reference	sphere-field	0x756690	0x756e95	0x16a1344	salt
reference	sphere-field	0x756690	0x756eaa	0x16a1350	scholarship
reference	sphere-field	0x756690	0x756ebf	0x16a1360	seasons
reference	sphere-field	0x756690	0x756ed4	0x16a1368	silence
reference	sphere-field	0x756690	0x756ee9	0x164c52c	sky
reference	sphere-field	0x756690	0x756efe	0x15e9510	song
reference	sphere-field	0x756690	0x756f13	0x16a1370	speech
reference	sphere-field	0x756690	0x756f28	0x16a1378	stars
reference	sphere-field	0x756690	0x756f3d	0x16a1380	storms
reference	sphere-field	0x756690	0x756f52	0x1661fd8	strength
reference	sphere-field	0x756690	0x756f67	0x16a1388	suicide
reference	sphere-field	0x756690	0x756f7c	0x16a1390	sun
reference	sphere-field	0x756690	0x756f91	0x15edefc	theft
reference	sphere-field	0x756690	0x756fa6	0x16a1398	thralldom
reference	sphere-field	0x756690	0x756fbb	0x16a13a8	thunder
reference	sphere-field	0x756690	0x756fd0	0x1643a58	torture
reference	sphere-field	0x756690	0x756fe5	0x164fbc4	trade
reference	sphere-field	0x756690	0x756ffa	0x16a13b0	travelers
reference	sphere-field	0x756690	0x75700f	0x16a1aa0	treachery
reference	sphere-field	0x756690	0x757024	0x16a1aac	trees
reference	sphere-field	0x756690	0x757039	0x16a1ab8	trickery
reference	sphere-field	0x756690	0x75704e	0x16415dc	truth
reference	sphere-field	0x756690	0x757063	0x16a12f8	twilight
reference	sphere-field	0x756690	0x757078	0x16a1ac4	valor
reference	sphere-field	0x756690	0x75708d	0x16a1ad0	victory
reference	sphere-field	0x756690	0x7570a2	0x16a1ad8	volcanos
reference	sphere-field	0x756690	0x7570b7	0x1649be4	war
reference	sphere-field	0x756690	0x7570cc	0x164b874	water
reference	sphere-field	0x756690	0x7570e1	0x16a1ae4	wealth
reference	sphere-field	0x756690	0x7570f6	0x1674ef0	weather
reference	sphere-field	0x756690	0x75710b	0x16a1aec	wind
reference	sphere-field	0x756690	0x757120	0x16a1af4	wisdom
reference	sphere-field	0x756690	0x757135	0x15edca0	writing
reference	sphere-field	0x756690	0x75714a	0x16a1afc	youth
reference	sphere-field	0x756690	0x75715f	0x16a1310	no sphere
reference	structure-field	0xb94090	0xb940f8	0x16df6d8	[LPAGE:AB:
reference	structure-field	0xb94090	0xb9411b	0x1618434	:
reference	structure-field	0xb94090	0xb9413b	0x15fd690	]
reference	structure-field	0xb94090	0xb941ce	0x15fda88	[/LPAGE]
reference	structure-field	0xb94090	0xb94255	0x16637c8	a counting house
reference	structure-field	0xb94090	0xb94267	0x16637e0	a hospital
reference	structure-field	0xb94090	0xb94279	0x1628b50	a guildhall
reference	structure-field	0xb94090	0xb9428b	0x1663a38	a mead hall
reference	structure-field	0xb94090	0xb9429d	0x1663a44	a keep
reference	structure-field	0xb94090	0xb942af	0x1628b28	a temple
reference	structure-field	0xb94090	0xb942c1	0x1663a18	a library
reference	structure-field	0xb94090	0xb942d3	0x1663a28	a tavern
reference	structure-field	0xb94090	0xb942e5	0x1672dc0	a dark tower
reference	structure-field	0xb94090	0xb942f1	0x16639e8	an underworld spire
reference	structure-field	0xb94090	0xb94300	0x1663a08	a market
reference	structure-field	0xb94090	0xb9430f	0x16639dc	a tomb
reference	structure-field	0xb94090	0xb94333	0x1663998	the catacombs
reference	structure-field	0xb94090	0xb94342	0x16639d0	the sewers
reference	structure-field	0xb94090	0xb94351	0x16639c0	a dungeon
reference	structure-field	0xb94090	0xb94360	0x1663a00	a tower
reference	structure-field	0xb94090	0xb94369	0x16df6e8	an unknown building
reference	structure-field	0xb94090	0xb94388	0x15fda88	[/LPAGE]
reference	structure-field	0xb94090	0xb94397	0x16df6e8	an unknown building
reference	entity-field	0xb92900	0xb9296a	0x165e438	[LPAGE:ENT:
reference	entity-field	0xb92900	0xb9298a	0x15fd690	]
reference	entity-field	0xb92900	0xb929f4	0x15fda88	[/LPAGE]
reference	entity-field	0xb92900	0xb92a4c	0x16df940	an unknown civilization
reference	figure-field	0xb92f10	0xb92f8a	0x16df900	interrogator
reference	figure-field	0xb92f10	0xb92fa1	0x1674d08	subject
reference	figure-field	0xb92f10	0xb93073	0x16290f0	Nameless
reference	figure-field	0xb92f10	0xb9310e	0x16df8e0	an unidentified creature
reference	figure-field	0xb92f10	0xb93133	0x15fdb08	[LPAGE:HF:
reference	figure-field	0xb92f10	0xb93153	0x15fd690	]
reference	figure-field	0xb92f10	0xb9325d	0x1662ef8	myself
reference	figure-field	0xb92f10	0xb93266	0x1662efc	lf
reference	figure-field	0xb92f10	0xb9331b	0x15e8e48	the 
reference	figure-field	0xb92f10	0xb9333f	0x167db90	zombie 
reference	figure-field	0xb92f10	0xb93377	0x15fdbb8	ghostly 
reference	figure-field	0xb92f10	0xb93499	0x15e873c	 
reference	figure-field	0xb92f10	0xb934c8	0x15e873c	 
reference	figure-field	0xb92f10	0xb93551	0x15e956c	 the 
reference	figure-field	0xb92f10	0xb93575	0x167db90	zombie 
reference	figure-field	0xb92f10	0xb935ad	0x15fdbb8	ghostly 
reference	figure-field	0xb92f10	0xb936cd	0x15e873c	 
reference	figure-field	0xb92f10	0xb9374e	0x15ed620	a 
reference	figure-field	0xb92f10	0xb93755	0x15e8e48	the 
reference	figure-field	0xb92f10	0xb9377d	0x167db90	zombie 
reference	figure-field	0xb92f10	0xb937b5	0x15fdbb8	ghostly 
reference	figure-field	0xb92f10	0xb9381c	0x15e873c	 
reference	figure-field	0xb92f10	0xb93867	0x15e9260	's
reference	figure-field	0xb92f10	0xb93886	0x15fda88	[/LPAGE]
reference	figure-field	0xb92f10	0xb938dc	0x1663cd8	an unknown creature
reference	figure-field	0xb92f10	0xb938f2	0x15e9260	's
reference	language-name	0xa946e0	0xa948a3	0x15e873c	 
reference	language-name	0xa946e0	0xa9495e	0x15e873c	 
reference	language-name	0xa946e0	0xa94a3b	0x15e873c	 
reference	language-name	0xa946e0	0xa94a5d	0x15ed9bc	The 
reference	language-name	0xa946e0	0xa94a78	0x15e8e48	the 
reference	language-name	0xa946e0	0xa94af2	0x15e873c	 
reference	language-name	0xa946e0	0xa94b11	0x15ed9bc	The 
reference	language-name	0xa946e0	0xa94b1a	0x15e8e48	the 
reference	language-name	0xa946e0	0xa94b9a	0x15e873c	 
reference	language-name	0xa946e0	0xa94bb9	0x15ed9bc	The 
reference	language-name	0xa946e0	0xa94bc2	0x15e8e48	the 
reference	language-name	0xa946e0	0xa94d1f	0x15e873c	 
reference	language-name	0xa946e0	0xa94d4b	0x15ed9bc	The 
reference	language-name	0xa946e0	0xa94d62	0x15e8e48	the 
reference	language-name	0xa946e0	0xa94e09	0x15e873c	 
reference	language-name	0xa946e0	0xa94e18	0x16ced90	of 
reference	language-name	0xa946e0	0xa94e1f	0x16cee1c	Of 
reference	cache-lines-wrap	0x8e7440	0x8e7567	0x15e873c	 
reference	site-type-field	0x10cbe50	0x10cbea5	0x164c400	fortress
reference	site-type-field	0x10cbe50	0x10cbebc	0x1749898	mountain halls
reference	site-type-field	0x10cbe50	0x10cbed1	0x17498a8	hillocks
reference	site-type-field	0x10cbe50	0x10cbf03	0x17498b4	pits
reference	site-type-field	0x10cbe50	0x10cbf0d	0x164c400	fortress
reference	site-type-field	0x10cbe50	0x10cbf28	0x164c3ac	cave
reference	site-type-field	0x10cbe50	0x10cbf3d	0x17498c0	forest retreat
reference	site-type-field	0x10cbe50	0x10cbf6f	0x17498d0	hamlet
reference	site-type-field	0x10cbe50	0x10cbf79	0x1646c04	town
reference	site-type-field	0x10cbe50	0x10cbfbb	0x162c6ec	shrine
reference	site-type-field	0x10cbe50	0x10cbfd0	0x17498d8	labyrinth
reference	site-type-field	0x10cbe50	0x10cbfe5	0x16761e0	lair
reference	site-type-field	0x10cbe50	0x10cc01c	0x1749a3c	castle
reference	site-type-field	0x10cbe50	0x10cc031	0x1619950	fort
reference	site-type-field	0x10cbe50	0x10cc046	0x1749a30	monastery
reference	site-type-field	0x10cbe50	0x10cc05b	0x1712194	tower
reference	site-type-field	0x10cbe50	0x10cc09d	0x1749a48	mysterious palace
reference	site-type-field	0x10cbe50	0x10cc0b7	0x1749a60	mysterious dungeon
reference	site-type-field	0x10cbe50	0x10cc0cc	0x1749a78	mysterious lair
reference	site-type-field	0x10cbe50	0x10cc0e1	0x1747938	vault
reference	site-type-field	0x10cbe50	0x10cc0f6	0x162fa4c	tomb
reference	site-type-field	0x10cbe50	0x10cc111	0x1749a88	monument
reference	site-type-field	0x10cbe50	0x10cc120	0x1749a94	camp
reference	site-type-field	0x10cbe50	0x10cc135	0x1749aa0	important location
reference	site-type-field	0x10cbe50	0x10cc14a	0x1675868	site
reference	faith-render-path	0x62cb94	0x62cc68	0x1660f90	Believe
reference	faith-render-path	0x62cb94	0x62cd2a	0x1660f98	Doubt
reference	faith-render-path	0x62cb94	0x62d048	0x15ff764	None
reference	faith-render-path	0x62cb94	0x62d0ce	0x15ec8d8	Religion
reference	faith-render-path	0x62cb94	0x62d4fd	0x1660eb0	 with temple
reference	faith-render-path	0x62cb94	0x62d51e	0x1660ec0	 with ruined temple
reference	faith-render-path	0x62cb94	0x62d571	0x1600144	Deity
reference	faith-render-path	0x62cb94	0x62d5a8	0x15ed068	Force
reference	faith-render-path	0x62cb94	0x62d5c0	0x1600130	Object of worship
reference	faith-render-path	0x62cb94	0x62d5d8	0x1600130	Object of worship
classic	owner	0x63b7b0	0x63b84b	0x16445f4	 is a 
classic	owner	0x63b7b0	0x63b937	0x169c118	dark
classic	owner	0x63b7b0	0x63b982	0x169c118	dark
classic	owner	0x63b7b0	0x63b9f0	0x15e3720	 
classic	owner	0x63b7b0	0x63bc2a	0x15f8850	.  
classic	owner	0x63b7b0	0x63bc86	0x165d4a8	Nobody lives there
classic	owner	0x63b7b0	0x63bc9e	0x165d4c0	Few live there
classic	owner	0x63b7b0	0x63bcb6	0x165d4d0	A few dozen or less live there
classic	owner	0x63b7b0	0x63bcce	0x165d4f0	Some dozens live there
classic	owner	0x63b7b0	0x63bce6	0x165d428	Roughly a hundred live there
classic	owner	0x63b7b0	0x63bd01	0x165d448	Well over a hundred live there
classic	owner	0x63b7b0	0x63bd19	0x165d468	A few hundred live there
classic	owner	0x63b7b0	0x63bd31	0x165d488	Several hundred live there
classic	owner	0x63b7b0	0x63bd49	0x165d068	A thousand live there
classic	owner	0x63b7b0	0x63bd61	0x165d080	A few thousand live there
classic	owner	0x63b7b0	0x63bd70	0x165d0a0	Thousands live there
classic	owner	0x63b7b0	0x63bd9c	0x165d0b8	 and it is controlled by 
classic	owner	0x63b7b0	0x63bdc2	0x15e3574	.
classic	owner	0x63b7b0	0x63be8d	0x165d018	 is a religion
classic	owner	0x63b7b0	0x63bf80	0x165d028	 whose adherents worship 
classic	owner	0x63b7b0	0x63c085	0x165d058	 is the force
classic	owner	0x63b7b0	0x63c08c	0x165d510	, the force
classic	owner	0x63b7b0	0x63c0c4	0x165d520	 which permeates 
classic	owner	0x63b7b0	0x63c16e	0x165d048	 is the 
classic	owner	0x63b7b0	0x63c175	0x165d560	, the 
classic	owner	0x63b7b0	0x63c1e1	0x15e3720	 
classic	owner	0x63b7b0	0x63c203	0x165d568	goddess
classic	owner	0x63b7b0	0x63c216	0x165d570	god
classic	owner	0x63b7b0	0x63c225	0x165d508	deity
classic	owner	0x63b7b0	0x63c269	0x15e64d0	 of 
classic	owner	0x63b7b0	0x63c2f1	0x15e40c4	, 
classic	owner	0x63b7b0	0x63c321	0x15e40bc	 and 
classic	owner	0x63b7b0	0x63c34b	0x15f8228	, a 
classic	owner	0x63b7b0	0x63c352	0x16445f4	 is a 
classic	owner	0x63b7b0	0x63c4bb	0x15e3574	.
classic	owner	0x63b7b0	0x63c735	0x165cfd0	They worship at 
classic	owner	0x63b7b0	0x63c791	0x165cfd0	They worship at 
classic	owner	0x63b7b0	0x63c7ff	0x15e3574	.
classic	owner	0x63b7b0	0x63c99b	0x165cfe8	Their temple 
classic	owner	0x63b7b0	0x63c9f8	0x165cfe8	Their temple 
classic	owner	0x63b7b0	0x63ca04	0x165cff0	mple 
classic	owner	0x63b7b0	0x63ca0d	0x165cff4	 
classic	owner	0x63b7b0	0x63ca7f	0x165cff8	 is ruined.
classic	domain-field	0x753f20	0x753f88	0x15e3e34	the 
classic	sphere-field	0x7540b0	0x7540d5	0x169c320	agriculture
classic	sphere-field	0x7540b0	0x7540ea	0x169c1f0	animals
classic	sphere-field	0x7540b0	0x7540ff	0x169c1f8	art
classic	sphere-field	0x7540b0	0x754114	0x169c200	balance
classic	sphere-field	0x7540b0	0x754129	0x169c208	beauty
classic	sphere-field	0x7540b0	0x75413e	0x169c210	birth
classic	sphere-field	0x7540b0	0x754153	0x169c218	blight
classic	sphere-field	0x7540b0	0x754168	0x169c220	boundaries
classic	sphere-field	0x7540b0	0x75417d	0x169c230	caverns
classic	sphere-field	0x7540b0	0x754192	0x169c238	chaos
classic	sphere-field	0x7540b0	0x7541a7	0x169c240	charity
classic	sphere-field	0x7540b0	0x7541bc	0x169c248	children
classic	sphere-field	0x7540b0	0x7541d1	0x169c254	coasts
classic	sphere-field	0x7540b0	0x7541e6	0x169c260	consolation
classic	sphere-field	0x7540b0	0x7541fb	0x169c128	courage
classic	sphere-field	0x7540b0	0x754210	0x169c130	crafts
classic	sphere-field	0x7540b0	0x754225	0x169c138	creation
classic	sphere-field	0x7540b0	0x75423a	0x15e8f54	dance
classic	sphere-field	0x7540b0	0x75424f	0x169c148	darkness
classic	sphere-field	0x7540b0	0x754264	0x166b540	dawn
classic	sphere-field	0x7540b0	0x754279	0x166b52c	day
classic	sphere-field	0x7540b0	0x75428e	0x15e8d48	death
classic	sphere-field	0x7540b0	0x7542a3	0x169c158	deformity
classic	sphere-field	0x7540b0	0x7542b8	0x169c168	depravity
classic	sphere-field	0x7540b0	0x7542cd	0x169c178	discipline
classic	sphere-field	0x7540b0	0x7542e2	0x169c188	disease
classic	sphere-field	0x7540b0	0x7542f7	0x169c190	dreams
classic	sphere-field	0x7540b0	0x75430c	0x169c198	dusk
classic	sphere-field	0x7540b0	0x754321	0x166fcd0	duty
classic	sphere-field	0x7540b0	0x754336	0x169c1a0	earth
classic	sphere-field	0x7540b0	0x75434b	0x163c2ac	family
classic	sphere-field	0x7540b0	0x754360	0x169c1a8	fame
classic	sphere-field	0x7540b0	0x754375	0x169c1b0	fate
classic	sphere-field	0x7540b0	0x75438a	0x169c1b8	fertility
classic	sphere-field	0x7540b0	0x75439f	0x169c1c8	festivals
classic	sphere-field	0x7540b0	0x7543b4	0x169c1d4	fire
classic	sphere-field	0x7540b0	0x7543c9	0x169c0e8	fish
classic	sphere-field	0x7540b0	0x7543de	0x169c4a8	fishing
classic	sphere-field	0x7540b0	0x7543f3	0x169c4b0	food
classic	sphere-field	0x7540b0	0x754408	0x169c4b8	forgiveness
classic	sphere-field	0x7540b0	0x75441d	0x169c4c8	fortresses
classic	sphere-field	0x7540b0	0x754432	0x169c4d8	freedom
classic	sphere-field	0x7540b0	0x754447	0x169c0f0	gambling
classic	sphere-field	0x7540b0	0x75445c	0x169c4e0	games
classic	sphere-field	0x7540b0	0x754471	0x169c4e8	generosity
classic	sphere-field	0x7540b0	0x754486	0x166ba90	happiness
classic	sphere-field	0x7540b0	0x75449b	0x169c100	healing
classic	sphere-field	0x7540b0	0x7544b0	0x169c4f8	hospitality
classic	sphere-field	0x7540b0	0x7544c5	0x169c108	hunting
classic	sphere-field	0x7540b0	0x7544da	0x169c508	inspiration
classic	sphere-field	0x7540b0	0x7544ef	0x169c518	jealousy
classic	sphere-field	0x7540b0	0x754504	0x169c524	jewels
classic	sphere-field	0x7540b0	0x754519	0x169c530	justice
classic	sphere-field	0x7540b0	0x75452e	0x15e8df8	labor
classic	sphere-field	0x7540b0	0x754543	0x169c538	lakes
classic	sphere-field	0x7540b0	0x754558	0x169c540	laws
classic	sphere-field	0x7540b0	0x75456d	0x169c548	lies
classic	sphere-field	0x7540b0	0x754582	0x1670f60	light
classic	sphere-field	0x7540b0	0x754597	0x169c550	lightning
classic	sphere-field	0x7540b0	0x7545ac	0x169c3f0	longevity
classic	sphere-field	0x7540b0	0x7545c1	0x15fd624	love
classic	sphere-field	0x7540b0	0x7545d6	0x163c2b8	loyalty
classic	sphere-field	0x7540b0	0x7545eb	0x169c3fc	luck
classic	sphere-field	0x7540b0	0x754600	0x166b9e4	lust
classic	sphere-field	0x7540b0	0x754615	0x169c408	marriage
classic	sphere-field	0x7540b0	0x75462a	0x169c414	mercy
classic	sphere-field	0x7540b0	0x75463f	0x169c41c	metals
classic	sphere-field	0x7540b0	0x754654	0x169c428	minerals
classic	sphere-field	0x7540b0	0x754669	0x166b9ec	misery
classic	sphere-field	0x7540b0	0x75467e	0x169c434	mist
classic	sphere-field	0x7540b0	0x754693	0x169c43c	moon
classic	sphere-field	0x7540b0	0x7546a8	0x1647338	mountains
classic	sphere-field	0x7540b0	0x7546bd	0x169c444	muck
classic	sphere-field	0x7540b0	0x7546d2	0x15e8e38	murder
classic	sphere-field	0x7540b0	0x7546e7	0x15e64c4	music
classic	sphere-field	0x7540b0	0x7546fc	0x163c4d0	nature
classic	sphere-field	0x7540b0	0x754711	0x166b538	night
classic	sphere-field	0x7540b0	0x754726	0x169c450	nightmares
classic	sphere-field	0x7540b0	0x75473b	0x169c45c	oaths
classic	sphere-field	0x7540b0	0x754750	0x169c464	oceans
classic	sphere-field	0x7540b0	0x754765	0x15e8db8	order
classic	sphere-field	0x7540b0	0x75477a	0x169c470	painting
classic	sphere-field	0x7540b0	0x75478f	0x15e904c	peace
classic	sphere-field	0x7540b0	0x7547a4	0x169c480	persuasion
classic	sphere-field	0x7540b0	0x7547b9	0x169c48c	plants
classic	sphere-field	0x7540b0	0x7547ce	0x161649c	poetry
classic	sphere-field	0x7540b0	0x7547e3	0x169c498	pregnancy
classic	sphere-field	0x7540b0	0x7547f8	0x1646adc	rain
classic	sphere-field	0x7540b0	0x75480d	0x169c358	rainbows
classic	sphere-field	0x7540b0	0x754822	0x169c368	rebirth
classic	sphere-field	0x7540b0	0x754837	0x169c370	revelry
classic	sphere-field	0x7540b0	0x75484c	0x169c378	revenge
classic	sphere-field	0x7540b0	0x754861	0x169c380	rivers
classic	sphere-field	0x7540b0	0x754876	0x169c388	rulership
classic	sphere-field	0x7540b0	0x75488b	0x169c394	rumors
classic	sphere-field	0x7540b0	0x7548a0	0x163c568	sacrifice
classic	sphere-field	0x7540b0	0x7548b5	0x169c39c	salt
classic	sphere-field	0x7540b0	0x7548ca	0x169c3a8	scholarship
classic	sphere-field	0x7540b0	0x7548df	0x169c3b8	seasons
classic	sphere-field	0x7540b0	0x7548f4	0x169c3c0	silence
classic	sphere-field	0x7540b0	0x754909	0x16473bc	sky
classic	sphere-field	0x7540b0	0x75491e	0x15e44f4	song
classic	sphere-field	0x7540b0	0x754933	0x169c3c8	speech
classic	sphere-field	0x7540b0	0x754948	0x169c3d0	stars
classic	sphere-field	0x7540b0	0x75495d	0x169c3d8	storms
classic	sphere-field	0x7540b0	0x754972	0x165cfc0	strength
classic	sphere-field	0x7540b0	0x754987	0x169c3e0	suicide
classic	sphere-field	0x7540b0	0x75499c	0x169c3e8	sun
classic	sphere-field	0x7540b0	0x7549b1	0x15e8e84	theft
classic	sphere-field	0x7540b0	0x7549c6	0x169c290	thralldom
classic	sphere-field	0x7540b0	0x7549db	0x169c2a0	thunder
classic	sphere-field	0x7540b0	0x7549f0	0x163e450	torture
classic	sphere-field	0x7540b0	0x754a05	0x164accc	trade
classic	sphere-field	0x7540b0	0x754a1a	0x169c2a8	travelers
classic	sphere-field	0x7540b0	0x754a2f	0x169c2b8	treachery
classic	sphere-field	0x7540b0	0x754a44	0x169c2c4	trees
classic	sphere-field	0x7540b0	0x754a59	0x169c2d0	trickery
classic	sphere-field	0x7540b0	0x754a6e	0x163c600	truth
classic	sphere-field	0x7540b0	0x754a83	0x169c278	twilight
classic	sphere-field	0x7540b0	0x754a98	0x169c2dc	valor
classic	sphere-field	0x7540b0	0x754aad	0x169c2e8	victory
classic	sphere-field	0x7540b0	0x754ac2	0x169c2f0	volcanos
classic	sphere-field	0x7540b0	0x754ad7	0x1644b7c	war
classic	sphere-field	0x7540b0	0x754aec	0x16467a4	water
classic	sphere-field	0x7540b0	0x754b01	0x169c2fc	wealth
classic	sphere-field	0x7540b0	0x754b16	0x166fd20	weather
classic	sphere-field	0x7540b0	0x754b2b	0x169c304	wind
classic	sphere-field	0x7540b0	0x754b40	0x169c30c	wisdom
classic	sphere-field	0x7540b0	0x754b55	0x15e8cc0	writing
classic	sphere-field	0x7540b0	0x754b6a	0x169c314	youth
classic	sphere-field	0x7540b0	0x754b7f	0x169c1e0	no sphere
classic	structure-field	0xb910d0	0xb91138	0x16da548	[LPAGE:AB:
classic	structure-field	0xb910d0	0xb9115b	0x1613404	:
classic	structure-field	0xb910d0	0xb9117b	0x15f8664	]
classic	structure-field	0xb910d0	0xb9120e	0x15f8b50	[/LPAGE]
classic	structure-field	0xb910d0	0xb91295	0x165e8a8	a counting house
classic	structure-field	0xb910d0	0xb912a7	0x165e878	a hospital
classic	structure-field	0xb910d0	0xb912b9	0x1623cc0	a guildhall
classic	structure-field	0xb910d0	0xb912cb	0x165e888	a mead hall
classic	structure-field	0xb910d0	0xb912dd	0x165e860	a keep
classic	structure-field	0xb910d0	0xb912ef	0x1623c98	a temple
classic	structure-field	0xb910d0	0xb91301	0x165e868	a library
classic	structure-field	0xb910d0	0xb91313	0x165e848	a tavern
classic	structure-field	0xb910d0	0xb91325	0x166dc18	a dark tower
classic	structure-field	0xb910d0	0xb91331	0x165e808	an underworld spire
classic	structure-field	0xb910d0	0xb91340	0x165e830	a market
classic	structure-field	0xb910d0	0xb9134f	0x165e83c	a tomb
classic	structure-field	0xb910d0	0xb91373	0x165e7f8	the catacombs
classic	structure-field	0xb910d0	0xb91382	0x165e7e8	the sewers
classic	structure-field	0xb910d0	0xb91391	0x165e820	a dungeon
classic	structure-field	0xb910d0	0xb913a0	0x165e858	a tower
classic	structure-field	0xb910d0	0xb913a9	0x16da558	an unknown building
classic	structure-field	0xb910d0	0xb913c8	0x15f8b50	[/LPAGE]
classic	structure-field	0xb910d0	0xb913d7	0x16da558	an unknown building
classic	entity-field	0xb8f940	0xb8f9aa	0x16592f8	[LPAGE:ENT:
classic	entity-field	0xb8f940	0xb8f9ca	0x15f8664	]
classic	entity-field	0xb8f940	0xb8fa34	0x15f8b50	[/LPAGE]
classic	entity-field	0xb8f940	0xb8fa8c	0x16da720	an unknown civilization
classic	figure-field	0xb8ff50	0xb8ffca	0x16da770	interrogator
classic	figure-field	0xb8ff50	0xb8ffe1	0x166fb90	subject
classic	figure-field	0xb8ff50	0xb900b3	0x1623ec0	Nameless
classic	figure-field	0xb8ff50	0xb9014e	0x16da750	an unidentified creature
classic	figure-field	0xb8ff50	0xb90173	0x15f8b40	[LPAGE:HF:
classic	figure-field	0xb8ff50	0xb90193	0x15f8664	]
classic	figure-field	0xb8ff50	0xb9029d	0x165df6c	myself
classic	figure-field	0xb8ff50	0xb902a6	0x165df70	lf
classic	figure-field	0xb8ff50	0xb9035b	0x15e3e34	the 
classic	figure-field	0xb8ff50	0xb9037f	0x16789f8	zombie 
classic	figure-field	0xb8ff50	0xb903b7	0x15f8b70	ghostly 
classic	figure-field	0xb8ff50	0xb904d9	0x15e3720	 
classic	figure-field	0xb8ff50	0xb90508	0x15e3720	 
classic	figure-field	0xb8ff50	0xb90591	0x15e4548	 the 
classic	figure-field	0xb8ff50	0xb905b5	0x16789f8	zombie 
classic	figure-field	0xb8ff50	0xb905ed	0x15f8b70	ghostly 
classic	figure-field	0xb8ff50	0xb9070d	0x15e3720	 
classic	figure-field	0xb8ff50	0xb9078e	0x15e8618	a 
classic	figure-field	0xb8ff50	0xb90795	0x15e3e34	the 
classic	figure-field	0xb8ff50	0xb907bd	0x16789f8	zombie 
classic	figure-field	0xb8ff50	0xb907f5	0x15f8b70	ghostly 
classic	figure-field	0xb8ff50	0xb9085c	0x15e3720	 
classic	figure-field	0xb8ff50	0xb908a7	0x15e4214	's
classic	figure-field	0xb8ff50	0xb908c6	0x15f8b50	[/LPAGE]
classic	figure-field	0xb8ff50	0xb9091c	0x165ed98	an unknown creature
classic	figure-field	0xb8ff50	0xb90932	0x15e4214	's
classic	language-name	0xa91760	0xa91923	0x15e3720	 
classic	language-name	0xa91760	0xa919de	0x15e3720	 
classic	language-name	0xa91760	0xa91abb	0x15e3720	 
classic	language-name	0xa91760	0xa91add	0x15e89c4	The 
classic	language-name	0xa91760	0xa91af8	0x15e3e34	the 
classic	language-name	0xa91760	0xa91b72	0x15e3720	 
classic	language-name	0xa91760	0xa91b91	0x15e89c4	The 
classic	language-name	0xa91760	0xa91b9a	0x15e3e34	the 
classic	language-name	0xa91760	0xa91c1a	0x15e3720	 
classic	language-name	0xa91760	0xa91c39	0x15e89c4	The 
classic	language-name	0xa91760	0xa91c42	0x15e3e34	the 
classic	language-name	0xa91760	0xa91d9f	0x15e3720	 
classic	language-name	0xa91760	0xa91dcb	0x15e89c4	The 
classic	language-name	0xa91760	0xa91de2	0x15e3e34	the 
classic	language-name	0xa91760	0xa91e89	0x15e3720	 
classic	language-name	0xa91760	0xa91e98	0x16cb220	of 
classic	language-name	0xa91760	0xa91e9f	0x16cb2ac	Of 
classic	cache-lines-wrap	0x8e4cb0	0x8e4dd7	0x15e3720	 
classic	site-type-field	0x10c6dc0	0x10c6e15	0x1647468	fortress
classic	site-type-field	0x10c6dc0	0x10c6e2c	0x17441c0	mountain halls
classic	site-type-field	0x10c6dc0	0x10c6e41	0x1744308	hillocks
classic	site-type-field	0x10c6dc0	0x10c6e73	0x1744300	pits
classic	site-type-field	0x10c6dc0	0x10c6e7d	0x1647468	fortress
classic	site-type-field	0x10c6dc0	0x10c6e98	0x1647414	cave
classic	site-type-field	0x10c6dc0	0x10c6ead	0x17442f0	forest retreat
classic	site-type-field	0x10c6dc0	0x10c6edf	0x17442e4	hamlet
classic	site-type-field	0x10c6dc0	0x10c6ee9	0x1641918	town
classic	site-type-field	0x10c6dc0	0x10c6f2b	0x1627ebc	shrine
classic	site-type-field	0x10c6dc0	0x10c6f40	0x17442d8	labyrinth
classic	site-type-field	0x10c6dc0	0x10c6f55	0x1671674	lair
classic	site-type-field	0x10c6dc0	0x10c6f8c	0x17442bc	castle
classic	site-type-field	0x10c6dc0	0x10c6fa1	0x16148bc	fort
classic	site-type-field	0x10c6dc0	0x10c6fb6	0x17442c8	monastery
classic	site-type-field	0x10c6dc0	0x10c6fcb	0x170d454	tower
classic	site-type-field	0x10c6dc0	0x10c700d	0x17442a8	mysterious palace
classic	site-type-field	0x10c6dc0	0x10c7027	0x17443c0	mysterious dungeon
classic	site-type-field	0x10c6dc0	0x10c703c	0x17443b0	mysterious lair
classic	site-type-field	0x10c6dc0	0x10c7051	0x1742290	vault
classic	site-type-field	0x10c6dc0	0x10c7066	0x162aa88	tomb
classic	site-type-field	0x10c6dc0	0x10c7081	0x17443a0	monument
classic	site-type-field	0x10c6dc0	0x10c7090	0x1744394	camp
classic	site-type-field	0x10c6dc0	0x10c70a5	0x1744380	important location
classic	site-type-field	0x10c6dc0	0x10c70ba	0x1670168	site
classic	faith-render-path	0x62a5b4	0x62a688	0x165c788	Believe
classic	faith-render-path	0x62a5b4	0x62a74a	0x165c790	Doubt
classic	faith-render-path	0x62a5b4	0x62aa68	0x15fa7dc	None
classic	faith-render-path	0x62a5b4	0x62aaee	0x15e78d0	Religion
classic	faith-render-path	0x62a5b4	0x62af1d	0x165c798	 with temple
classic	faith-render-path	0x62a5b4	0x62af3e	0x165c678	 with ruined temple
classic	faith-render-path	0x62a5b4	0x62af91	0x15faf9c	Deity
classic	faith-render-path	0x62a5b4	0x62afc8	0x15e7fc0	Force
classic	faith-render-path	0x62a5b4	0x62afe0	0x15faf88	Object of worship
classic	faith-render-path	0x62a5b4	0x62aff8	0x15faf88	Object of worship
