edition	role	owner_rva	instruction_rva	call_kind	target_rva_or_operand
reference	owner	0x63dd90	0x63de05	direct	0xbb9b0
reference	owner	0x63dd90	0x63dea3	direct	0xa946e0
reference	owner	0x63dd90	0x63debe	direct	0x6fa10
reference	owner	0x63dd90	0x63ded0	direct	0x6fa10
reference	owner	0x63dd90	0x63df52	direct	0x707d0
reference	owner	0x63dd90	0x63dfa1	direct	0x1539680
reference	owner	0x63dd90	0x63dfc5	direct	0x6fa10
reference	owner	0x63dd90	0x63dfdb	direct	0x6fa10
reference	owner	0x63dd90	0x63dff2	direct	0x9b4e70
reference	owner	0x63dd90	0x63e003	direct	0x93ce30
reference	owner	0x63dd90	0x63e089	direct	0x6f8d0
reference	owner	0x63dd90	0x63e0a7	direct	0x6fa10
reference	owner	0x63dd90	0x63e123	direct	0x707d0
reference	owner	0x63dd90	0x63e146	direct	0x153aa78
reference	owner	0x63dd90	0x63e17a	direct	0x1539680
reference	owner	0x63dd90	0x63e181	indirect	call   QWORD PTR [rip+0xfa79a1]        # 0x1415e5b28
reference	owner	0x63dd90	0x63e18c	direct	0x153aa78
reference	owner	0x63dd90	0x63e1d4	indirect	call   QWORD PTR [rip+0xfa794e]        # 0x1415e5b28
reference	owner	0x63dd90	0x63e1db	direct	0x1539680
reference	owner	0x63dd90	0x63e1e7	direct	0x10cbe50
reference	owner	0x63dd90	0x63e202	direct	0x6fa10
reference	owner	0x63dd90	0x63e215	direct	0x6fa10
reference	owner	0x63dd90	0x63e361	direct	0x6fa10
reference	owner	0x63dd90	0x63e369	direct	0x9b4e70
reference	owner	0x63dd90	0x63e387	direct	0x6fa10
reference	owner	0x63dd90	0x63e397	direct	0xb92900
reference	owner	0x63dd90	0x63e3ad	direct	0x6fa10
reference	owner	0x63dd90	0x63e3e5	indirect	call   QWORD PTR [rip+0xfa773d]        # 0x1415e5b28
reference	owner	0x63dd90	0x63e3ec	direct	0x1539680
reference	owner	0x63dd90	0x63e462	direct	0xb92900
reference	owner	0x63dd90	0x63e478	direct	0x6fa10
reference	owner	0x63dd90	0x63e4b8	direct	0xba0a0
reference	owner	0x63dd90	0x63e56b	direct	0x6fa10
reference	owner	0x63dd90	0x63e60d	direct	0xa946e0
reference	owner	0x63dd90	0x63e628	direct	0x6fa10
reference	owner	0x63dd90	0x63e67b	direct	0x6fa10
reference	owner	0x63dd90	0x63e68d	direct	0x5c3760
reference	owner	0x63dd90	0x63e6af	direct	0x6fa10
reference	owner	0x63dd90	0x63e6d8	direct	0xa946e0
reference	owner	0x63dd90	0x63e6f3	direct	0x6fa10
reference	owner	0x63dd90	0x63e737	indirect	call   QWORD PTR [rip+0xfa73eb]        # 0x1415e5b28
reference	owner	0x63dd90	0x63e766	direct	0x6fa10
reference	owner	0x63dd90	0x63e79b	direct	0xaa3770
reference	owner	0x63dd90	0x63e7b6	direct	0x6fa10
reference	owner	0x63dd90	0x63e7cc	direct	0x6fa10
reference	owner	0x63dd90	0x63e7d6	direct	0x6f850
reference	owner	0x63dd90	0x63e815	direct	0x6fa10
reference	owner	0x63dd90	0x63e854	direct	0x6fa10
reference	owner	0x63dd90	0x63e8a5	direct	0x756500
reference	owner	0x63dd90	0x63e8c0	direct	0x6fa10
reference	owner	0x63dd90	0x63e8dc	direct	0x6fa10
reference	owner	0x63dd90	0x63e8eb	direct	0x6f850
reference	owner	0x63dd90	0x63e90c	direct	0x6fa10
reference	owner	0x63dd90	0x63e944	direct	0x6fa10
reference	owner	0x63dd90	0x63e9ea	direct	0x6f8d0
reference	owner	0x63dd90	0x63ea41	direct	0x6f8d0
reference	owner	0x63dd90	0x63ea51	direct	0x6fa10
reference	owner	0x63dd90	0x63ea89	indirect	call   QWORD PTR [rip+0xfa7099]        # 0x1415e5b28
reference	owner	0x63dd90	0x63ea90	direct	0x1539680
reference	owner	0x63dd90	0x63eaa6	direct	0x6fa10
reference	owner	0x63dd90	0x63eab0	direct	0x6f850
reference	owner	0x63dd90	0x63eb58	indirect	call   QWORD PTR [rax]
reference	owner	0x63dd90	0x63eb69	indirect	call   QWORD PTR [rax+0x38]
reference	owner	0x63dd90	0x63ebaf	direct	0x1539690
reference	owner	0x63dd90	0x63ebeb	direct	0x6f8d0
reference	owner	0x63dd90	0x63ebfa	direct	0xbad30
reference	owner	0x63dd90	0x63ec10	direct	0x8e7440
reference	owner	0x63dd90	0x63ec42	direct	0x6f850
reference	owner	0x63dd90	0x63ec4f	direct	0x1539680
reference	owner	0x63dd90	0x63ec60	direct	0x153ae1a
reference	owner	0x63dd90	0x63ec82	direct	0x66b70
reference	owner	0x63dd90	0x63ec90	direct	0x1539690
reference	owner	0x63dd90	0x63ecbe	direct	0x6f8d0
reference	owner	0x63dd90	0x63eceb	direct	0xbad30
reference	owner	0x63dd90	0x63ed1f	direct	0x153ae1a
reference	owner	0x63dd90	0x63ed5d	direct	0x707d0
reference	owner	0x63dd90	0x63edb2	direct	0x1539680
reference	owner	0x63dd90	0x63edd4	direct	0xb94090
reference	owner	0x63dd90	0x63edea	direct	0x6fa10
reference	owner	0x63dd90	0x63ee15	direct	0x1539690
reference	owner	0x63dd90	0x63ee51	direct	0x6f8d0
reference	owner	0x63dd90	0x63ee60	direct	0xbad30
reference	owner	0x63dd90	0x63ee76	direct	0x8e7440
reference	owner	0x63dd90	0x63eeab	direct	0x6f850
reference	owner	0x63dd90	0x63eeb8	direct	0x1539680
reference	owner	0x63dd90	0x63eec9	direct	0x153ae1a
reference	owner	0x63dd90	0x63eeea	direct	0x66b70
reference	owner	0x63dd90	0x63eef8	direct	0x1539690
reference	owner	0x63dd90	0x63ef26	direct	0x6f8d0
reference	owner	0x63dd90	0x63ef53	direct	0xbad30
reference	owner	0x63dd90	0x63ef85	direct	0x153ae1a
reference	owner	0x63dd90	0x63efc3	direct	0x707d0
reference	owner	0x63dd90	0x63f02a	indirect	call   QWORD PTR [rip+0xfa6af8]        # 0x1415e5b28
reference	owner	0x63dd90	0x63f031	direct	0x1539680
reference	owner	0x63dd90	0x63f054	direct	0xb94090
reference	owner	0x63dd90	0x63f06a	direct	0x6fa10
reference	owner	0x63dd90	0x63f086	direct	0x8e7310
reference	owner	0x63dd90	0x63f090	direct	0x6f850
reference	owner	0x63dd90	0x63f09c	direct	0x1539660
reference	owner	0x63dd90	0x63f0c2	direct	0x65890
reference	domain-field	0x756500	0x756572	direct	0x6f8d0
reference	domain-field	0x756500	0x756595	direct	0x756690
reference	domain-field	0x756500	0x7565b3	direct	0x6fa10
reference	domain-field	0x756500	0x7565ed	indirect	call   QWORD PTR [rip+0xe8f535]        # 0x1415e5b28
reference	domain-field	0x756500	0x7565f4	direct	0x1539680
reference	domain-field	0x756500	0x756601	direct	0x1539660
reference	force-place-field	0x5c3760	0x5c37d2	direct	0xbabe0
reference	caste-field	0xaa3770	0xaa380d	direct	0x6f8d0
reference	caste-field	0xaa3770	0xaa3858	direct	0x6f8d0
reference	structure-field	0xb94090	0xb940bb	direct	0x7db20
reference	structure-field	0xb94090	0xb940d5	direct	0x6ff00
reference	structure-field	0xb94090	0xb94102	direct	0x6fa10
reference	structure-field	0xb94090	0xb94110	direct	0x52c130
reference	structure-field	0xb94090	0xb94125	direct	0x6fa10
reference	structure-field	0xb94090	0xb94130	direct	0x52c130
reference	structure-field	0xb94090	0xb94145	direct	0x6fa10
reference	structure-field	0xb94090	0xb9415e	indirect	call   QWORD PTR [rax+0x10]
reference	structure-field	0xb94090	0xb941a1	direct	0xa946e0
reference	structure-field	0xb94090	0xb941bf	direct	0x6fa10
reference	structure-field	0xb94090	0xb941d8	direct	0x6fa10
reference	structure-field	0xb94090	0xb94216	indirect	call   QWORD PTR [rip+0xa5190c]        # 0x1415e5b28
reference	structure-field	0xb94090	0xb9421d	direct	0x1539680
reference	structure-field	0xb94090	0xb9422d	indirect	call   QWORD PTR [rax]
reference	structure-field	0xb94090	0xb94379	direct	0x6fa10
reference	structure-field	0xb94090	0xb943a1	direct	0x6fa10
reference	structure-field	0xb94090	0xb943ae	direct	0x1539660
reference	entity-field	0xb92900	0xb9294a	direct	0xba0a0
reference	entity-field	0xb92900	0xb92974	direct	0x6fa10
reference	entity-field	0xb92900	0xb9297f	direct	0x52c130
reference	entity-field	0xb92900	0xb92994	direct	0x6fa10
reference	entity-field	0xb92900	0xb929c7	direct	0xa946e0
reference	entity-field	0xb92900	0xb929e5	direct	0x6fa10
reference	entity-field	0xb92900	0xb929fe	direct	0x6fa10
reference	entity-field	0xb92900	0xb92a38	indirect	call   QWORD PTR [rip+0xa530ea]        # 0x1415e5b28
reference	entity-field	0xb92900	0xb92a3f	direct	0x1539680
reference	entity-field	0xb92900	0xb92a56	direct	0x6fa10
reference	entity-field	0xb92900	0xb92a63	direct	0x1539660
reference	figure-field	0xb92f10	0xb92f52	direct	0x67dc0
reference	figure-field	0xb92f10	0xb92fb3	direct	0xb9dc0
reference	figure-field	0xb92f10	0xb93003	direct	0xa946e0
reference	figure-field	0xb92f10	0xb9301f	direct	0x6fa10
reference	figure-field	0xb92f10	0xb9305c	indirect	call   QWORD PTR [rip+0xa52ac6]        # 0x1415e5b28
reference	figure-field	0xb92f10	0xb93063	direct	0x1539680
reference	figure-field	0xb92f10	0xb930a2	direct	0x72570
reference	figure-field	0xb92f10	0xb930dd	direct	0xa946e0
reference	figure-field	0xb92f10	0xb930f9	direct	0x6fa10
reference	figure-field	0xb92f10	0xb93104	direct	0x6f850
reference	figure-field	0xb92f10	0xb9313d	direct	0x6fa10
reference	figure-field	0xb92f10	0xb9314b	direct	0x52c130
reference	figure-field	0xb92f10	0xb9315d	direct	0x6fa10
reference	figure-field	0xb92f10	0xb9318a	direct	0x67dc0
reference	figure-field	0xb92f10	0xb93199	direct	0x67dc0
reference	figure-field	0xb92f10	0xb9329a	direct	0x6fa10
reference	figure-field	0xb92f10	0xb932c2	direct	0x6fa10
reference	figure-field	0xb92f10	0xb932e0	direct	0x6fa10
reference	figure-field	0xb92f10	0xb93325	direct	0x6fa10
reference	figure-field	0xb92f10	0xb93349	direct	0x6fa10
reference	figure-field	0xb92f10	0xb93381	direct	0x6fa10
reference	figure-field	0xb92f10	0xb93416	direct	0x6f8d0
reference	figure-field	0xb92f10	0xb93469	direct	0x6f8d0
reference	figure-field	0xb92f10	0xb93483	direct	0x6fa10
reference	figure-field	0xb92f10	0xb934a3	direct	0x6fa10
reference	figure-field	0xb92f10	0xb934c0	direct	0x6fa10
reference	figure-field	0xb92f10	0xb934d2	direct	0x6fa10
reference	figure-field	0xb92f10	0xb934dc	direct	0x6f850
reference	figure-field	0xb92f10	0xb93504	direct	0xa946e0
reference	figure-field	0xb92f10	0xb9351e	direct	0x6fa10
reference	figure-field	0xb92f10	0xb9355b	direct	0x6fa10
reference	figure-field	0xb92f10	0xb9357f	direct	0x6fa10
reference	figure-field	0xb92f10	0xb935b7	direct	0x6fa10
reference	figure-field	0xb92f10	0xb93648	direct	0x6f8d0
reference	figure-field	0xb92f10	0xb9369a	direct	0x6f8d0
reference	figure-field	0xb92f10	0xb936b7	direct	0x6fa10
reference	figure-field	0xb92f10	0xb936d7	direct	0x6fa10
reference	figure-field	0xb92f10	0xb936f4	direct	0x6fa10
reference	figure-field	0xb92f10	0xb93730	indirect	call   QWORD PTR [rip+0xa523f2]        # 0x1415e5b28
reference	figure-field	0xb92f10	0xb93737	direct	0x1539680
reference	figure-field	0xb92f10	0xb93763	direct	0x6fa10
reference	figure-field	0xb92f10	0xb93787	direct	0x6fa10
reference	figure-field	0xb92f10	0xb937bf	direct	0x6fa10
reference	figure-field	0xb92f10	0xb937ea	direct	0xaa3bd0
reference	figure-field	0xb92f10	0xb93806	direct	0x6fa10
reference	figure-field	0xb92f10	0xb93826	direct	0x6fa10
reference	figure-field	0xb92f10	0xb93843	direct	0x6fa10
reference	figure-field	0xb92f10	0xb9384e	direct	0x6f850
reference	figure-field	0xb92f10	0xb93871	direct	0x6fa10
reference	figure-field	0xb92f10	0xb93890	direct	0x6fa10
reference	figure-field	0xb92f10	0xb938c8	indirect	call   QWORD PTR [rip+0xa5225a]        # 0x1415e5b28
reference	figure-field	0xb92f10	0xb938cf	direct	0x1539680
reference	figure-field	0xb92f10	0xb938e6	direct	0x6fa10
reference	figure-field	0xb92f10	0xb93902	direct	0x6fa10
reference	figure-field	0xb92f10	0xb9390e	direct	0x1539660
reference	language-name	0xa946e0	0xa9477e	direct	0xb9b80
reference	language-name	0xa946e0	0xa94798	direct	0x6fa10
reference	language-name	0xa946e0	0xa947a2	direct	0xb9b80
reference	language-name	0xa946e0	0xa94816	direct	0x707d0
reference	language-name	0xa946e0	0xa94834	direct	0x153aa78
reference	language-name	0xa946e0	0xa94844	direct	0x52d3c0
reference	language-name	0xa946e0	0xa94867	direct	0x6fa10
reference	language-name	0xa946e0	0xa94874	direct	0x6f850
reference	language-name	0xa946e0	0xa948ad	direct	0x6fa10
reference	language-name	0xa946e0	0xa948b7	direct	0xb9b80
reference	language-name	0xa946e0	0xa948d1	direct	0x6fa10
reference	language-name	0xa946e0	0xa948db	direct	0xb9b80
reference	language-name	0xa946e0	0xa94934	direct	0xd2cb50
reference	language-name	0xa946e0	0xa94948	direct	0xd2cb50
reference	language-name	0xa946e0	0xa94968	direct	0x6fa10
reference	language-name	0xa946e0	0xa94976	direct	0x52d3c0
reference	language-name	0xa946e0	0xa94990	direct	0x6fa10
reference	language-name	0xa946e0	0xa949c9	indirect	call   QWORD PTR [rip+0xb51159]        # 0x1415e5b28
reference	language-name	0xa946e0	0xa949d0	direct	0x1539680
reference	language-name	0xa946e0	0xa94a21	direct	0xd2cb50
reference	language-name	0xa946e0	0xa94a45	direct	0x6fa10
reference	language-name	0xa946e0	0xa94a67	direct	0x6fa10
reference	language-name	0xa946e0	0xa94a82	direct	0x6fa10
reference	language-name	0xa946e0	0xa94a93	direct	0x52d3c0
reference	language-name	0xa946e0	0xa94aad	direct	0x6fa10
reference	language-name	0xa946e0	0xa94ad8	direct	0xd2cb50
reference	language-name	0xa946e0	0xa94afc	direct	0x6fa10
reference	language-name	0xa946e0	0xa94b2a	direct	0x6fa10
reference	language-name	0xa946e0	0xa94b3b	direct	0x52d3c0
reference	language-name	0xa946e0	0xa94b55	direct	0x6fa10
reference	language-name	0xa946e0	0xa94b80	direct	0xd2cb50
reference	language-name	0xa946e0	0xa94ba4	direct	0x6fa10
reference	language-name	0xa946e0	0xa94bd2	direct	0x6fa10
reference	language-name	0xa946e0	0xa94be3	direct	0x52d3c0
reference	language-name	0xa946e0	0xa94c53	direct	0x707d0
reference	language-name	0xa946e0	0xa94c74	direct	0x153aa78
reference	language-name	0xa946e0	0xa94c98	direct	0x6fa10
reference	language-name	0xa946e0	0xa94cd0	indirect	call   QWORD PTR [rip+0xb50e52]        # 0x1415e5b28
reference	language-name	0xa946e0	0xa94cd7	direct	0x1539680
reference	language-name	0xa946e0	0xa94d05	direct	0xd2cb50
reference	language-name	0xa946e0	0xa94d29	direct	0x6fa10
reference	language-name	0xa946e0	0xa94d55	direct	0x6fa10
reference	language-name	0xa946e0	0xa94d6c	direct	0x6fa10
reference	language-name	0xa946e0	0xa94d7a	direct	0x52d3c0
reference	language-name	0xa946e0	0xa94d94	direct	0x6fa10
reference	language-name	0xa946e0	0xa94da6	direct	0x6f850
reference	language-name	0xa946e0	0xa94df3	direct	0xd2cb50
reference	language-name	0xa946e0	0xa94e13	direct	0x6fa10
reference	language-name	0xa946e0	0xa94e38	direct	0x6fa10
reference	language-name	0xa946e0	0xa94e46	direct	0x52d3c0
reference	language-name	0xa946e0	0xa94e60	direct	0x6fa10
reference	language-name	0xa946e0	0xa94e6a	direct	0x6f850
reference	language-name	0xa946e0	0xa94e76	direct	0x1539660
reference	language-name	0xa946e0	0xa94e96	direct	0x65890
reference	language-name	0xa946e0	0xa94e9c	direct	0x65890
reference	cache-wrap	0x8e7310	0x8e7349	direct	0x1539690
reference	cache-wrap	0x8e7310	0x8e7381	direct	0x6f8d0
reference	cache-wrap	0x8e7310	0x8e7392	direct	0xbad30
reference	cache-wrap	0x8e7310	0x8e73a2	direct	0x8e7440
reference	cache-wrap	0x8e7310	0x8e73db	direct	0x6f850
reference	cache-wrap	0x8e7310	0x8e73e8	direct	0x1539680
reference	cache-wrap	0x8e7310	0x8e73f9	direct	0x153ae1a
reference	cache-wrap	0x8e7310	0x8e7419	direct	0x66b70
reference	cache-lines-wrap	0x8e7440	0x8e74fa	direct	0xb9b80
reference	cache-lines-wrap	0x8e7440	0x8e756e	direct	0x4f0930
reference	cache-lines-wrap	0x8e7440	0x8e75a5	direct	0xe12b0
reference	cache-lines-wrap	0x8e7440	0x8e75af	direct	0x1539690
reference	cache-lines-wrap	0x8e7440	0x8e75f2	direct	0x6f8d0
reference	cache-lines-wrap	0x8e7440	0x8e7612	direct	0xbad30
reference	cache-lines-wrap	0x8e7440	0x8e7681	direct	0x1539690
reference	cache-lines-wrap	0x8e7440	0x8e76c3	direct	0x6f8d0
reference	cache-lines-wrap	0x8e7440	0x8e76e3	direct	0xbad30
reference	cache-lines-wrap	0x8e7440	0x8e76ed	direct	0x6f850
reference	cache-lines-wrap	0x8e7440	0x8e76f9	direct	0x1539660
reference	faith-render-path	0x62cb94	0x62cbf9	direct	0xbb120
reference	faith-render-path	0x62cb94	0x62cc17	direct	0xadaad0
reference	faith-render-path	0x62cb94	0x62cc54	direct	0xbb130
reference	faith-render-path	0x62cb94	0x62cc63	direct	0xbb120
reference	faith-render-path	0x62cb94	0x62cc76	direct	0x68150
reference	faith-render-path	0x62cb94	0x62cc8c	direct	0xad9960
reference	faith-render-path	0x62cb94	0x62cc99	direct	0x67e30
reference	faith-render-path	0x62cb94	0x62ccc8	direct	0xbb120
reference	faith-render-path	0x62cb94	0x62cce6	direct	0xadaad0
reference	faith-render-path	0x62cb94	0x62cd16	direct	0xbb130
reference	faith-render-path	0x62cb94	0x62cd25	direct	0xbb120
reference	faith-render-path	0x62cb94	0x62cd38	direct	0x68150
reference	faith-render-path	0x62cb94	0x62cd4e	direct	0xad9960
reference	faith-render-path	0x62cb94	0x62cd5b	direct	0x67e30
reference	faith-render-path	0x62cb94	0x62cd98	direct	0x6f370
reference	faith-render-path	0x62cb94	0x62cdfb	direct	0x6f360
reference	faith-render-path	0x62cb94	0x62ce1e	direct	0x6f360
reference	faith-render-path	0x62cb94	0x62ce3f	direct	0x6f360
reference	faith-render-path	0x62cb94	0x62ce92	direct	0xbb130
reference	faith-render-path	0x62cb94	0x62cecf	direct	0xbb120
reference	faith-render-path	0x62cb94	0x62cf16	direct	0xadaad0
reference	faith-render-path	0x62cb94	0x62cf24	direct	0x71f90
reference	faith-render-path	0x62cb94	0x62cf39	direct	0xbb190
reference	faith-render-path	0x62cb94	0x62cf83	direct	0xbb130
reference	faith-render-path	0x62cb94	0x62cf93	direct	0xbb120
reference	faith-render-path	0x62cb94	0x62cf9f	direct	0x6f690
reference	faith-render-path	0x62cb94	0x62cfaf	direct	0x6f360
reference	faith-render-path	0x62cb94	0x62cfdb	direct	0x6f360
reference	faith-render-path	0x62cb94	0x62cff4	direct	0xb92900
reference	faith-render-path	0x62cb94	0x62d002	direct	0x72080
reference	faith-render-path	0x62cb94	0x62d016	direct	0x6f360
reference	faith-render-path	0x62cb94	0x62d041	direct	0xb92f10
reference	faith-render-path	0x62cb94	0x62d056	direct	0x6f580
reference	faith-render-path	0x62cb94	0x62d066	direct	0x52d650
reference	faith-render-path	0x62cb94	0x62d07b	direct	0xad9960
reference	faith-render-path	0x62cb94	0x62d086	direct	0x6f360
reference	faith-render-path	0x62cb94	0x62d09e	direct	0xbb120
reference	faith-render-path	0x62cb94	0x62d0aa	direct	0x6f690
reference	faith-render-path	0x62cb94	0x62d0b6	direct	0x6f360
reference	faith-render-path	0x62cb94	0x62d0dc	direct	0x6f580
reference	faith-render-path	0x62cb94	0x62d0ec	direct	0x6f360
reference	faith-render-path	0x62cb94	0x62d0fa	direct	0x7daf0
reference	faith-render-path	0x62cb94	0x62d11a	direct	0x6f240
reference	faith-render-path	0x62cb94	0x62d12e	direct	0x6f230
reference	faith-render-path	0x62cb94	0x62d141	direct	0xb9970
reference	faith-render-path	0x62cb94	0x62d157	direct	0x6ee10
reference	faith-render-path	0x62cb94	0x62d17a	direct	0x6ee00
reference	faith-render-path	0x62cb94	0x62d18d	direct	0xb9970
reference	faith-render-path	0x62cb94	0x62d1af	direct	0x6f330
reference	faith-render-path	0x62cb94	0x62d1d3	direct	0xe1230
reference	faith-render-path	0x62cb94	0x62d1e8	direct	0xfb540
reference	faith-render-path	0x62cb94	0x62d1fd	direct	0xfb540
reference	faith-render-path	0x62cb94	0x62d212	direct	0xfb540
reference	faith-render-path	0x62cb94	0x62d231	direct	0xad9960
reference	faith-render-path	0x62cb94	0x62d23e	direct	0x67e30
reference	faith-render-path	0x62cb94	0x62d278	direct	0x63dd90
reference	faith-render-path	0x62cb94	0x62d291	direct	0x67e30
reference	faith-render-path	0x62cb94	0x62d2c7	direct	0xbb360
reference	faith-render-path	0x62cb94	0x62d2f5	direct	0xbb380
reference	faith-render-path	0x62cb94	0x62d31e	direct	0x140f4d0
reference	faith-render-path	0x62cb94	0x62d334	direct	0x6ee50
reference	faith-render-path	0x62cb94	0x62d352	direct	0x6ee50
reference	faith-render-path	0x62cb94	0x62d3a9	direct	0xbb120
reference	faith-render-path	0x62cb94	0x62d3b6	direct	0xbb190
reference	faith-render-path	0x62cb94	0x62d3e9	direct	0x6f240
reference	faith-render-path	0x62cb94	0x62d3fc	direct	0x6f230
reference	faith-render-path	0x62cb94	0x62d410	direct	0x6ee20
reference	faith-render-path	0x62cb94	0x62d41a	direct	0x657b0
reference	faith-render-path	0x62cb94	0x62d434	direct	0x6ee10
reference	faith-render-path	0x62cb94	0x62d443	direct	0x71f90
reference	faith-render-path	0x62cb94	0x62d450	direct	0x6ee10
reference	faith-render-path	0x62cb94	0x62d45e	direct	0x71f90
reference	faith-render-path	0x62cb94	0x62d46a	direct	0x6ee10
reference	faith-render-path	0x62cb94	0x62d47b	direct	0x71f90
reference	faith-render-path	0x62cb94	0x62d48a	direct	0x6ee10
reference	faith-render-path	0x62cb94	0x62d495	indirect	call   QWORD PTR [rax]
reference	faith-render-path	0x62cb94	0x62d4a1	direct	0x6ee10
reference	faith-render-path	0x62cb94	0x62d4af	indirect	call   QWORD PTR [rax+0x38]
reference	faith-render-path	0x62cb94	0x62d4c9	direct	0x6ee00
reference	faith-render-path	0x62cb94	0x62d4dd	direct	0x6ee20
reference	faith-render-path	0x62cb94	0x62d4e7	direct	0x657b0
reference	faith-render-path	0x62cb94	0x62d50b	direct	0x6f560
reference	faith-render-path	0x62cb94	0x62d52c	direct	0x6f560
reference	faith-render-path	0x62cb94	0x62d541	direct	0x6f360
reference	faith-render-path	0x62cb94	0x62d54f	direct	0x67dc0
reference	faith-render-path	0x62cb94	0x62d568	direct	0x71f90
reference	faith-render-path	0x62cb94	0x62d57f	direct	0x6f580
reference	faith-render-path	0x62cb94	0x62d598	direct	0x71f90
reference	faith-render-path	0x62cb94	0x62d5af	direct	0x6f580
reference	faith-render-path	0x62cb94	0x62d5c7	direct	0x6f580
reference	faith-render-path	0x62cb94	0x62d5e6	direct	0x6f580
reference	faith-render-path	0x62cb94	0x62d64e	direct	0xadaad0
reference	faith-render-path	0x62cb94	0x62d683	direct	0xbb130
reference	faith-render-path	0x62cb94	0x62d69b	direct	0x6f240
reference	faith-render-path	0x62cb94	0x62d6af	direct	0x6f230
reference	faith-render-path	0x62cb94	0x62d6c6	direct	0x6ee20
reference	faith-render-path	0x62cb94	0x62d6d0	direct	0x657b0
reference	faith-render-path	0x62cb94	0x62d6ef	direct	0xbb120
reference	faith-render-path	0x62cb94	0x62d6fb	direct	0x6ee10
reference	faith-render-path	0x62cb94	0x62d70c	direct	0xad9960
reference	faith-render-path	0x62cb94	0x62d718	direct	0x6ee00
reference	faith-render-path	0x62cb94	0x62d732	direct	0x6ee20
reference	faith-render-path	0x62cb94	0x62d73c	direct	0x657b0
reference	faith-render-path	0x62cb94	0x62d75a	direct	0x7db20
reference	faith-render-path	0x62cb94	0x62d770	direct	0x6ee50
reference	faith-render-path	0x62cb94	0x62d792	direct	0x6f220
reference	faith-render-path	0x62cb94	0x62d7a6	direct	0x9b4e70
reference	faith-render-path	0x62cb94	0x62d7b7	direct	0x71f90
reference	faith-render-path	0x62cb94	0x62d7c7	direct	0xbbf90
reference	hometown-cache-caller	0x62c5d0	0x62c5dd	direct	0xfb540
reference	hometown-cache-caller	0x62c5d0	0x62c5f2	direct	0xfb540
reference	hometown-cache-caller	0x62c5d0	0x62c607	direct	0xfb540
reference	hometown-cache-caller	0x62c5d0	0x62c627	direct	0xad9960
reference	hometown-cache-caller	0x62c5d0	0x62c659	direct	0x63dd90
reference	hometown-cache-caller	0x62c5d0	0x62c670	direct	0x67e30
reference	hometown-cache-caller	0x62c5d0	0x62c67d	direct	0x67e30
reference	hometown-cache-caller	0x62c5d0	0x62c68a	direct	0x67e30
reference	hometown-cache-caller	0x62c5d0	0x62c6bd	direct	0xbb360
reference	hometown-cache-caller	0x62c5d0	0x62c6eb	direct	0xbb380
reference	hometown-cache-caller	0x62c5d0	0x62c714	direct	0x140f4d0
classic	owner	0x63b7b0	0x63b825	direct	0xbb940
classic	owner	0x63b7b0	0x63b8c3	direct	0xa91760
classic	owner	0x63b7b0	0x63b8de	direct	0x6f9a0
classic	owner	0x63b7b0	0x63b8f0	direct	0x6f9a0
classic	owner	0x63b7b0	0x63b972	direct	0x70760
classic	owner	0x63b7b0	0x63b9c1	direct	0x15345f0
classic	owner	0x63b7b0	0x63b9e5	direct	0x6f9a0
classic	owner	0x63b7b0	0x63b9fb	direct	0x6f9a0
classic	owner	0x63b7b0	0x63ba12	direct	0x9b26a0
classic	owner	0x63b7b0	0x63ba23	direct	0x93a660
classic	owner	0x63b7b0	0x63baa9	direct	0x6f860
classic	owner	0x63b7b0	0x63bac7	direct	0x6f9a0
classic	owner	0x63b7b0	0x63bb43	direct	0x70760
classic	owner	0x63b7b0	0x63bb66	direct	0x15359e8
classic	owner	0x63b7b0	0x63bb9a	direct	0x15345f0
classic	owner	0x63b7b0	0x63bba1	indirect	call   QWORD PTR [rip+0xfa4ef9]        # 0x1415e0aa0
classic	owner	0x63b7b0	0x63bbac	direct	0x15359e8
classic	owner	0x63b7b0	0x63bbf4	indirect	call   QWORD PTR [rip+0xfa4ea6]        # 0x1415e0aa0
classic	owner	0x63b7b0	0x63bbfb	direct	0x15345f0
classic	owner	0x63b7b0	0x63bc07	direct	0x10c6dc0
classic	owner	0x63b7b0	0x63bc22	direct	0x6f9a0
classic	owner	0x63b7b0	0x63bc35	direct	0x6f9a0
classic	owner	0x63b7b0	0x63bd81	direct	0x6f9a0
classic	owner	0x63b7b0	0x63bd89	direct	0x9b26a0
classic	owner	0x63b7b0	0x63bda7	direct	0x6f9a0
classic	owner	0x63b7b0	0x63bdb7	direct	0xb8f940
classic	owner	0x63b7b0	0x63bdcd	direct	0x6f9a0
classic	owner	0x63b7b0	0x63be05	indirect	call   QWORD PTR [rip+0xfa4c95]        # 0x1415e0aa0
classic	owner	0x63b7b0	0x63be0c	direct	0x15345f0
classic	owner	0x63b7b0	0x63be82	direct	0xb8f940
classic	owner	0x63b7b0	0x63be98	direct	0x6f9a0
classic	owner	0x63b7b0	0x63bed8	direct	0xba030
classic	owner	0x63b7b0	0x63bf8b	direct	0x6f9a0
classic	owner	0x63b7b0	0x63c02d	direct	0xa91760
classic	owner	0x63b7b0	0x63c048	direct	0x6f9a0
classic	owner	0x63b7b0	0x63c09b	direct	0x6f9a0
classic	owner	0x63b7b0	0x63c0ad	direct	0x5c1180
classic	owner	0x63b7b0	0x63c0cf	direct	0x6f9a0
classic	owner	0x63b7b0	0x63c0f8	direct	0xa91760
classic	owner	0x63b7b0	0x63c113	direct	0x6f9a0
classic	owner	0x63b7b0	0x63c157	indirect	call   QWORD PTR [rip+0xfa4943]        # 0x1415e0aa0
classic	owner	0x63b7b0	0x63c186	direct	0x6f9a0
classic	owner	0x63b7b0	0x63c1bb	direct	0xaa07f0
classic	owner	0x63b7b0	0x63c1d6	direct	0x6f9a0
classic	owner	0x63b7b0	0x63c1ec	direct	0x6f9a0
classic	owner	0x63b7b0	0x63c1f6	direct	0x6f7e0
classic	owner	0x63b7b0	0x63c235	direct	0x6f9a0
classic	owner	0x63b7b0	0x63c274	direct	0x6f9a0
classic	owner	0x63b7b0	0x63c2c5	direct	0x753f20
classic	owner	0x63b7b0	0x63c2e0	direct	0x6f9a0
classic	owner	0x63b7b0	0x63c2fc	direct	0x6f9a0
classic	owner	0x63b7b0	0x63c30b	direct	0x6f7e0
classic	owner	0x63b7b0	0x63c32c	direct	0x6f9a0
classic	owner	0x63b7b0	0x63c364	direct	0x6f9a0
classic	owner	0x63b7b0	0x63c40a	direct	0x6f860
classic	owner	0x63b7b0	0x63c461	direct	0x6f860
classic	owner	0x63b7b0	0x63c471	direct	0x6f9a0
classic	owner	0x63b7b0	0x63c4a9	indirect	call   QWORD PTR [rip+0xfa45f1]        # 0x1415e0aa0
classic	owner	0x63b7b0	0x63c4b0	direct	0x15345f0
classic	owner	0x63b7b0	0x63c4c6	direct	0x6f9a0
classic	owner	0x63b7b0	0x63c4d0	direct	0x6f7e0
classic	owner	0x63b7b0	0x63c578	indirect	call   QWORD PTR [rax]
classic	owner	0x63b7b0	0x63c589	indirect	call   QWORD PTR [rax+0x38]
classic	owner	0x63b7b0	0x63c5cf	direct	0x1534600
classic	owner	0x63b7b0	0x63c60b	direct	0x6f860
classic	owner	0x63b7b0	0x63c61a	direct	0xbacc0
classic	owner	0x63b7b0	0x63c630	direct	0x8e4cb0
classic	owner	0x63b7b0	0x63c662	direct	0x6f7e0
classic	owner	0x63b7b0	0x63c66f	direct	0x15345f0
classic	owner	0x63b7b0	0x63c680	direct	0x1535d8a
classic	owner	0x63b7b0	0x63c6a2	direct	0x66b00
classic	owner	0x63b7b0	0x63c6b0	direct	0x1534600
classic	owner	0x63b7b0	0x63c6de	direct	0x6f860
classic	owner	0x63b7b0	0x63c70b	direct	0xbacc0
classic	owner	0x63b7b0	0x63c73f	direct	0x1535d8a
classic	owner	0x63b7b0	0x63c77d	direct	0x70760
classic	owner	0x63b7b0	0x63c7d2	direct	0x15345f0
classic	owner	0x63b7b0	0x63c7f4	direct	0xb910d0
classic	owner	0x63b7b0	0x63c80a	direct	0x6f9a0
classic	owner	0x63b7b0	0x63c835	direct	0x1534600
classic	owner	0x63b7b0	0x63c871	direct	0x6f860
classic	owner	0x63b7b0	0x63c880	direct	0xbacc0
classic	owner	0x63b7b0	0x63c896	direct	0x8e4cb0
classic	owner	0x63b7b0	0x63c8cb	direct	0x6f7e0
classic	owner	0x63b7b0	0x63c8d8	direct	0x15345f0
classic	owner	0x63b7b0	0x63c8e9	direct	0x1535d8a
classic	owner	0x63b7b0	0x63c90a	direct	0x66b00
classic	owner	0x63b7b0	0x63c918	direct	0x1534600
classic	owner	0x63b7b0	0x63c946	direct	0x6f860
classic	owner	0x63b7b0	0x63c973	direct	0xbacc0
classic	owner	0x63b7b0	0x63c9a5	direct	0x1535d8a
classic	owner	0x63b7b0	0x63c9e3	direct	0x70760
classic	owner	0x63b7b0	0x63ca4a	indirect	call   QWORD PTR [rip+0xfa4050]        # 0x1415e0aa0
classic	owner	0x63b7b0	0x63ca51	direct	0x15345f0
classic	owner	0x63b7b0	0x63ca74	direct	0xb910d0
classic	owner	0x63b7b0	0x63ca8a	direct	0x6f9a0
classic	owner	0x63b7b0	0x63caa6	direct	0x8e4b80
classic	owner	0x63b7b0	0x63cab0	direct	0x6f7e0
classic	owner	0x63b7b0	0x63cabc	direct	0x15345d0
classic	owner	0x63b7b0	0x63cae2	direct	0x65820
classic	domain-field	0x753f20	0x753f92	direct	0x6f860
classic	domain-field	0x753f20	0x753fb5	direct	0x7540b0
classic	domain-field	0x753f20	0x753fd3	direct	0x6f9a0
classic	domain-field	0x753f20	0x75400d	indirect	call   QWORD PTR [rip+0xe8ca8d]        # 0x1415e0aa0
classic	domain-field	0x753f20	0x754014	direct	0x15345f0
classic	domain-field	0x753f20	0x754021	direct	0x15345d0
classic	force-place-field	0x5c1180	0x5c11f2	direct	0xbab70
classic	caste-field	0xaa07f0	0xaa088d	direct	0x6f860
classic	caste-field	0xaa07f0	0xaa08d8	direct	0x6f860
classic	structure-field	0xb910d0	0xb910fb	direct	0x7dab0
classic	structure-field	0xb910d0	0xb91115	direct	0x6fe90
classic	structure-field	0xb910d0	0xb91142	direct	0x6f9a0
classic	structure-field	0xb910d0	0xb91150	direct	0x529cf0
classic	structure-field	0xb910d0	0xb91165	direct	0x6f9a0
classic	structure-field	0xb910d0	0xb91170	direct	0x529cf0
classic	structure-field	0xb910d0	0xb91185	direct	0x6f9a0
classic	structure-field	0xb910d0	0xb9119e	indirect	call   QWORD PTR [rax+0x10]
classic	structure-field	0xb910d0	0xb911e1	direct	0xa91760
classic	structure-field	0xb910d0	0xb911ff	direct	0x6f9a0
classic	structure-field	0xb910d0	0xb91218	direct	0x6f9a0
classic	structure-field	0xb910d0	0xb91256	indirect	call   QWORD PTR [rip+0xa4f844]        # 0x1415e0aa0
classic	structure-field	0xb910d0	0xb9125d	direct	0x15345f0
classic	structure-field	0xb910d0	0xb9126d	indirect	call   QWORD PTR [rax]
classic	structure-field	0xb910d0	0xb913b9	direct	0x6f9a0
classic	structure-field	0xb910d0	0xb913e1	direct	0x6f9a0
classic	structure-field	0xb910d0	0xb913ee	direct	0x15345d0
classic	entity-field	0xb8f940	0xb8f98a	direct	0xba030
classic	entity-field	0xb8f940	0xb8f9b4	direct	0x6f9a0
classic	entity-field	0xb8f940	0xb8f9bf	direct	0x529cf0
classic	entity-field	0xb8f940	0xb8f9d4	direct	0x6f9a0
classic	entity-field	0xb8f940	0xb8fa07	direct	0xa91760
classic	entity-field	0xb8f940	0xb8fa25	direct	0x6f9a0
classic	entity-field	0xb8f940	0xb8fa3e	direct	0x6f9a0
classic	entity-field	0xb8f940	0xb8fa78	indirect	call   QWORD PTR [rip+0xa51022]        # 0x1415e0aa0
classic	entity-field	0xb8f940	0xb8fa7f	direct	0x15345f0
classic	entity-field	0xb8f940	0xb8fa96	direct	0x6f9a0
classic	entity-field	0xb8f940	0xb8faa3	direct	0x15345d0
classic	figure-field	0xb8ff50	0xb8ff92	direct	0x67d50
classic	figure-field	0xb8ff50	0xb8fff3	direct	0xb9d50
classic	figure-field	0xb8ff50	0xb90043	direct	0xa91760
classic	figure-field	0xb8ff50	0xb9005f	direct	0x6f9a0
classic	figure-field	0xb8ff50	0xb9009c	indirect	call   QWORD PTR [rip+0xa509fe]        # 0x1415e0aa0
classic	figure-field	0xb8ff50	0xb900a3	direct	0x15345f0
classic	figure-field	0xb8ff50	0xb900e2	direct	0x72500
classic	figure-field	0xb8ff50	0xb9011d	direct	0xa91760
classic	figure-field	0xb8ff50	0xb90139	direct	0x6f9a0
classic	figure-field	0xb8ff50	0xb90144	direct	0x6f7e0
classic	figure-field	0xb8ff50	0xb9017d	direct	0x6f9a0
classic	figure-field	0xb8ff50	0xb9018b	direct	0x529cf0
classic	figure-field	0xb8ff50	0xb9019d	direct	0x6f9a0
classic	figure-field	0xb8ff50	0xb901ca	direct	0x67d50
classic	figure-field	0xb8ff50	0xb901d9	direct	0x67d50
classic	figure-field	0xb8ff50	0xb902da	direct	0x6f9a0
classic	figure-field	0xb8ff50	0xb90302	direct	0x6f9a0
classic	figure-field	0xb8ff50	0xb90320	direct	0x6f9a0
classic	figure-field	0xb8ff50	0xb90365	direct	0x6f9a0
classic	figure-field	0xb8ff50	0xb90389	direct	0x6f9a0
classic	figure-field	0xb8ff50	0xb903c1	direct	0x6f9a0
classic	figure-field	0xb8ff50	0xb90456	direct	0x6f860
classic	figure-field	0xb8ff50	0xb904a9	direct	0x6f860
classic	figure-field	0xb8ff50	0xb904c3	direct	0x6f9a0
classic	figure-field	0xb8ff50	0xb904e3	direct	0x6f9a0
classic	figure-field	0xb8ff50	0xb90500	direct	0x6f9a0
classic	figure-field	0xb8ff50	0xb90512	direct	0x6f9a0
classic	figure-field	0xb8ff50	0xb9051c	direct	0x6f7e0
classic	figure-field	0xb8ff50	0xb90544	direct	0xa91760
classic	figure-field	0xb8ff50	0xb9055e	direct	0x6f9a0
classic	figure-field	0xb8ff50	0xb9059b	direct	0x6f9a0
classic	figure-field	0xb8ff50	0xb905bf	direct	0x6f9a0
classic	figure-field	0xb8ff50	0xb905f7	direct	0x6f9a0
classic	figure-field	0xb8ff50	0xb90688	direct	0x6f860
classic	figure-field	0xb8ff50	0xb906da	direct	0x6f860
classic	figure-field	0xb8ff50	0xb906f7	direct	0x6f9a0
classic	figure-field	0xb8ff50	0xb90717	direct	0x6f9a0
classic	figure-field	0xb8ff50	0xb90734	direct	0x6f9a0
classic	figure-field	0xb8ff50	0xb90770	indirect	call   QWORD PTR [rip+0xa5032a]        # 0x1415e0aa0
classic	figure-field	0xb8ff50	0xb90777	direct	0x15345f0
classic	figure-field	0xb8ff50	0xb907a3	direct	0x6f9a0
classic	figure-field	0xb8ff50	0xb907c7	direct	0x6f9a0
classic	figure-field	0xb8ff50	0xb907ff	direct	0x6f9a0
classic	figure-field	0xb8ff50	0xb9082a	direct	0xaa0c50
classic	figure-field	0xb8ff50	0xb90846	direct	0x6f9a0
classic	figure-field	0xb8ff50	0xb90866	direct	0x6f9a0
classic	figure-field	0xb8ff50	0xb90883	direct	0x6f9a0
classic	figure-field	0xb8ff50	0xb9088e	direct	0x6f7e0
classic	figure-field	0xb8ff50	0xb908b1	direct	0x6f9a0
classic	figure-field	0xb8ff50	0xb908d0	direct	0x6f9a0
classic	figure-field	0xb8ff50	0xb90908	indirect	call   QWORD PTR [rip+0xa50192]        # 0x1415e0aa0
classic	figure-field	0xb8ff50	0xb9090f	direct	0x15345f0
classic	figure-field	0xb8ff50	0xb90926	direct	0x6f9a0
classic	figure-field	0xb8ff50	0xb90942	direct	0x6f9a0
classic	figure-field	0xb8ff50	0xb9094e	direct	0x15345d0
classic	language-name	0xa91760	0xa917fe	direct	0xb9b10
classic	language-name	0xa91760	0xa91818	direct	0x6f9a0
classic	language-name	0xa91760	0xa91822	direct	0xb9b10
classic	language-name	0xa91760	0xa91896	direct	0x70760
classic	language-name	0xa91760	0xa918b4	direct	0x15359e8
classic	language-name	0xa91760	0xa918c4	direct	0x52ade0
classic	language-name	0xa91760	0xa918e7	direct	0x6f9a0
classic	language-name	0xa91760	0xa918f4	direct	0x6f7e0
classic	language-name	0xa91760	0xa9192d	direct	0x6f9a0
classic	language-name	0xa91760	0xa91937	direct	0xb9b10
classic	language-name	0xa91760	0xa91951	direct	0x6f9a0
classic	language-name	0xa91760	0xa9195b	direct	0xb9b10
classic	language-name	0xa91760	0xa919b4	direct	0xd29b90
classic	language-name	0xa91760	0xa919c8	direct	0xd29b90
classic	language-name	0xa91760	0xa919e8	direct	0x6f9a0
classic	language-name	0xa91760	0xa919f6	direct	0x52ade0
classic	language-name	0xa91760	0xa91a10	direct	0x6f9a0
classic	language-name	0xa91760	0xa91a49	indirect	call   QWORD PTR [rip+0xb4f051]        # 0x1415e0aa0
classic	language-name	0xa91760	0xa91a50	direct	0x15345f0
classic	language-name	0xa91760	0xa91aa1	direct	0xd29b90
classic	language-name	0xa91760	0xa91ac5	direct	0x6f9a0
classic	language-name	0xa91760	0xa91ae7	direct	0x6f9a0
classic	language-name	0xa91760	0xa91b02	direct	0x6f9a0
classic	language-name	0xa91760	0xa91b13	direct	0x52ade0
classic	language-name	0xa91760	0xa91b2d	direct	0x6f9a0
classic	language-name	0xa91760	0xa91b58	direct	0xd29b90
classic	language-name	0xa91760	0xa91b7c	direct	0x6f9a0
classic	language-name	0xa91760	0xa91baa	direct	0x6f9a0
classic	language-name	0xa91760	0xa91bbb	direct	0x52ade0
classic	language-name	0xa91760	0xa91bd5	direct	0x6f9a0
classic	language-name	0xa91760	0xa91c00	direct	0xd29b90
classic	language-name	0xa91760	0xa91c24	direct	0x6f9a0
classic	language-name	0xa91760	0xa91c52	direct	0x6f9a0
classic	language-name	0xa91760	0xa91c63	direct	0x52ade0
classic	language-name	0xa91760	0xa91cd3	direct	0x70760
classic	language-name	0xa91760	0xa91cf4	direct	0x15359e8
classic	language-name	0xa91760	0xa91d18	direct	0x6f9a0
classic	language-name	0xa91760	0xa91d50	indirect	call   QWORD PTR [rip+0xb4ed4a]        # 0x1415e0aa0
classic	language-name	0xa91760	0xa91d57	direct	0x15345f0
classic	language-name	0xa91760	0xa91d85	direct	0xd29b90
classic	language-name	0xa91760	0xa91da9	direct	0x6f9a0
classic	language-name	0xa91760	0xa91dd5	direct	0x6f9a0
classic	language-name	0xa91760	0xa91dec	direct	0x6f9a0
classic	language-name	0xa91760	0xa91dfa	direct	0x52ade0
classic	language-name	0xa91760	0xa91e14	direct	0x6f9a0
classic	language-name	0xa91760	0xa91e26	direct	0x6f7e0
classic	language-name	0xa91760	0xa91e73	direct	0xd29b90
classic	language-name	0xa91760	0xa91e93	direct	0x6f9a0
classic	language-name	0xa91760	0xa91eb8	direct	0x6f9a0
classic	language-name	0xa91760	0xa91ec6	direct	0x52ade0
classic	language-name	0xa91760	0xa91ee0	direct	0x6f9a0
classic	language-name	0xa91760	0xa91eea	direct	0x6f7e0
classic	language-name	0xa91760	0xa91ef6	direct	0x15345d0
classic	language-name	0xa91760	0xa91f16	direct	0x65820
classic	language-name	0xa91760	0xa91f1c	direct	0x65820
classic	cache-wrap	0x8e4b80	0x8e4bb9	direct	0x1534600
classic	cache-wrap	0x8e4b80	0x8e4bf1	direct	0x6f860
classic	cache-wrap	0x8e4b80	0x8e4c02	direct	0xbacc0
classic	cache-wrap	0x8e4b80	0x8e4c12	direct	0x8e4cb0
classic	cache-wrap	0x8e4b80	0x8e4c4b	direct	0x6f7e0
classic	cache-wrap	0x8e4b80	0x8e4c58	direct	0x15345f0
classic	cache-wrap	0x8e4b80	0x8e4c69	direct	0x1535d8a
classic	cache-wrap	0x8e4b80	0x8e4c89	direct	0x66b00
classic	cache-lines-wrap	0x8e4cb0	0x8e4d6a	direct	0xb9b10
classic	cache-lines-wrap	0x8e4cb0	0x8e4dde	direct	0x4ee4f0
classic	cache-lines-wrap	0x8e4cb0	0x8e4e15	direct	0xe1240
classic	cache-lines-wrap	0x8e4cb0	0x8e4e1f	direct	0x1534600
classic	cache-lines-wrap	0x8e4cb0	0x8e4e62	direct	0x6f860
classic	cache-lines-wrap	0x8e4cb0	0x8e4e82	direct	0xbacc0
classic	cache-lines-wrap	0x8e4cb0	0x8e4ef1	direct	0x1534600
classic	cache-lines-wrap	0x8e4cb0	0x8e4f33	direct	0x6f860
classic	cache-lines-wrap	0x8e4cb0	0x8e4f53	direct	0xbacc0
classic	cache-lines-wrap	0x8e4cb0	0x8e4f5d	direct	0x6f7e0
classic	cache-lines-wrap	0x8e4cb0	0x8e4f69	direct	0x15345d0
classic	faith-render-path	0x62a5b4	0x62a619	direct	0xbb0b0
classic	faith-render-path	0x62a5b4	0x62a637	direct	0xad7b10
classic	faith-render-path	0x62a5b4	0x62a674	direct	0xbb0c0
classic	faith-render-path	0x62a5b4	0x62a683	direct	0xbb0b0
classic	faith-render-path	0x62a5b4	0x62a696	direct	0x680e0
classic	faith-render-path	0x62a5b4	0x62a6ac	direct	0xad69a0
classic	faith-render-path	0x62a5b4	0x62a6b9	direct	0x67dc0
classic	faith-render-path	0x62a5b4	0x62a6e8	direct	0xbb0b0
classic	faith-render-path	0x62a5b4	0x62a706	direct	0xad7b10
classic	faith-render-path	0x62a5b4	0x62a736	direct	0xbb0c0
classic	faith-render-path	0x62a5b4	0x62a745	direct	0xbb0b0
classic	faith-render-path	0x62a5b4	0x62a758	direct	0x680e0
classic	faith-render-path	0x62a5b4	0x62a76e	direct	0xad69a0
classic	faith-render-path	0x62a5b4	0x62a77b	direct	0x67dc0
classic	faith-render-path	0x62a5b4	0x62a7b8	direct	0x6f300
classic	faith-render-path	0x62a5b4	0x62a81b	direct	0x6f2f0
classic	faith-render-path	0x62a5b4	0x62a83e	direct	0x6f2f0
classic	faith-render-path	0x62a5b4	0x62a85f	direct	0x6f2f0
classic	faith-render-path	0x62a5b4	0x62a8b2	direct	0xbb0c0
classic	faith-render-path	0x62a5b4	0x62a8ef	direct	0xbb0b0
classic	faith-render-path	0x62a5b4	0x62a936	direct	0xad7b10
classic	faith-render-path	0x62a5b4	0x62a944	direct	0x71f20
classic	faith-render-path	0x62a5b4	0x62a959	direct	0xbb120
classic	faith-render-path	0x62a5b4	0x62a9a3	direct	0xbb0c0
classic	faith-render-path	0x62a5b4	0x62a9b3	direct	0xbb0b0
classic	faith-render-path	0x62a5b4	0x62a9bf	direct	0x6f620
classic	faith-render-path	0x62a5b4	0x62a9cf	direct	0x6f2f0
classic	faith-render-path	0x62a5b4	0x62a9fb	direct	0x6f2f0
classic	faith-render-path	0x62a5b4	0x62aa14	direct	0xb8f940
classic	faith-render-path	0x62a5b4	0x62aa22	direct	0x72010
classic	faith-render-path	0x62a5b4	0x62aa36	direct	0x6f2f0
classic	faith-render-path	0x62a5b4	0x62aa61	direct	0xb8ff50
classic	faith-render-path	0x62a5b4	0x62aa76	direct	0x6f510
classic	faith-render-path	0x62a5b4	0x62aa86	direct	0x52b070
classic	faith-render-path	0x62a5b4	0x62aa9b	direct	0xad69a0
classic	faith-render-path	0x62a5b4	0x62aaa6	direct	0x6f2f0
classic	faith-render-path	0x62a5b4	0x62aabe	direct	0xbb0b0
classic	faith-render-path	0x62a5b4	0x62aaca	direct	0x6f620
classic	faith-render-path	0x62a5b4	0x62aad6	direct	0x6f2f0
classic	faith-render-path	0x62a5b4	0x62aafc	direct	0x6f510
classic	faith-render-path	0x62a5b4	0x62ab0c	direct	0x6f2f0
classic	faith-render-path	0x62a5b4	0x62ab1a	direct	0x7da80
classic	faith-render-path	0x62a5b4	0x62ab3a	direct	0x6f1d0
classic	faith-render-path	0x62a5b4	0x62ab4e	direct	0x6f1c0
classic	faith-render-path	0x62a5b4	0x62ab61	direct	0xb9900
classic	faith-render-path	0x62a5b4	0x62ab77	direct	0x6eda0
classic	faith-render-path	0x62a5b4	0x62ab9a	direct	0x6ed90
classic	faith-render-path	0x62a5b4	0x62abad	direct	0xb9900
classic	faith-render-path	0x62a5b4	0x62abcf	direct	0x6f2c0
classic	faith-render-path	0x62a5b4	0x62abf3	direct	0xe11c0
classic	faith-render-path	0x62a5b4	0x62ac08	direct	0xfb4d0
classic	faith-render-path	0x62a5b4	0x62ac1d	direct	0xfb4d0
classic	faith-render-path	0x62a5b4	0x62ac32	direct	0xfb4d0
classic	faith-render-path	0x62a5b4	0x62ac51	direct	0xad69a0
classic	faith-render-path	0x62a5b4	0x62ac5e	direct	0x67dc0
classic	faith-render-path	0x62a5b4	0x62ac98	direct	0x63b7b0
classic	faith-render-path	0x62a5b4	0x62acb1	direct	0x67dc0
classic	faith-render-path	0x62a5b4	0x62ace7	direct	0xbb2f0
classic	faith-render-path	0x62a5b4	0x62ad15	direct	0xbb310
classic	faith-render-path	0x62a5b4	0x62ad3e	direct	0x140a440
classic	faith-render-path	0x62a5b4	0x62ad54	direct	0x6ede0
classic	faith-render-path	0x62a5b4	0x62ad72	direct	0x6ede0
classic	faith-render-path	0x62a5b4	0x62adc9	direct	0xbb0b0
classic	faith-render-path	0x62a5b4	0x62add6	direct	0xbb120
classic	faith-render-path	0x62a5b4	0x62ae09	direct	0x6f1d0
classic	faith-render-path	0x62a5b4	0x62ae1c	direct	0x6f1c0
classic	faith-render-path	0x62a5b4	0x62ae30	direct	0x6edb0
classic	faith-render-path	0x62a5b4	0x62ae3a	direct	0x65740
classic	faith-render-path	0x62a5b4	0x62ae54	direct	0x6eda0
classic	faith-render-path	0x62a5b4	0x62ae63	direct	0x71f20
classic	faith-render-path	0x62a5b4	0x62ae70	direct	0x6eda0
classic	faith-render-path	0x62a5b4	0x62ae7e	direct	0x71f20
classic	faith-render-path	0x62a5b4	0x62ae8a	direct	0x6eda0
classic	faith-render-path	0x62a5b4	0x62ae9b	direct	0x71f20
classic	faith-render-path	0x62a5b4	0x62aeaa	direct	0x6eda0
classic	faith-render-path	0x62a5b4	0x62aeb5	indirect	call   QWORD PTR [rax]
classic	faith-render-path	0x62a5b4	0x62aec1	direct	0x6eda0
classic	faith-render-path	0x62a5b4	0x62aecf	indirect	call   QWORD PTR [rax+0x38]
classic	faith-render-path	0x62a5b4	0x62aee9	direct	0x6ed90
classic	faith-render-path	0x62a5b4	0x62aefd	direct	0x6edb0
classic	faith-render-path	0x62a5b4	0x62af07	direct	0x65740
classic	faith-render-path	0x62a5b4	0x62af2b	direct	0x6f4f0
classic	faith-render-path	0x62a5b4	0x62af4c	direct	0x6f4f0
classic	faith-render-path	0x62a5b4	0x62af61	direct	0x6f2f0
classic	faith-render-path	0x62a5b4	0x62af6f	direct	0x67d50
classic	faith-render-path	0x62a5b4	0x62af88	direct	0x71f20
classic	faith-render-path	0x62a5b4	0x62af9f	direct	0x6f510
classic	faith-render-path	0x62a5b4	0x62afb8	direct	0x71f20
classic	faith-render-path	0x62a5b4	0x62afcf	direct	0x6f510
classic	faith-render-path	0x62a5b4	0x62afe7	direct	0x6f510
classic	faith-render-path	0x62a5b4	0x62b006	direct	0x6f510
classic	faith-render-path	0x62a5b4	0x62b06e	direct	0xad7b10
classic	faith-render-path	0x62a5b4	0x62b0a3	direct	0xbb0c0
classic	faith-render-path	0x62a5b4	0x62b0bb	direct	0x6f1d0
classic	faith-render-path	0x62a5b4	0x62b0cf	direct	0x6f1c0
classic	faith-render-path	0x62a5b4	0x62b0e6	direct	0x6edb0
classic	faith-render-path	0x62a5b4	0x62b0f0	direct	0x65740
classic	faith-render-path	0x62a5b4	0x62b10f	direct	0xbb0b0
classic	faith-render-path	0x62a5b4	0x62b11b	direct	0x6eda0
classic	faith-render-path	0x62a5b4	0x62b12c	direct	0xad69a0
classic	faith-render-path	0x62a5b4	0x62b138	direct	0x6ed90
classic	faith-render-path	0x62a5b4	0x62b152	direct	0x6edb0
classic	faith-render-path	0x62a5b4	0x62b15c	direct	0x65740
classic	faith-render-path	0x62a5b4	0x62b17a	direct	0x7dab0
classic	faith-render-path	0x62a5b4	0x62b190	direct	0x6ede0
classic	faith-render-path	0x62a5b4	0x62b1b2	direct	0x6f1b0
classic	faith-render-path	0x62a5b4	0x62b1c6	direct	0x9b26a0
classic	faith-render-path	0x62a5b4	0x62b1d7	direct	0x71f20
classic	faith-render-path	0x62a5b4	0x62b1e7	direct	0xbbf20
classic	hometown-cache-caller	0x629ff0	0x629ffd	direct	0xfb4d0
classic	hometown-cache-caller	0x629ff0	0x62a012	direct	0xfb4d0
classic	hometown-cache-caller	0x629ff0	0x62a027	direct	0xfb4d0
classic	hometown-cache-caller	0x629ff0	0x62a047	direct	0xad69a0
classic	hometown-cache-caller	0x629ff0	0x62a079	direct	0x63b7b0
classic	hometown-cache-caller	0x629ff0	0x62a090	direct	0x67dc0
classic	hometown-cache-caller	0x629ff0	0x62a09d	direct	0x67dc0
classic	hometown-cache-caller	0x629ff0	0x62a0aa	direct	0x67dc0
classic	hometown-cache-caller	0x629ff0	0x62a0dd	direct	0xbb2f0
classic	hometown-cache-caller	0x629ff0	0x62a10b	direct	0xbb310
classic	hometown-cache-caller	0x629ff0	0x62a134	direct	0x140a440
