edition	switch	instruction_rva	table_rva	index_rva	input	slot	target_rva
reference	climb-direction	0x875314	0x877114		0x1	0	0x875316
reference	climb-direction	0x875314	0x877114		0x2	1	0x87531a
reference	climb-direction	0x875314	0x877114		0x3	2	0x875343
reference	climb-direction	0x875314	0x877114		0x4	3	0x87531e
reference	climb-direction	0x875314	0x877114		0x5	4	0x875326
reference	climb-direction	0x875314	0x877114		0x6	5	0x87532e
reference	climb-direction	0x875314	0x877114		0x7	6	0x875343
reference	climb-direction	0x875314	0x877114		0x8	7	0x875322
reference	climb-direction	0x875314	0x877114		0x9	8	0x87532a
reference	climb-direction	0x875314	0x877114		0xa	9	0x875332
reference	climb-direction	0x875314	0x877114		default		0x875343
reference	speed-direction	0x8758b7	0x87713c		0x1	0	0x875ae1
reference	speed-direction	0x8758b7	0x87713c		0x2	1	0x875ae5
reference	speed-direction	0x8758b7	0x87713c		0x3	2	0x875b0e
reference	speed-direction	0x8758b7	0x87713c		0x4	3	0x875ae9
reference	speed-direction	0x8758b7	0x87713c		0x5	4	0x875af1
reference	speed-direction	0x8758b7	0x87713c		0x6	5	0x875af9
reference	speed-direction	0x8758b7	0x87713c		0x7	6	0x875b0e
reference	speed-direction	0x8758b7	0x87713c		0x8	7	0x875aed
reference	speed-direction	0x8758b7	0x87713c		0x9	8	0x875af5
reference	speed-direction	0x8758b7	0x87713c		0xa	9	0x875afd
reference	speed-direction	0x8758b7	0x87713c		default		0x875b0e
reference	vegetation-low	0x876603	0x877164	0x87716c	0x31	0	0x876632
reference	vegetation-low	0x876603	0x877164	0x87716c	0x32	0	0x876632
reference	vegetation-low	0x876603	0x877164	0x87716c	0x33	0	0x876632
reference	vegetation-low	0x876603	0x877164	0x87716c	0x34	0	0x876632
reference	vegetation-low	0x876603	0x877164	0x87716c	0x35	0	0x876632
reference	vegetation-low	0x876603	0x877164	0x87716c	0x36	0	0x876632
reference	vegetation-low	0x876603	0x877164	0x87716c	0x37	1	0x876504
reference	vegetation-low	0x876603	0x877164	0x87716c	0x38	1	0x876504
reference	vegetation-low	0x876603	0x877164	0x87716c	0x39	1	0x876504
reference	vegetation-low	0x876603	0x877164	0x87716c	0x3a	1	0x876504
reference	vegetation-low	0x876603	0x877164	0x87716c	0x3b	1	0x876504
reference	vegetation-low	0x876603	0x877164	0x87716c	0x3c	1	0x876504
reference	vegetation-low	0x876603	0x877164	0x87716c	0x3d	1	0x876504
reference	vegetation-low	0x876603	0x877164	0x87716c	0x3e	1	0x876504
reference	vegetation-low	0x876603	0x877164	0x87716c	0x3f	1	0x876504
reference	vegetation-low	0x876603	0x877164	0x87716c	0x40	1	0x876504
reference	vegetation-low	0x876603	0x877164	0x87716c	0x41	1	0x876504
reference	vegetation-low	0x876603	0x877164	0x87716c	0x42	1	0x876504
reference	vegetation-low	0x876603	0x877164	0x87716c	0x43	1	0x876504
reference	vegetation-low	0x876603	0x877164	0x87716c	0x44	1	0x876504
reference	vegetation-low	0x876603	0x877164	0x87716c	0x45	1	0x876504
reference	vegetation-low	0x876603	0x877164	0x87716c	0x46	1	0x876504
reference	vegetation-low	0x876603	0x877164	0x87716c	0x47	1	0x876504
reference	vegetation-low	0x876603	0x877164	0x87716c	0x48	1	0x876504
reference	vegetation-low	0x876603	0x877164	0x87716c	0x49	1	0x876504
reference	vegetation-low	0x876603	0x877164	0x87716c	0x4a	1	0x876504
reference	vegetation-low	0x876603	0x877164	0x87716c	0x4b	1	0x876504
reference	vegetation-low	0x876603	0x877164	0x87716c	0x4c	1	0x876504
reference	vegetation-low	0x876603	0x877164	0x87716c	0x4d	1	0x876504
reference	vegetation-low	0x876603	0x877164	0x87716c	0x4e	1	0x876504
reference	vegetation-low	0x876603	0x877164	0x87716c	0x4f	1	0x876504
reference	vegetation-low	0x876603	0x877164	0x87716c	0x50	1	0x876504
reference	vegetation-low	0x876603	0x877164	0x87716c	0x51	1	0x876504
reference	vegetation-low	0x876603	0x877164	0x87716c	0x52	1	0x876504
reference	vegetation-low	0x876603	0x877164	0x87716c	0x53	1	0x876504
reference	vegetation-low	0x876603	0x877164	0x87716c	0x54	1	0x876504
reference	vegetation-low	0x876603	0x877164	0x87716c	0x55	1	0x876504
reference	vegetation-low	0x876603	0x877164	0x87716c	0x56	1	0x876504
reference	vegetation-low	0x876603	0x877164	0x87716c	0x57	1	0x876504
reference	vegetation-low	0x876603	0x877164	0x87716c	0x58	1	0x876504
reference	vegetation-low	0x876603	0x877164	0x87716c	0x59	1	0x876504
reference	vegetation-low	0x876603	0x877164	0x87716c	0x5a	1	0x876504
reference	vegetation-low	0x876603	0x877164	0x87716c	0x5b	1	0x876504
reference	vegetation-low	0x876603	0x877164	0x87716c	0x5c	1	0x876504
reference	vegetation-low	0x876603	0x877164	0x87716c	0x5d	1	0x876504
reference	vegetation-low	0x876603	0x877164	0x87716c	0x5e	1	0x876504
reference	vegetation-low	0x876603	0x877164	0x87716c	0x5f	1	0x876504
reference	vegetation-low	0x876603	0x877164	0x87716c	0x60	1	0x876504
reference	vegetation-low	0x876603	0x877164	0x87716c	0x61	1	0x876504
reference	vegetation-low	0x876603	0x877164	0x87716c	0x62	1	0x876504
reference	vegetation-low	0x876603	0x877164	0x87716c	0x63	1	0x876504
reference	vegetation-low	0x876603	0x877164	0x87716c	0x64	1	0x876504
reference	vegetation-low	0x876603	0x877164	0x87716c	0x65	1	0x876504
reference	vegetation-low	0x876603	0x877164	0x87716c	0x66	1	0x876504
reference	vegetation-low	0x876603	0x877164	0x87716c	0x67	1	0x876504
reference	vegetation-low	0x876603	0x877164	0x87716c	0x68	1	0x876504
reference	vegetation-low	0x876603	0x877164	0x87716c	0x69	1	0x876504
reference	vegetation-low	0x876603	0x877164	0x87716c	0x6a	1	0x876504
reference	vegetation-low	0x876603	0x877164	0x87716c	0x6b	1	0x876504
reference	vegetation-low	0x876603	0x877164	0x87716c	0x6c	1	0x876504
reference	vegetation-low	0x876603	0x877164	0x87716c	0x6d	1	0x876504
reference	vegetation-low	0x876603	0x877164	0x87716c	0x6e	1	0x876504
reference	vegetation-low	0x876603	0x877164	0x87716c	0x6f	1	0x876504
reference	vegetation-low	0x876603	0x877164	0x87716c	0x70	1	0x876504
reference	vegetation-low	0x876603	0x877164	0x87716c	0x71	1	0x876504
reference	vegetation-low	0x876603	0x877164	0x87716c	0x72	1	0x876504
reference	vegetation-low	0x876603	0x877164	0x87716c	0x73	1	0x876504
reference	vegetation-low	0x876603	0x877164	0x87716c	0x74	1	0x876504
reference	vegetation-low	0x876603	0x877164	0x87716c	0x75	1	0x876504
reference	vegetation-low	0x876603	0x877164	0x87716c	0x76	1	0x876504
reference	vegetation-low	0x876603	0x877164	0x87716c	0x77	1	0x876504
reference	vegetation-low	0x876603	0x877164	0x87716c	0x78	1	0x876504
reference	vegetation-low	0x876603	0x877164	0x87716c	0x79	1	0x876504
reference	vegetation-low	0x876603	0x877164	0x87716c	0x7a	1	0x876504
reference	vegetation-low	0x876603	0x877164	0x87716c	0x7b	1	0x876504
reference	vegetation-low	0x876603	0x877164	0x87716c	0x7c	1	0x876504
reference	vegetation-low	0x876603	0x877164	0x87716c	0x7d	1	0x876504
reference	vegetation-low	0x876603	0x877164	0x87716c	0x7e	1	0x876504
reference	vegetation-low	0x876603	0x877164	0x87716c	0x7f	1	0x876504
reference	vegetation-low	0x876603	0x877164	0x87716c	0x80	1	0x876504
reference	vegetation-low	0x876603	0x877164	0x87716c	0x81	1	0x876504
reference	vegetation-low	0x876603	0x877164	0x87716c	0x82	1	0x876504
reference	vegetation-low	0x876603	0x877164	0x87716c	0x83	1	0x876504
reference	vegetation-low	0x876603	0x877164	0x87716c	0x84	1	0x876504
reference	vegetation-low	0x876603	0x877164	0x87716c	0x85	1	0x876504
reference	vegetation-low	0x876603	0x877164	0x87716c	0x86	1	0x876504
reference	vegetation-low	0x876603	0x877164	0x87716c	0x87	1	0x876504
reference	vegetation-low	0x876603	0x877164	0x87716c	0x88	1	0x876504
reference	vegetation-low	0x876603	0x877164	0x87716c	0x89	1	0x876504
reference	vegetation-low	0x876603	0x877164	0x87716c	0x8a	1	0x876504
reference	vegetation-low	0x876603	0x877164	0x87716c	0x8b	1	0x876504
reference	vegetation-low	0x876603	0x877164	0x87716c	0x8c	1	0x876504
reference	vegetation-low	0x876603	0x877164	0x87716c	0x8d	1	0x876504
reference	vegetation-low	0x876603	0x877164	0x87716c	0x8e	1	0x876504
reference	vegetation-low	0x876603	0x877164	0x87716c	0x8f	1	0x876504
reference	vegetation-low	0x876603	0x877164	0x87716c	0x90	1	0x876504
reference	vegetation-low	0x876603	0x877164	0x87716c	0x91	1	0x876504
reference	vegetation-low	0x876603	0x877164	0x87716c	0x92	1	0x876504
reference	vegetation-low	0x876603	0x877164	0x87716c	0x93	1	0x876504
reference	vegetation-low	0x876603	0x877164	0x87716c	0x94	1	0x876504
reference	vegetation-low	0x876603	0x877164	0x87716c	0x95	1	0x876504
reference	vegetation-low	0x876603	0x877164	0x87716c	0x96	1	0x876504
reference	vegetation-low	0x876603	0x877164	0x87716c	0x97	1	0x876504
reference	vegetation-low	0x876603	0x877164	0x87716c	0x98	1	0x876504
reference	vegetation-low	0x876603	0x877164	0x87716c	0x99	1	0x876504
reference	vegetation-low	0x876603	0x877164	0x87716c	0x9a	1	0x876504
reference	vegetation-low	0x876603	0x877164	0x87716c	0x9b	1	0x876504
reference	vegetation-low	0x876603	0x877164	0x87716c	0x9c	1	0x876504
reference	vegetation-low	0x876603	0x877164	0x87716c	0x9d	1	0x876504
reference	vegetation-low	0x876603	0x877164	0x87716c	0x9e	1	0x876504
reference	vegetation-low	0x876603	0x877164	0x87716c	0x9f	1	0x876504
reference	vegetation-low	0x876603	0x877164	0x87716c	0xa0	1	0x876504
reference	vegetation-low	0x876603	0x877164	0x87716c	0xa1	1	0x876504
reference	vegetation-low	0x876603	0x877164	0x87716c	0xa2	1	0x876504
reference	vegetation-low	0x876603	0x877164	0x87716c	0xa3	1	0x876504
reference	vegetation-low	0x876603	0x877164	0x87716c	0xa4	1	0x876504
reference	vegetation-low	0x876603	0x877164	0x87716c	0xa5	1	0x876504
reference	vegetation-low	0x876603	0x877164	0x87716c	0xa6	1	0x876504
reference	vegetation-low	0x876603	0x877164	0x87716c	0xa7	1	0x876504
reference	vegetation-low	0x876603	0x877164	0x87716c	0xa8	1	0x876504
reference	vegetation-low	0x876603	0x877164	0x87716c	0xa9	1	0x876504
reference	vegetation-low	0x876603	0x877164	0x87716c	0xaa	1	0x876504
reference	vegetation-low	0x876603	0x877164	0x87716c	0xab	1	0x876504
reference	vegetation-low	0x876603	0x877164	0x87716c	0xac	1	0x876504
reference	vegetation-low	0x876603	0x877164	0x87716c	0xad	1	0x876504
reference	vegetation-low	0x876603	0x877164	0x87716c	0xae	1	0x876504
reference	vegetation-low	0x876603	0x877164	0x87716c	0xaf	1	0x876504
reference	vegetation-low	0x876603	0x877164	0x87716c	0xb0	1	0x876504
reference	vegetation-low	0x876603	0x877164	0x87716c	0xb1	1	0x876504
reference	vegetation-low	0x876603	0x877164	0x87716c	0xb2	1	0x876504
reference	vegetation-low	0x876603	0x877164	0x87716c	0xb3	1	0x876504
reference	vegetation-low	0x876603	0x877164	0x87716c	0xb4	1	0x876504
reference	vegetation-low	0x876603	0x877164	0x87716c	0xb5	1	0x876504
reference	vegetation-low	0x876603	0x877164	0x87716c	0xb6	1	0x876504
reference	vegetation-low	0x876603	0x877164	0x87716c	0xb7	1	0x876504
reference	vegetation-low	0x876603	0x877164	0x87716c	0xb8	1	0x876504
reference	vegetation-low	0x876603	0x877164	0x87716c	0xb9	1	0x876504
reference	vegetation-low	0x876603	0x877164	0x87716c	0xba	1	0x876504
reference	vegetation-low	0x876603	0x877164	0x87716c	0xbb	1	0x876504
reference	vegetation-low	0x876603	0x877164	0x87716c	0xbc	1	0x876504
reference	vegetation-low	0x876603	0x877164	0x87716c	0xbd	1	0x876504
reference	vegetation-low	0x876603	0x877164	0x87716c	0xbe	1	0x876504
reference	vegetation-low	0x876603	0x877164	0x87716c	0xbf	1	0x876504
reference	vegetation-low	0x876603	0x877164	0x87716c	0xc0	1	0x876504
reference	vegetation-low	0x876603	0x877164	0x87716c	0xc1	1	0x876504
reference	vegetation-low	0x876603	0x877164	0x87716c	0xc2	1	0x876504
reference	vegetation-low	0x876603	0x877164	0x87716c	0xc3	1	0x876504
reference	vegetation-low	0x876603	0x877164	0x87716c	0xc4	1	0x876504
reference	vegetation-low	0x876603	0x877164	0x87716c	0xc5	1	0x876504
reference	vegetation-low	0x876603	0x877164	0x87716c	0xc6	1	0x876504
reference	vegetation-low	0x876603	0x877164	0x87716c	0xc7	1	0x876504
reference	vegetation-low	0x876603	0x877164	0x87716c	0xc8	1	0x876504
reference	vegetation-low	0x876603	0x877164	0x87716c	0xc9	1	0x876504
reference	vegetation-low	0x876603	0x877164	0x87716c	0xca	1	0x876504
reference	vegetation-low	0x876603	0x877164	0x87716c	0xcb	1	0x876504
reference	vegetation-low	0x876603	0x877164	0x87716c	0xcc	1	0x876504
reference	vegetation-low	0x876603	0x877164	0x87716c	0xcd	1	0x876504
reference	vegetation-low	0x876603	0x877164	0x87716c	0xce	1	0x876504
reference	vegetation-low	0x876603	0x877164	0x87716c	0xcf	1	0x876504
reference	vegetation-low	0x876603	0x877164	0x87716c	0xd0	1	0x876504
reference	vegetation-low	0x876603	0x877164	0x87716c	0xd1	1	0x876504
reference	vegetation-low	0x876603	0x877164	0x87716c	0xd2	1	0x876504
reference	vegetation-low	0x876603	0x877164	0x87716c	0xd3	1	0x876504
reference	vegetation-low	0x876603	0x877164	0x87716c	0xd4	1	0x876504
reference	vegetation-low	0x876603	0x877164	0x87716c	0xd5	1	0x876504
reference	vegetation-low	0x876603	0x877164	0x87716c	0xd6	1	0x876504
reference	vegetation-low	0x876603	0x877164	0x87716c	0xd7	1	0x876504
reference	vegetation-low	0x876603	0x877164	0x87716c	0xd8	1	0x876504
reference	vegetation-low	0x876603	0x877164	0x87716c	0xd9	1	0x876504
reference	vegetation-low	0x876603	0x877164	0x87716c	0xda	1	0x876504
reference	vegetation-low	0x876603	0x877164	0x87716c	0xdb	1	0x876504
reference	vegetation-low	0x876603	0x877164	0x87716c	0xdc	1	0x876504
reference	vegetation-low	0x876603	0x877164	0x87716c	0xdd	1	0x876504
reference	vegetation-low	0x876603	0x877164	0x87716c	0xde	1	0x876504
reference	vegetation-low	0x876603	0x877164	0x87716c	0xdf	1	0x876504
reference	vegetation-low	0x876603	0x877164	0x87716c	0xe0	1	0x876504
reference	vegetation-low	0x876603	0x877164	0x87716c	0xe1	1	0x876504
reference	vegetation-low	0x876603	0x877164	0x87716c	0xe2	1	0x876504
reference	vegetation-low	0x876603	0x877164	0x87716c	0xe3	1	0x876504
reference	vegetation-low	0x876603	0x877164	0x87716c	0xe4	1	0x876504
reference	vegetation-low	0x876603	0x877164	0x87716c	0xe5	0	0x876632
reference	vegetation-low	0x876603	0x877164	0x87716c	0xe6	0	0x876632
reference	vegetation-low	0x876603	0x877164	0x87716c	0xe7	0	0x876632
reference	vegetation-low	0x876603	0x877164	0x87716c	0xe8	0	0x876632
reference	vegetation-low	0x876603	0x877164	0x87716c	default		0x876504
reference	vegetation-high	0x87662f	0x877224	0x87722c	0x159	0	0x876632
reference	vegetation-high	0x87662f	0x877224	0x87722c	0x15a	0	0x876632
reference	vegetation-high	0x87662f	0x877224	0x87722c	0x15b	0	0x876632
reference	vegetation-high	0x87662f	0x877224	0x87722c	0x15c	1	0x876504
reference	vegetation-high	0x87662f	0x877224	0x87722c	0x15d	1	0x876504
reference	vegetation-high	0x87662f	0x877224	0x87722c	0x15e	1	0x876504
reference	vegetation-high	0x87662f	0x877224	0x87722c	0x15f	1	0x876504
reference	vegetation-high	0x87662f	0x877224	0x87722c	0x160	1	0x876504
reference	vegetation-high	0x87662f	0x877224	0x87722c	0x161	1	0x876504
reference	vegetation-high	0x87662f	0x877224	0x87722c	0x162	1	0x876504
reference	vegetation-high	0x87662f	0x877224	0x87722c	0x163	1	0x876504
reference	vegetation-high	0x87662f	0x877224	0x87722c	0x164	1	0x876504
reference	vegetation-high	0x87662f	0x877224	0x87722c	0x165	1	0x876504
reference	vegetation-high	0x87662f	0x877224	0x87722c	0x166	1	0x876504
reference	vegetation-high	0x87662f	0x877224	0x87722c	0x167	1	0x876504
reference	vegetation-high	0x87662f	0x877224	0x87722c	0x168	1	0x876504
reference	vegetation-high	0x87662f	0x877224	0x87722c	0x169	1	0x876504
reference	vegetation-high	0x87662f	0x877224	0x87722c	0x16a	1	0x876504
reference	vegetation-high	0x87662f	0x877224	0x87722c	0x16b	1	0x876504
reference	vegetation-high	0x87662f	0x877224	0x87722c	0x16c	1	0x876504
reference	vegetation-high	0x87662f	0x877224	0x87722c	0x16d	1	0x876504
reference	vegetation-high	0x87662f	0x877224	0x87722c	0x16e	1	0x876504
reference	vegetation-high	0x87662f	0x877224	0x87722c	0x16f	1	0x876504
reference	vegetation-high	0x87662f	0x877224	0x87722c	0x170	1	0x876504
reference	vegetation-high	0x87662f	0x877224	0x87722c	0x171	1	0x876504
reference	vegetation-high	0x87662f	0x877224	0x87722c	0x172	1	0x876504
reference	vegetation-high	0x87662f	0x877224	0x87722c	0x173	1	0x876504
reference	vegetation-high	0x87662f	0x877224	0x87722c	0x174	1	0x876504
reference	vegetation-high	0x87662f	0x877224	0x87722c	0x175	1	0x876504
reference	vegetation-high	0x87662f	0x877224	0x87722c	0x176	1	0x876504
reference	vegetation-high	0x87662f	0x877224	0x87722c	0x177	1	0x876504
reference	vegetation-high	0x87662f	0x877224	0x87722c	0x178	1	0x876504
reference	vegetation-high	0x87662f	0x877224	0x87722c	0x179	1	0x876504
reference	vegetation-high	0x87662f	0x877224	0x87722c	0x17a	1	0x876504
reference	vegetation-high	0x87662f	0x877224	0x87722c	0x17b	1	0x876504
reference	vegetation-high	0x87662f	0x877224	0x87722c	0x17c	1	0x876504
reference	vegetation-high	0x87662f	0x877224	0x87722c	0x17d	1	0x876504
reference	vegetation-high	0x87662f	0x877224	0x87722c	0x17e	1	0x876504
reference	vegetation-high	0x87662f	0x877224	0x87722c	0x17f	0	0x876632
reference	vegetation-high	0x87662f	0x877224	0x87722c	0x180	0	0x876632
reference	vegetation-high	0x87662f	0x877224	0x87722c	0x181	0	0x876632
reference	vegetation-high	0x87662f	0x877224	0x87722c	0x182	0	0x876632
reference	vegetation-high	0x87662f	0x877224	0x87722c	0x183	1	0x876504
reference	vegetation-high	0x87662f	0x877224	0x87722c	0x184	1	0x876504
reference	vegetation-high	0x87662f	0x877224	0x87722c	0x185	1	0x876504
reference	vegetation-high	0x87662f	0x877224	0x87722c	0x186	0	0x876632
reference	vegetation-high	0x87662f	0x877224	0x87722c	0x187	0	0x876632
reference	vegetation-high	0x87662f	0x877224	0x87722c	0x188	0	0x876632
reference	vegetation-high	0x87662f	0x877224	0x87722c	0x189	0	0x876632
reference	vegetation-high	0x87662f	0x877224	0x87722c	0x18a	0	0x876632
reference	vegetation-high	0x87662f	0x877224	0x87722c	0x18b	0	0x876632
reference	vegetation-high	0x87662f	0x877224	0x87722c	0x18c	0	0x876632
reference	vegetation-high	0x87662f	0x877224	0x87722c	0x18d	0	0x876632
reference	vegetation-high	0x87662f	0x877224	0x87722c	default		0x876504
reference	vegetation-explicit	0x8765d8			0x158		0x876632
classic	climb-direction	0x872b94	0x874994		0x1	0	0x872b96
classic	climb-direction	0x872b94	0x874994		0x2	1	0x872b9a
classic	climb-direction	0x872b94	0x874994		0x3	2	0x872bc3
classic	climb-direction	0x872b94	0x874994		0x4	3	0x872b9e
classic	climb-direction	0x872b94	0x874994		0x5	4	0x872ba6
classic	climb-direction	0x872b94	0x874994		0x6	5	0x872bae
classic	climb-direction	0x872b94	0x874994		0x7	6	0x872bc3
classic	climb-direction	0x872b94	0x874994		0x8	7	0x872ba2
classic	climb-direction	0x872b94	0x874994		0x9	8	0x872baa
classic	climb-direction	0x872b94	0x874994		0xa	9	0x872bb2
classic	climb-direction	0x872b94	0x874994		default		0x872bc3
classic	speed-direction	0x873137	0x8749bc		0x1	0	0x873361
classic	speed-direction	0x873137	0x8749bc		0x2	1	0x873365
classic	speed-direction	0x873137	0x8749bc		0x3	2	0x87338e
classic	speed-direction	0x873137	0x8749bc		0x4	3	0x873369
classic	speed-direction	0x873137	0x8749bc		0x5	4	0x873371
classic	speed-direction	0x873137	0x8749bc		0x6	5	0x873379
classic	speed-direction	0x873137	0x8749bc		0x7	6	0x87338e
classic	speed-direction	0x873137	0x8749bc		0x8	7	0x87336d
classic	speed-direction	0x873137	0x8749bc		0x9	8	0x873375
classic	speed-direction	0x873137	0x8749bc		0xa	9	0x87337d
classic	speed-direction	0x873137	0x8749bc		default		0x87338e
classic	vegetation-low	0x873e83	0x8749e4	0x8749ec	0x31	0	0x873eb2
classic	vegetation-low	0x873e83	0x8749e4	0x8749ec	0x32	0	0x873eb2
classic	vegetation-low	0x873e83	0x8749e4	0x8749ec	0x33	0	0x873eb2
classic	vegetation-low	0x873e83	0x8749e4	0x8749ec	0x34	0	0x873eb2
classic	vegetation-low	0x873e83	0x8749e4	0x8749ec	0x35	0	0x873eb2
classic	vegetation-low	0x873e83	0x8749e4	0x8749ec	0x36	0	0x873eb2
classic	vegetation-low	0x873e83	0x8749e4	0x8749ec	0x37	1	0x873d84
classic	vegetation-low	0x873e83	0x8749e4	0x8749ec	0x38	1	0x873d84
classic	vegetation-low	0x873e83	0x8749e4	0x8749ec	0x39	1	0x873d84
classic	vegetation-low	0x873e83	0x8749e4	0x8749ec	0x3a	1	0x873d84
classic	vegetation-low	0x873e83	0x8749e4	0x8749ec	0x3b	1	0x873d84
classic	vegetation-low	0x873e83	0x8749e4	0x8749ec	0x3c	1	0x873d84
classic	vegetation-low	0x873e83	0x8749e4	0x8749ec	0x3d	1	0x873d84
classic	vegetation-low	0x873e83	0x8749e4	0x8749ec	0x3e	1	0x873d84
classic	vegetation-low	0x873e83	0x8749e4	0x8749ec	0x3f	1	0x873d84
classic	vegetation-low	0x873e83	0x8749e4	0x8749ec	0x40	1	0x873d84
classic	vegetation-low	0x873e83	0x8749e4	0x8749ec	0x41	1	0x873d84
classic	vegetation-low	0x873e83	0x8749e4	0x8749ec	0x42	1	0x873d84
classic	vegetation-low	0x873e83	0x8749e4	0x8749ec	0x43	1	0x873d84
classic	vegetation-low	0x873e83	0x8749e4	0x8749ec	0x44	1	0x873d84
classic	vegetation-low	0x873e83	0x8749e4	0x8749ec	0x45	1	0x873d84
classic	vegetation-low	0x873e83	0x8749e4	0x8749ec	0x46	1	0x873d84
classic	vegetation-low	0x873e83	0x8749e4	0x8749ec	0x47	1	0x873d84
classic	vegetation-low	0x873e83	0x8749e4	0x8749ec	0x48	1	0x873d84
classic	vegetation-low	0x873e83	0x8749e4	0x8749ec	0x49	1	0x873d84
classic	vegetation-low	0x873e83	0x8749e4	0x8749ec	0x4a	1	0x873d84
classic	vegetation-low	0x873e83	0x8749e4	0x8749ec	0x4b	1	0x873d84
classic	vegetation-low	0x873e83	0x8749e4	0x8749ec	0x4c	1	0x873d84
classic	vegetation-low	0x873e83	0x8749e4	0x8749ec	0x4d	1	0x873d84
classic	vegetation-low	0x873e83	0x8749e4	0x8749ec	0x4e	1	0x873d84
classic	vegetation-low	0x873e83	0x8749e4	0x8749ec	0x4f	1	0x873d84
classic	vegetation-low	0x873e83	0x8749e4	0x8749ec	0x50	1	0x873d84
classic	vegetation-low	0x873e83	0x8749e4	0x8749ec	0x51	1	0x873d84
classic	vegetation-low	0x873e83	0x8749e4	0x8749ec	0x52	1	0x873d84
classic	vegetation-low	0x873e83	0x8749e4	0x8749ec	0x53	1	0x873d84
classic	vegetation-low	0x873e83	0x8749e4	0x8749ec	0x54	1	0x873d84
classic	vegetation-low	0x873e83	0x8749e4	0x8749ec	0x55	1	0x873d84
classic	vegetation-low	0x873e83	0x8749e4	0x8749ec	0x56	1	0x873d84
classic	vegetation-low	0x873e83	0x8749e4	0x8749ec	0x57	1	0x873d84
classic	vegetation-low	0x873e83	0x8749e4	0x8749ec	0x58	1	0x873d84
classic	vegetation-low	0x873e83	0x8749e4	0x8749ec	0x59	1	0x873d84
classic	vegetation-low	0x873e83	0x8749e4	0x8749ec	0x5a	1	0x873d84
classic	vegetation-low	0x873e83	0x8749e4	0x8749ec	0x5b	1	0x873d84
classic	vegetation-low	0x873e83	0x8749e4	0x8749ec	0x5c	1	0x873d84
classic	vegetation-low	0x873e83	0x8749e4	0x8749ec	0x5d	1	0x873d84
classic	vegetation-low	0x873e83	0x8749e4	0x8749ec	0x5e	1	0x873d84
classic	vegetation-low	0x873e83	0x8749e4	0x8749ec	0x5f	1	0x873d84
classic	vegetation-low	0x873e83	0x8749e4	0x8749ec	0x60	1	0x873d84
classic	vegetation-low	0x873e83	0x8749e4	0x8749ec	0x61	1	0x873d84
classic	vegetation-low	0x873e83	0x8749e4	0x8749ec	0x62	1	0x873d84
classic	vegetation-low	0x873e83	0x8749e4	0x8749ec	0x63	1	0x873d84
classic	vegetation-low	0x873e83	0x8749e4	0x8749ec	0x64	1	0x873d84
classic	vegetation-low	0x873e83	0x8749e4	0x8749ec	0x65	1	0x873d84
classic	vegetation-low	0x873e83	0x8749e4	0x8749ec	0x66	1	0x873d84
classic	vegetation-low	0x873e83	0x8749e4	0x8749ec	0x67	1	0x873d84
classic	vegetation-low	0x873e83	0x8749e4	0x8749ec	0x68	1	0x873d84
classic	vegetation-low	0x873e83	0x8749e4	0x8749ec	0x69	1	0x873d84
classic	vegetation-low	0x873e83	0x8749e4	0x8749ec	0x6a	1	0x873d84
classic	vegetation-low	0x873e83	0x8749e4	0x8749ec	0x6b	1	0x873d84
classic	vegetation-low	0x873e83	0x8749e4	0x8749ec	0x6c	1	0x873d84
classic	vegetation-low	0x873e83	0x8749e4	0x8749ec	0x6d	1	0x873d84
classic	vegetation-low	0x873e83	0x8749e4	0x8749ec	0x6e	1	0x873d84
classic	vegetation-low	0x873e83	0x8749e4	0x8749ec	0x6f	1	0x873d84
classic	vegetation-low	0x873e83	0x8749e4	0x8749ec	0x70	1	0x873d84
classic	vegetation-low	0x873e83	0x8749e4	0x8749ec	0x71	1	0x873d84
classic	vegetation-low	0x873e83	0x8749e4	0x8749ec	0x72	1	0x873d84
classic	vegetation-low	0x873e83	0x8749e4	0x8749ec	0x73	1	0x873d84
classic	vegetation-low	0x873e83	0x8749e4	0x8749ec	0x74	1	0x873d84
classic	vegetation-low	0x873e83	0x8749e4	0x8749ec	0x75	1	0x873d84
classic	vegetation-low	0x873e83	0x8749e4	0x8749ec	0x76	1	0x873d84
classic	vegetation-low	0x873e83	0x8749e4	0x8749ec	0x77	1	0x873d84
classic	vegetation-low	0x873e83	0x8749e4	0x8749ec	0x78	1	0x873d84
classic	vegetation-low	0x873e83	0x8749e4	0x8749ec	0x79	1	0x873d84
classic	vegetation-low	0x873e83	0x8749e4	0x8749ec	0x7a	1	0x873d84
classic	vegetation-low	0x873e83	0x8749e4	0x8749ec	0x7b	1	0x873d84
classic	vegetation-low	0x873e83	0x8749e4	0x8749ec	0x7c	1	0x873d84
classic	vegetation-low	0x873e83	0x8749e4	0x8749ec	0x7d	1	0x873d84
classic	vegetation-low	0x873e83	0x8749e4	0x8749ec	0x7e	1	0x873d84
classic	vegetation-low	0x873e83	0x8749e4	0x8749ec	0x7f	1	0x873d84
classic	vegetation-low	0x873e83	0x8749e4	0x8749ec	0x80	1	0x873d84
classic	vegetation-low	0x873e83	0x8749e4	0x8749ec	0x81	1	0x873d84
classic	vegetation-low	0x873e83	0x8749e4	0x8749ec	0x82	1	0x873d84
classic	vegetation-low	0x873e83	0x8749e4	0x8749ec	0x83	1	0x873d84
classic	vegetation-low	0x873e83	0x8749e4	0x8749ec	0x84	1	0x873d84
classic	vegetation-low	0x873e83	0x8749e4	0x8749ec	0x85	1	0x873d84
classic	vegetation-low	0x873e83	0x8749e4	0x8749ec	0x86	1	0x873d84
classic	vegetation-low	0x873e83	0x8749e4	0x8749ec	0x87	1	0x873d84
classic	vegetation-low	0x873e83	0x8749e4	0x8749ec	0x88	1	0x873d84
classic	vegetation-low	0x873e83	0x8749e4	0x8749ec	0x89	1	0x873d84
classic	vegetation-low	0x873e83	0x8749e4	0x8749ec	0x8a	1	0x873d84
classic	vegetation-low	0x873e83	0x8749e4	0x8749ec	0x8b	1	0x873d84
classic	vegetation-low	0x873e83	0x8749e4	0x8749ec	0x8c	1	0x873d84
classic	vegetation-low	0x873e83	0x8749e4	0x8749ec	0x8d	1	0x873d84
classic	vegetation-low	0x873e83	0x8749e4	0x8749ec	0x8e	1	0x873d84
classic	vegetation-low	0x873e83	0x8749e4	0x8749ec	0x8f	1	0x873d84
classic	vegetation-low	0x873e83	0x8749e4	0x8749ec	0x90	1	0x873d84
classic	vegetation-low	0x873e83	0x8749e4	0x8749ec	0x91	1	0x873d84
classic	vegetation-low	0x873e83	0x8749e4	0x8749ec	0x92	1	0x873d84
classic	vegetation-low	0x873e83	0x8749e4	0x8749ec	0x93	1	0x873d84
classic	vegetation-low	0x873e83	0x8749e4	0x8749ec	0x94	1	0x873d84
classic	vegetation-low	0x873e83	0x8749e4	0x8749ec	0x95	1	0x873d84
classic	vegetation-low	0x873e83	0x8749e4	0x8749ec	0x96	1	0x873d84
classic	vegetation-low	0x873e83	0x8749e4	0x8749ec	0x97	1	0x873d84
classic	vegetation-low	0x873e83	0x8749e4	0x8749ec	0x98	1	0x873d84
classic	vegetation-low	0x873e83	0x8749e4	0x8749ec	0x99	1	0x873d84
classic	vegetation-low	0x873e83	0x8749e4	0x8749ec	0x9a	1	0x873d84
classic	vegetation-low	0x873e83	0x8749e4	0x8749ec	0x9b	1	0x873d84
classic	vegetation-low	0x873e83	0x8749e4	0x8749ec	0x9c	1	0x873d84
classic	vegetation-low	0x873e83	0x8749e4	0x8749ec	0x9d	1	0x873d84
classic	vegetation-low	0x873e83	0x8749e4	0x8749ec	0x9e	1	0x873d84
classic	vegetation-low	0x873e83	0x8749e4	0x8749ec	0x9f	1	0x873d84
classic	vegetation-low	0x873e83	0x8749e4	0x8749ec	0xa0	1	0x873d84
classic	vegetation-low	0x873e83	0x8749e4	0x8749ec	0xa1	1	0x873d84
classic	vegetation-low	0x873e83	0x8749e4	0x8749ec	0xa2	1	0x873d84
classic	vegetation-low	0x873e83	0x8749e4	0x8749ec	0xa3	1	0x873d84
classic	vegetation-low	0x873e83	0x8749e4	0x8749ec	0xa4	1	0x873d84
classic	vegetation-low	0x873e83	0x8749e4	0x8749ec	0xa5	1	0x873d84
classic	vegetation-low	0x873e83	0x8749e4	0x8749ec	0xa6	1	0x873d84
classic	vegetation-low	0x873e83	0x8749e4	0x8749ec	0xa7	1	0x873d84
classic	vegetation-low	0x873e83	0x8749e4	0x8749ec	0xa8	1	0x873d84
classic	vegetation-low	0x873e83	0x8749e4	0x8749ec	0xa9	1	0x873d84
classic	vegetation-low	0x873e83	0x8749e4	0x8749ec	0xaa	1	0x873d84
classic	vegetation-low	0x873e83	0x8749e4	0x8749ec	0xab	1	0x873d84
classic	vegetation-low	0x873e83	0x8749e4	0x8749ec	0xac	1	0x873d84
classic	vegetation-low	0x873e83	0x8749e4	0x8749ec	0xad	1	0x873d84
classic	vegetation-low	0x873e83	0x8749e4	0x8749ec	0xae	1	0x873d84
classic	vegetation-low	0x873e83	0x8749e4	0x8749ec	0xaf	1	0x873d84
classic	vegetation-low	0x873e83	0x8749e4	0x8749ec	0xb0	1	0x873d84
classic	vegetation-low	0x873e83	0x8749e4	0x8749ec	0xb1	1	0x873d84
classic	vegetation-low	0x873e83	0x8749e4	0x8749ec	0xb2	1	0x873d84
classic	vegetation-low	0x873e83	0x8749e4	0x8749ec	0xb3	1	0x873d84
classic	vegetation-low	0x873e83	0x8749e4	0x8749ec	0xb4	1	0x873d84
classic	vegetation-low	0x873e83	0x8749e4	0x8749ec	0xb5	1	0x873d84
classic	vegetation-low	0x873e83	0x8749e4	0x8749ec	0xb6	1	0x873d84
classic	vegetation-low	0x873e83	0x8749e4	0x8749ec	0xb7	1	0x873d84
classic	vegetation-low	0x873e83	0x8749e4	0x8749ec	0xb8	1	0x873d84
classic	vegetation-low	0x873e83	0x8749e4	0x8749ec	0xb9	1	0x873d84
classic	vegetation-low	0x873e83	0x8749e4	0x8749ec	0xba	1	0x873d84
classic	vegetation-low	0x873e83	0x8749e4	0x8749ec	0xbb	1	0x873d84
classic	vegetation-low	0x873e83	0x8749e4	0x8749ec	0xbc	1	0x873d84
classic	vegetation-low	0x873e83	0x8749e4	0x8749ec	0xbd	1	0x873d84
classic	vegetation-low	0x873e83	0x8749e4	0x8749ec	0xbe	1	0x873d84
classic	vegetation-low	0x873e83	0x8749e4	0x8749ec	0xbf	1	0x873d84
classic	vegetation-low	0x873e83	0x8749e4	0x8749ec	0xc0	1	0x873d84
classic	vegetation-low	0x873e83	0x8749e4	0x8749ec	0xc1	1	0x873d84
classic	vegetation-low	0x873e83	0x8749e4	0x8749ec	0xc2	1	0x873d84
classic	vegetation-low	0x873e83	0x8749e4	0x8749ec	0xc3	1	0x873d84
classic	vegetation-low	0x873e83	0x8749e4	0x8749ec	0xc4	1	0x873d84
classic	vegetation-low	0x873e83	0x8749e4	0x8749ec	0xc5	1	0x873d84
classic	vegetation-low	0x873e83	0x8749e4	0x8749ec	0xc6	1	0x873d84
classic	vegetation-low	0x873e83	0x8749e4	0x8749ec	0xc7	1	0x873d84
classic	vegetation-low	0x873e83	0x8749e4	0x8749ec	0xc8	1	0x873d84
classic	vegetation-low	0x873e83	0x8749e4	0x8749ec	0xc9	1	0x873d84
classic	vegetation-low	0x873e83	0x8749e4	0x8749ec	0xca	1	0x873d84
classic	vegetation-low	0x873e83	0x8749e4	0x8749ec	0xcb	1	0x873d84
classic	vegetation-low	0x873e83	0x8749e4	0x8749ec	0xcc	1	0x873d84
classic	vegetation-low	0x873e83	0x8749e4	0x8749ec	0xcd	1	0x873d84
classic	vegetation-low	0x873e83	0x8749e4	0x8749ec	0xce	1	0x873d84
classic	vegetation-low	0x873e83	0x8749e4	0x8749ec	0xcf	1	0x873d84
classic	vegetation-low	0x873e83	0x8749e4	0x8749ec	0xd0	1	0x873d84
classic	vegetation-low	0x873e83	0x8749e4	0x8749ec	0xd1	1	0x873d84
classic	vegetation-low	0x873e83	0x8749e4	0x8749ec	0xd2	1	0x873d84
classic	vegetation-low	0x873e83	0x8749e4	0x8749ec	0xd3	1	0x873d84
classic	vegetation-low	0x873e83	0x8749e4	0x8749ec	0xd4	1	0x873d84
classic	vegetation-low	0x873e83	0x8749e4	0x8749ec	0xd5	1	0x873d84
classic	vegetation-low	0x873e83	0x8749e4	0x8749ec	0xd6	1	0x873d84
classic	vegetation-low	0x873e83	0x8749e4	0x8749ec	0xd7	1	0x873d84
classic	vegetation-low	0x873e83	0x8749e4	0x8749ec	0xd8	1	0x873d84
classic	vegetation-low	0x873e83	0x8749e4	0x8749ec	0xd9	1	0x873d84
classic	vegetation-low	0x873e83	0x8749e4	0x8749ec	0xda	1	0x873d84
classic	vegetation-low	0x873e83	0x8749e4	0x8749ec	0xdb	1	0x873d84
classic	vegetation-low	0x873e83	0x8749e4	0x8749ec	0xdc	1	0x873d84
classic	vegetation-low	0x873e83	0x8749e4	0x8749ec	0xdd	1	0x873d84
classic	vegetation-low	0x873e83	0x8749e4	0x8749ec	0xde	1	0x873d84
classic	vegetation-low	0x873e83	0x8749e4	0x8749ec	0xdf	1	0x873d84
classic	vegetation-low	0x873e83	0x8749e4	0x8749ec	0xe0	1	0x873d84
classic	vegetation-low	0x873e83	0x8749e4	0x8749ec	0xe1	1	0x873d84
classic	vegetation-low	0x873e83	0x8749e4	0x8749ec	0xe2	1	0x873d84
classic	vegetation-low	0x873e83	0x8749e4	0x8749ec	0xe3	1	0x873d84
classic	vegetation-low	0x873e83	0x8749e4	0x8749ec	0xe4	1	0x873d84
classic	vegetation-low	0x873e83	0x8749e4	0x8749ec	0xe5	0	0x873eb2
classic	vegetation-low	0x873e83	0x8749e4	0x8749ec	0xe6	0	0x873eb2
classic	vegetation-low	0x873e83	0x8749e4	0x8749ec	0xe7	0	0x873eb2
classic	vegetation-low	0x873e83	0x8749e4	0x8749ec	0xe8	0	0x873eb2
classic	vegetation-low	0x873e83	0x8749e4	0x8749ec	default		0x873d84
classic	vegetation-high	0x873eaf	0x874aa4	0x874aac	0x159	0	0x873eb2
classic	vegetation-high	0x873eaf	0x874aa4	0x874aac	0x15a	0	0x873eb2
classic	vegetation-high	0x873eaf	0x874aa4	0x874aac	0x15b	0	0x873eb2
classic	vegetation-high	0x873eaf	0x874aa4	0x874aac	0x15c	1	0x873d84
classic	vegetation-high	0x873eaf	0x874aa4	0x874aac	0x15d	1	0x873d84
classic	vegetation-high	0x873eaf	0x874aa4	0x874aac	0x15e	1	0x873d84
classic	vegetation-high	0x873eaf	0x874aa4	0x874aac	0x15f	1	0x873d84
classic	vegetation-high	0x873eaf	0x874aa4	0x874aac	0x160	1	0x873d84
classic	vegetation-high	0x873eaf	0x874aa4	0x874aac	0x161	1	0x873d84
classic	vegetation-high	0x873eaf	0x874aa4	0x874aac	0x162	1	0x873d84
classic	vegetation-high	0x873eaf	0x874aa4	0x874aac	0x163	1	0x873d84
classic	vegetation-high	0x873eaf	0x874aa4	0x874aac	0x164	1	0x873d84
classic	vegetation-high	0x873eaf	0x874aa4	0x874aac	0x165	1	0x873d84
classic	vegetation-high	0x873eaf	0x874aa4	0x874aac	0x166	1	0x873d84
classic	vegetation-high	0x873eaf	0x874aa4	0x874aac	0x167	1	0x873d84
classic	vegetation-high	0x873eaf	0x874aa4	0x874aac	0x168	1	0x873d84
classic	vegetation-high	0x873eaf	0x874aa4	0x874aac	0x169	1	0x873d84
classic	vegetation-high	0x873eaf	0x874aa4	0x874aac	0x16a	1	0x873d84
classic	vegetation-high	0x873eaf	0x874aa4	0x874aac	0x16b	1	0x873d84
classic	vegetation-high	0x873eaf	0x874aa4	0x874aac	0x16c	1	0x873d84
classic	vegetation-high	0x873eaf	0x874aa4	0x874aac	0x16d	1	0x873d84
classic	vegetation-high	0x873eaf	0x874aa4	0x874aac	0x16e	1	0x873d84
classic	vegetation-high	0x873eaf	0x874aa4	0x874aac	0x16f	1	0x873d84
classic	vegetation-high	0x873eaf	0x874aa4	0x874aac	0x170	1	0x873d84
classic	vegetation-high	0x873eaf	0x874aa4	0x874aac	0x171	1	0x873d84
classic	vegetation-high	0x873eaf	0x874aa4	0x874aac	0x172	1	0x873d84
classic	vegetation-high	0x873eaf	0x874aa4	0x874aac	0x173	1	0x873d84
classic	vegetation-high	0x873eaf	0x874aa4	0x874aac	0x174	1	0x873d84
classic	vegetation-high	0x873eaf	0x874aa4	0x874aac	0x175	1	0x873d84
classic	vegetation-high	0x873eaf	0x874aa4	0x874aac	0x176	1	0x873d84
classic	vegetation-high	0x873eaf	0x874aa4	0x874aac	0x177	1	0x873d84
classic	vegetation-high	0x873eaf	0x874aa4	0x874aac	0x178	1	0x873d84
classic	vegetation-high	0x873eaf	0x874aa4	0x874aac	0x179	1	0x873d84
classic	vegetation-high	0x873eaf	0x874aa4	0x874aac	0x17a	1	0x873d84
classic	vegetation-high	0x873eaf	0x874aa4	0x874aac	0x17b	1	0x873d84
classic	vegetation-high	0x873eaf	0x874aa4	0x874aac	0x17c	1	0x873d84
classic	vegetation-high	0x873eaf	0x874aa4	0x874aac	0x17d	1	0x873d84
classic	vegetation-high	0x873eaf	0x874aa4	0x874aac	0x17e	1	0x873d84
classic	vegetation-high	0x873eaf	0x874aa4	0x874aac	0x17f	0	0x873eb2
classic	vegetation-high	0x873eaf	0x874aa4	0x874aac	0x180	0	0x873eb2
classic	vegetation-high	0x873eaf	0x874aa4	0x874aac	0x181	0	0x873eb2
classic	vegetation-high	0x873eaf	0x874aa4	0x874aac	0x182	0	0x873eb2
classic	vegetation-high	0x873eaf	0x874aa4	0x874aac	0x183	1	0x873d84
classic	vegetation-high	0x873eaf	0x874aa4	0x874aac	0x184	1	0x873d84
classic	vegetation-high	0x873eaf	0x874aa4	0x874aac	0x185	1	0x873d84
classic	vegetation-high	0x873eaf	0x874aa4	0x874aac	0x186	0	0x873eb2
classic	vegetation-high	0x873eaf	0x874aa4	0x874aac	0x187	0	0x873eb2
classic	vegetation-high	0x873eaf	0x874aa4	0x874aac	0x188	0	0x873eb2
classic	vegetation-high	0x873eaf	0x874aa4	0x874aac	0x189	0	0x873eb2
classic	vegetation-high	0x873eaf	0x874aa4	0x874aac	0x18a	0	0x873eb2
classic	vegetation-high	0x873eaf	0x874aa4	0x874aac	0x18b	0	0x873eb2
classic	vegetation-high	0x873eaf	0x874aa4	0x874aac	0x18c	0	0x873eb2
classic	vegetation-high	0x873eaf	0x874aa4	0x874aac	0x18d	0	0x873eb2
classic	vegetation-high	0x873eaf	0x874aa4	0x874aac	default		0x873d84
classic	vegetation-explicit	0x873e58			0x158		0x873eb2
