edition	image_identity	list_rva	owner_rva	owner_end_rva	reference_count	disassembly_file
reference	PE:6a70a6d9:02711000	0x269bc20	0x3d6950	0x3fd60d	7	reference-look-vector-owner-3d6950.asm
reference	PE:6a70a6d9:02711000	0x269bc20	0x4085f0	0x40a214	57	reference-look-vector-owner-4085f0.asm
reference	PE:6a70a6d9:02711000	0x269bc20	0x420dd0	0x420de3	2	reference-look-vector-owner-420dd0.asm
reference	PE:6a70a6d9:02711000	0x269bc20	0x420df0	0x420dfe	1	reference-look-vector-owner-420df0.asm
reference	PE:6a70a6d9:02711000	0x269bc20	0x420e00	0x420e0e	1	reference-look-vector-owner-420e00.asm
reference	PE:6a70a6d9:02711000	0x269bc20	0x420e10	0x420e37	3	reference-look-vector-owner-420e10.asm
reference	PE:6a70a6d9:02711000	0x269bc20	0x420e40	0x420fb4	11	reference-look-vector-owner-420e40.asm
reference	PE:6a70a6d9:02711000	0x269bc20	0x7f3cb0	0x7f6c21	22	reference-look-vector-owner-7f3cb0.asm
reference	PE:6a70a6d9:02711000	0x269bc20	0x8bf060	0x8bf0f9	5	reference-look-vector-owner-8bf060.asm
reference	PE:6a70a6d9:02711000	0x269bc20	0xaf1190	0xb03c40	7	reference-look-vector-owner-af1190.asm
reference	PE:6a70a6d9:02711000	0x269bc20	0x15e2420	0x15e2486	4	reference-look-vector-owner-15e2420.asm
classic	PE:6a70b91c:0270a000	0x2695b10	0x3d4510	0x3fb1cd	7	classic-look-vector-owner-3d4510.asm
classic	PE:6a70b91c:0270a000	0x2695b10	0x4061b0	0x407dd4	57	classic-look-vector-owner-4061b0.asm
classic	PE:6a70b91c:0270a000	0x2695b10	0x41e990	0x41e9a3	2	classic-look-vector-owner-41e990.asm
classic	PE:6a70b91c:0270a000	0x2695b10	0x41e9b0	0x41e9be	1	classic-look-vector-owner-41e9b0.asm
classic	PE:6a70b91c:0270a000	0x2695b10	0x41e9c0	0x41e9ce	1	classic-look-vector-owner-41e9c0.asm
classic	PE:6a70b91c:0270a000	0x2695b10	0x41e9d0	0x41e9f7	3	classic-look-vector-owner-41e9d0.asm
classic	PE:6a70b91c:0270a000	0x2695b10	0x41ea00	0x41eb74	11	classic-look-vector-owner-41ea00.asm
classic	PE:6a70b91c:0270a000	0x2695b10	0x7f1530	0x7f44a1	22	classic-look-vector-owner-7f1530.asm
classic	PE:6a70b91c:0270a000	0x2695b10	0x8bc8e0	0x8bc979	5	classic-look-vector-owner-8bc8e0.asm
classic	PE:6a70b91c:0270a000	0x2695b10	0xaee1d0	0xb00c80	7	classic-look-vector-owner-aee1d0.asm
classic	PE:6a70b91c:0270a000	0x2695b10	0x15dcf50	0x15dcfb6	4	classic-look-vector-owner-15dcf50.asm
