edition	owner_rva	slot_rva	slot_index	locator_rva	type_descriptor_rva	native_class
reference	0x14ef90					no direct vtable slot reference
reference	0x406860					no direct vtable slot reference
reference	0x7f3cb0	0x16b9f60	3	0x179fc18	0x18c8740	.?AVviewscreen_dungeonmodest@@
reference	0x83a0e0	0x16b8d68	1	0x17a1728	0x18c89d0	.?AVadventure_environment_pickup_ignite_vegst@@
reference	0x841440	0x16baf48	1	0x17a15a0	0x18c8bc0	.?AVadventure_movement_movest@@
reference	0x841900	0x16bcb98	1	0x17a1908	0x18c8a10	.?AVadventure_movement_climbst@@
reference	0x841bf0	0x16ba328	1	0x17a1230	0x18c88a8	.?AVadventure_movement_hold_tilest@@
reference	0x842050	0x16b6578	1	0x179f7b0	0x18c81d8	.?AVadventure_movement_dismountst@@
reference	0x8421b0	0x16b7ca8	1	0x17a0378	0x18c91a0	.?AVadventure_movement_release_hold_tilest@@
reference	0x8a5540	0x16bb2c0	1	0x17a0d00	0x18c83e0	.?AVadventure_movement_shoot_tilest@@
reference	0x8a64d0	0x16b5fb0	1	0x17a0aa8	0x18c8ee0	.?AVadventure_movement_throw_item_at_tilest@@
reference	0x8a6e70					no direct vtable slot reference
reference	0xa398a0					no direct vtable slot reference
reference	0x13ea8f0					no direct vtable slot reference
reference	0x15059c0					no direct vtable slot reference
reference	0x8b3170	0x16be510	2	0x17a1fb0	0x18c9568	.?AVviewscreen_dwarfmodest@@
reference	0x8bcc70	0x16be518	3	0x17a1fb0	0x18c9568	.?AVviewscreen_dwarfmodest@@
classic	0x14ef20					no direct vtable slot reference
classic	0x404420					no direct vtable slot reference
classic	0x7f1530	0x16b4e50	3	0x179a550	0x18c2710	.?AVviewscreen_dungeonmodest@@
classic	0x837960	0x16b3c58	1	0x179c050	0x18c2970	.?AVadventure_environment_pickup_ignite_vegst@@
classic	0x83ecc0	0x16b5e38	1	0x179bea0	0x18c2b40	.?AVadventure_movement_movest@@
classic	0x83f180	0x16b7bb0	1	0x179c230	0x18c29b0	.?AVadventure_movement_climbst@@
classic	0x83f470	0x16b5218	1	0x179bb68	0x18c28a0	.?AVadventure_movement_hold_tilest@@
classic	0x83f8d0	0x16b1468	1	0x179a178	0x18c21b8	.?AVadventure_movement_dismountst@@
classic	0x83fa30	0x16b2b98	1	0x179ac88	0x18c31b0	.?AVadventure_movement_release_hold_tilest@@
classic	0x8a2dc0	0x16b61b0	1	0x179b658	0x18c23b8	.?AVadventure_movement_shoot_tilest@@
classic	0x8a3d50	0x16b0ea0	1	0x179b260	0x18c2eb0	.?AVadventure_movement_throw_item_at_tilest@@
classic	0x8a46f0					no direct vtable slot reference
classic	0xa370d0					no direct vtable slot reference
classic	0x13e5860					no direct vtable slot reference
classic	0x1500930					no direct vtable slot reference
classic	0x8b09f0	0x16b9400	2	0x179c8c0	0x18c3538	.?AVviewscreen_dwarfmodest@@
classic	0x8ba4f0	0x16b9408	3	0x179c8c0	0x18c3538	.?AVviewscreen_dwarfmodest@@
