edition	call_rva	return_rva	target_rva	leaf_role	owner_rva	owner_end_rva	caller_has_direct_vector_reference
reference	0x3f9317	0x3f931c	0x420dd0	size	0x3d6950	0x3fd60d	1
reference	0x3f936a	0x3f936f	0x420dd0	size	0x3d6950	0x3fd60d	1
reference	0x3f9487	0x3f948c	0x420e00	begin-iterator	0x3d6950	0x3fd60d	1
reference	0x3f949a	0x3f949f	0x420df0	end-iterator	0x3d6950	0x3fd60d	1
reference	0x3f95a8	0x3f95ad	0x420dd0	size	0x3d6950	0x3fd60d	1
reference	0x3f96b5	0x3f96ba	0x420e00	begin-iterator	0x3d6950	0x3fd60d	1
reference	0x3f96c8	0x3f96cd	0x420df0	end-iterator	0x3d6950	0x3fd60d	1
reference	0x408771	0x408776	0x420e10	pointer-push	0x4085f0	0x40a214	1
reference	0x408923	0x408928	0x420e10	pointer-push	0x4085f0	0x40a214	1
reference	0x4089ae	0x4089b3	0x420e10	pointer-push	0x4085f0	0x40a214	1
reference	0xb02d0a	0xb02d0f	0x420dd0	size	0xaf1190	0xb03c40	1
reference	0xb02e55	0xb02e5a	0x420dd0	size	0xaf1190	0xb03c40	1
reference	0xb02f37	0xb02f3c	0x420e00	begin-iterator	0xaf1190	0xb03c40	1
reference	0xb02f4a	0xb02f4f	0x420df0	end-iterator	0xaf1190	0xb03c40	1
reference	0xb03046	0xb0304b	0x420dd0	size	0xaf1190	0xb03c40	1
reference	0xb03124	0xb03129	0x420e00	begin-iterator	0xaf1190	0xb03c40	1
reference	0xb03137	0xb0313c	0x420df0	end-iterator	0xaf1190	0xb03c40	1
classic	0x3f6ed7	0x3f6edc	0x41e990	size	0x3d4510	0x3fb1cd	1
classic	0x3f6f2a	0x3f6f2f	0x41e990	size	0x3d4510	0x3fb1cd	1
classic	0x3f7047	0x3f704c	0x41e9c0	begin-iterator	0x3d4510	0x3fb1cd	1
classic	0x3f705a	0x3f705f	0x41e9b0	end-iterator	0x3d4510	0x3fb1cd	1
classic	0x3f7168	0x3f716d	0x41e990	size	0x3d4510	0x3fb1cd	1
classic	0x3f7275	0x3f727a	0x41e9c0	begin-iterator	0x3d4510	0x3fb1cd	1
classic	0x3f7288	0x3f728d	0x41e9b0	end-iterator	0x3d4510	0x3fb1cd	1
classic	0x406331	0x406336	0x41e9d0	pointer-push	0x4061b0	0x407dd4	1
classic	0x4064e3	0x4064e8	0x41e9d0	pointer-push	0x4061b0	0x407dd4	1
classic	0x40656e	0x406573	0x41e9d0	pointer-push	0x4061b0	0x407dd4	1
classic	0xaffd4a	0xaffd4f	0x41e990	size	0xaee1d0	0xb00c80	1
classic	0xaffe95	0xaffe9a	0x41e990	size	0xaee1d0	0xb00c80	1
classic	0xafff77	0xafff7c	0x41e9c0	begin-iterator	0xaee1d0	0xb00c80	1
classic	0xafff8a	0xafff8f	0x41e9b0	end-iterator	0xaee1d0	0xb00c80	1
classic	0xb00086	0xb0008b	0x41e990	size	0xaee1d0	0xb00c80	1
classic	0xb00164	0xb00169	0x41e9c0	begin-iterator	0xaee1d0	0xb00c80	1
classic	0xb00177	0xb0017c	0x41e9b0	end-iterator	0xaee1d0	0xb00c80	1
