# Reference-image terrain-caption LEA literal sources for the map hover; these are translation provenance, not runtime addresses.
# Complete dual-image producer bodies, RIP/inline operands, decoded selector/remap/default routes and actual draw consumers: data/extracted/terrain-captions/.
# Grass-event lookup owner 0x1414d1330..0x1414d143b has no text literals: it returns event type4 with positive tile amount. Terrain resolves event+0x8 to plant RAW and reads plural +0x50 or adjective +0x90; this is not a material-adjective formatter.
# image	owner	formatter	end	reference	literal_address	text	resolver
PE:6a70a6d9:02711000	terrain	0x140e7d330	0x140e8482c	0x140e7d5ed	0x14173132c	Muddy 	::tiles
PE:6a70a6d9:02711000	terrain	0x140e7d330	0x140e8482c	0x140e7d667	0x141731370	Snow-covered 	::tiles
PE:6a70a6d9:02711000	terrain	0x140e7d330	0x140e8482c	0x140e7d693	0x141731380	Mossy 	::tiles
PE:6a70a6d9:02711000	terrain	0x140e7d330	0x140e8482c	0x140e7d74e	0x1415e90d8	, 	::tiles
PE:6a70a6d9:02711000	terrain	0x140e7d330	0x140e8482c	0x140e7d795	0x1417313e0	Dead 	::tiles
PE:6a70a6d9:02711000	terrain	0x140e7d330	0x140e8482c	0x140e7dd07	0x1415e90d8	, 	::tiles
PE:6a70a6d9:02711000	terrain	0x140e7d330	0x140e8482c	0x140e7dd52	0x141615704	Tree	::tiles
PE:6a70a6d9:02711000	terrain	0x140e7d330	0x140e8482c	0x140e7de0c	0x1417313e8	Dense 	::tiles
PE:6a70a6d9:02711000	terrain	0x140e7d330	0x140e8482c	0x140e7de1a	0x1417313a8	Sparse 	::tiles
PE:6a70a6d9:02711000	terrain	0x140e7d330	0x140e8482c	0x140e7e1ce	0x1415e90d8	, 	::tiles
PE:6a70a6d9:02711000	terrain	0x140e7d330	0x140e8482c	0x140e7e20e	0x1417313b0	Grass	::tiles
PE:6a70a6d9:02711000	terrain	0x140e7d330	0x140e8482c	0x140e7e290	0x1417313e8	Dense 	::tiles
PE:6a70a6d9:02711000	terrain	0x140e7d330	0x140e8482c	0x140e7e29e	0x1417313a8	Sparse 	::tiles
PE:6a70a6d9:02711000	terrain	0x140e7d330	0x140e8482c	0x140e7e2ad	0x1417313b8	Dry 	::tiles
PE:6a70a6d9:02711000	terrain	0x140e7d330	0x140e8482c	0x140e7e66d	0x1415e90d8	, 	::tiles
PE:6a70a6d9:02711000	terrain	0x140e7d330	0x140e8482c	0x140e7e6c8	0x1417313c0	Dry Grass	::tiles
PE:6a70a6d9:02711000	terrain	0x140e7d330	0x140e8482c	0x140e7e74e	0x1417313e8	Dense 	::tiles
PE:6a70a6d9:02711000	terrain	0x140e7d330	0x140e8482c	0x140e7e75c	0x1417313a8	Sparse 	::tiles
PE:6a70a6d9:02711000	terrain	0x140e7d330	0x140e8482c	0x140e7e76b	0x1417313e0	Dead 	::tiles
PE:6a70a6d9:02711000	terrain	0x140e7d330	0x140e8482c	0x140e7e78b	0x141731428	Dead Grass	::tiles
PE:6a70a6d9:02711000	terrain	0x140e7d330	0x140e8482c	0x140e7e79f	0x141731434	Level	::tiles
PE:6a70a6d9:02711000	terrain	0x140e7d330	0x140e8482c	0x140e7e7a6	0x141731388	Sculpted	::tiles
PE:6a70a6d9:02711000	terrain	0x140e7d330	0x140e8482c	0x140e7e7be	0x141731440	 Ice Floor	::tiles
PE:6a70a6d9:02711000	terrain	0x140e7d330	0x140e8482c	0x140e7e7d2	0x1417313f0	Shoddy 	::tiles
PE:6a70a6d9:02711000	terrain	0x140e7d330	0x140e8482c	0x140e7e7fe	0x14173144c	 Floor	::tiles
PE:6a70a6d9:02711000	terrain	0x140e7d330	0x140e8482c	0x140e7e88e	0x1417313f8	 Track (N)	::tiles
PE:6a70a6d9:02711000	terrain	0x140e7d330	0x140e8482c	0x140e7e8bf	0x1417313f8	 Track (N)	::tiles
PE:6a70a6d9:02711000	terrain	0x140e7d330	0x140e8482c	0x140e7e8d3	0x141731408	Ice Track (N)	::tiles
PE:6a70a6d9:02711000	terrain	0x140e7d330	0x140e8482c	0x140e7e963	0x141731418	 Track (S)	::tiles
PE:6a70a6d9:02711000	terrain	0x140e7d330	0x140e8482c	0x140e7e994	0x141731418	 Track (S)	::tiles
PE:6a70a6d9:02711000	terrain	0x140e7d330	0x140e8482c	0x140e7e9a8	0x141731498	Ice Track (S)	::tiles
PE:6a70a6d9:02711000	terrain	0x140e7d330	0x140e8482c	0x140e7ea38	0x1417314a8	 Track (E)	::tiles
PE:6a70a6d9:02711000	terrain	0x140e7d330	0x140e8482c	0x140e7ea69	0x1417314a8	 Track (E)	::tiles
PE:6a70a6d9:02711000	terrain	0x140e7d330	0x140e8482c	0x140e7ea7d	0x1417314b8	Ice Track (E)	::tiles
PE:6a70a6d9:02711000	terrain	0x140e7d330	0x140e8482c	0x140e7eb0d	0x1417314c8	 Track (W)	::tiles
PE:6a70a6d9:02711000	terrain	0x140e7d330	0x140e8482c	0x140e7eb3e	0x1417314c8	 Track (W)	::tiles
PE:6a70a6d9:02711000	terrain	0x140e7d330	0x140e8482c	0x140e7eb52	0x141731458	Ice Track (W)	::tiles
PE:6a70a6d9:02711000	terrain	0x140e7d330	0x140e8482c	0x140e7ebe2	0x141731468	 Track (NS)	::tiles
PE:6a70a6d9:02711000	terrain	0x140e7d330	0x140e8482c	0x140e7ec13	0x141731468	 Track (NS)	::tiles
PE:6a70a6d9:02711000	terrain	0x140e7d330	0x140e8482c	0x140e7ec27	0x141731478	Ice Track (NS)	::tiles
PE:6a70a6d9:02711000	terrain	0x140e7d330	0x140e8482c	0x140e7ecb7	0x141731488	 Track (NE)	::tiles
PE:6a70a6d9:02711000	terrain	0x140e7d330	0x140e8482c	0x140e7ece8	0x141731488	 Track (NE)	::tiles
PE:6a70a6d9:02711000	terrain	0x140e7d330	0x140e8482c	0x140e7ecfc	0x141731518	Ice Track (NE)	::tiles
PE:6a70a6d9:02711000	terrain	0x140e7d330	0x140e8482c	0x140e7ed8c	0x141731528	 Track (NW)	::tiles
PE:6a70a6d9:02711000	terrain	0x140e7d330	0x140e8482c	0x140e7edbd	0x141731528	 Track (NW)	::tiles
PE:6a70a6d9:02711000	terrain	0x140e7d330	0x140e8482c	0x140e7edd1	0x141731538	Ice Track (NW)	::tiles
PE:6a70a6d9:02711000	terrain	0x140e7d330	0x140e8482c	0x140e7ee61	0x141731548	 Track (SE)	::tiles
PE:6a70a6d9:02711000	terrain	0x140e7d330	0x140e8482c	0x140e7ee92	0x141731548	 Track (SE)	::tiles
PE:6a70a6d9:02711000	terrain	0x140e7d330	0x140e8482c	0x140e7eea6	0x1417314d8	Ice Track (SE)	::tiles
PE:6a70a6d9:02711000	terrain	0x140e7d330	0x140e8482c	0x140e7ef36	0x1417314e8	 Track (SW)	::tiles
PE:6a70a6d9:02711000	terrain	0x140e7d330	0x140e8482c	0x140e7ef67	0x1417314e8	 Track (SW)	::tiles
PE:6a70a6d9:02711000	terrain	0x140e7d330	0x140e8482c	0x140e7ef7b	0x1417314f8	Ice Track (SW)	::tiles
PE:6a70a6d9:02711000	terrain	0x140e7d330	0x140e8482c	0x140e7f00b	0x141731508	 Track (EW)	::tiles
PE:6a70a6d9:02711000	terrain	0x140e7d330	0x140e8482c	0x140e7f03c	0x141731508	 Track (EW)	::tiles
PE:6a70a6d9:02711000	terrain	0x140e7d330	0x140e8482c	0x140e7f050	0x141731598	Ice Track (EW)	::tiles
PE:6a70a6d9:02711000	terrain	0x140e7d330	0x140e8482c	0x140e7f0e0	0x1417315a8	 Track (NSE)	::tiles
PE:6a70a6d9:02711000	terrain	0x140e7d330	0x140e8482c	0x140e7f111	0x1417315a8	 Track (NSE)	::tiles
PE:6a70a6d9:02711000	terrain	0x140e7d330	0x140e8482c	0x140e7f125	0x1417315b8	Ice Track (NSE)	::tiles
PE:6a70a6d9:02711000	terrain	0x140e7d330	0x140e8482c	0x140e7f1b5	0x1417315c8	 Track (NSW)	::tiles
PE:6a70a6d9:02711000	terrain	0x140e7d330	0x140e8482c	0x140e7f1e6	0x1417315c8	 Track (NSW)	::tiles
PE:6a70a6d9:02711000	terrain	0x140e7d330	0x140e8482c	0x140e7f1fa	0x141731558	Ice Track (NSW)	::tiles
PE:6a70a6d9:02711000	terrain	0x140e7d330	0x140e8482c	0x140e7f28a	0x141731568	 Track (NEW)	::tiles
PE:6a70a6d9:02711000	terrain	0x140e7d330	0x140e8482c	0x140e7f2bb	0x141731568	 Track (NEW)	::tiles
PE:6a70a6d9:02711000	terrain	0x140e7d330	0x140e8482c	0x140e7f2cf	0x141731578	Ice Track (NEW)	::tiles
PE:6a70a6d9:02711000	terrain	0x140e7d330	0x140e8482c	0x140e7f35f	0x141731588	 Track (SEW)	::tiles
PE:6a70a6d9:02711000	terrain	0x140e7d330	0x140e8482c	0x140e7f390	0x141731588	 Track (SEW)	::tiles
PE:6a70a6d9:02711000	terrain	0x140e7d330	0x140e8482c	0x140e7f3a4	0x141731a88	Ice Track (SEW)	::tiles
PE:6a70a6d9:02711000	terrain	0x140e7d330	0x140e8482c	0x140e7f434	0x141731a98	 Track (NSEW)	::tiles
PE:6a70a6d9:02711000	terrain	0x140e7d330	0x140e8482c	0x140e7f465	0x141731a98	 Track (NSEW)	::tiles
PE:6a70a6d9:02711000	terrain	0x140e7d330	0x140e8482c	0x140e7f479	0x141731aa8	Ice Track (NSEW)	::tiles
PE:6a70a6d9:02711000	terrain	0x140e7d330	0x140e8482c	0x140e7f4c9	0x141731398	Detailed	::tiles
PE:6a70a6d9:02711000	terrain	0x140e7d330	0x140e8482c	0x140e7f4ff	0x1415e873c	 	::tiles
PE:6a70a6d9:02711000	terrain	0x140e7d330	0x140e8482c	0x140e7f512	0x141731398	Detailed	::tiles
PE:6a70a6d9:02711000	terrain	0x140e7d330	0x140e8482c	0x140e7f52b	0x1415e873c	 	::tiles
PE:6a70a6d9:02711000	terrain	0x140e7d330	0x140e8482c	0x140e7f541	0x141731398	Detailed	::tiles
PE:6a70a6d9:02711000	terrain	0x140e7d330	0x140e8482c	0x140e7f55a	0x1415e873c	 	::tiles
PE:6a70a6d9:02711000	terrain	0x140e7d330	0x140e8482c	0x140e7f570	0x141731398	Detailed	::tiles
PE:6a70a6d9:02711000	terrain	0x140e7d330	0x140e8482c	0x140e7f589	0x1415e873c	 	::tiles
PE:6a70a6d9:02711000	terrain	0x140e7d330	0x140e8482c	0x140e7f59c	0x141731398	Detailed	::tiles
PE:6a70a6d9:02711000	terrain	0x140e7d330	0x140e8482c	0x140e7f5b5	0x1415e873c	 	::tiles
PE:6a70a6d9:02711000	terrain	0x140e7d330	0x140e8482c	0x140e7f5c8	0x141731398	Detailed	::tiles
PE:6a70a6d9:02711000	terrain	0x140e7d330	0x140e8482c	0x140e7f5e1	0x1415e873c	 	::tiles
PE:6a70a6d9:02711000	terrain	0x140e7d330	0x140e8482c	0x140e7f5ea	0x141731358	Smooth 	::tiles
PE:6a70a6d9:02711000	terrain	0x140e7d330	0x140e8482c	0x140e7f692	0x14173144c	 Floor	::tiles
PE:6a70a6d9:02711000	terrain	0x140e7d330	0x140e8482c	0x140e7f722	0x141731ac0	 Boulder	::tiles
PE:6a70a6d9:02711000	terrain	0x140e7d330	0x140e8482c	0x140e7f736	0x141731a50	Driftwood	::tiles
PE:6a70a6d9:02711000	terrain	0x140e7d330	0x140e8482c	0x140e7f7cc	0x141731a60	 Pebbles	::tiles
PE:6a70a6d9:02711000	terrain	0x140e7d330	0x140e8482c	0x140e7f877	0x141731a70	 Cavern Floor	::tiles
PE:6a70a6d9:02711000	terrain	0x140e7d330	0x140e8482c	0x140e7f883	0x141731a80	Wet 	::tiles
PE:6a70a6d9:02711000	terrain	0x140e7d330	0x140e8482c	0x140e7f92b	0x141731a70	 Cavern Floor	::tiles
PE:6a70a6d9:02711000	terrain	0x140e7d330	0x140e8482c	0x140e7f9ba	0x1415e90d8	, 	::tiles
PE:6a70a6d9:02711000	terrain	0x140e7d330	0x140e8482c	0x140e7f9d4	0x1417313e0	Dead 	::tiles
PE:6a70a6d9:02711000	terrain	0x140e7d330	0x140e8482c	0x140e7fa0c	0x141731b08	Young 	::tiles
PE:6a70a6d9:02711000	terrain	0x140e7d330	0x140e8482c	0x140e7fa61	0x141731b10	 Sapling	::tiles
PE:6a70a6d9:02711000	terrain	0x140e7d330	0x140e8482c	0x140e7fa7f	0x141731b20	Sapling	::tiles
PE:6a70a6d9:02711000	terrain	0x140e7d330	0x140e8482c	0x140e7fb15	0x1415e90d8	, 	::tiles
PE:6a70a6d9:02711000	terrain	0x140e7d330	0x140e8482c	0x140e7fb2f	0x1417313e0	Dead 	::tiles
PE:6a70a6d9:02711000	terrain	0x140e7d330	0x140e8482c	0x140e7ff49	0x1415e90d8	, 	::tiles
PE:6a70a6d9:02711000	terrain	0x140e7d330	0x140e8482c	0x140e7ffa4	0x141731b28	Shrub	::tiles
PE:6a70a6d9:02711000	terrain	0x140e7d330	0x140e8482c	0x140e7ffb8	0x141731ad0	Furrowed 	::tiles
PE:6a70a6d9:02711000	terrain	0x140e7d330	0x140e8482c	0x140e80046	0x141731adc	Ashes	::tiles
PE:6a70a6d9:02711000	terrain	0x140e7d330	0x140e8482c	0x140e80052	0x141731ae8	Waterfall	::tiles
PE:6a70a6d9:02711000	terrain	0x140e7d330	0x140e8482c	0x140e80066	0x141731af8	River Source	::tiles
PE:6a70a6d9:02711000	terrain	0x140e7d330	0x140e8482c	0x140e8007a	0x141731b74	Chasm	::tiles
PE:6a70a6d9:02711000	terrain	0x140e7d330	0x140e8482c	0x140e8008e	0x141731b80	Eerie Glowing Pit	::tiles
PE:6a70a6d9:02711000	terrain	0x140e7d330	0x140e8482c	0x140e800a2	0x141721050	Ice	::tiles
PE:6a70a6d9:02711000	terrain	0x140e7d330	0x140e8482c	0x140e800b6	0x141731b98	Glowing Floor	::tiles
PE:6a70a6d9:02711000	terrain	0x140e7d330	0x140e8482c	0x140e800ca	0x141731ba8	Glowing Barrier	::tiles
PE:6a70a6d9:02711000	terrain	0x140e7d330	0x140e8482c	0x140e800de	0x141731b30	Semi-molten Rock	::tiles
PE:6a70a6d9:02711000	terrain	0x140e7d330	0x140e8482c	0x140e8010e	0x141731b48	Lava Flow	::tiles
PE:6a70a6d9:02711000	terrain	0x140e7d330	0x140e8482c	0x140e8011f	0x141731b58	Magma Flow	::tiles
PE:6a70a6d9:02711000	terrain	0x140e7d330	0x140e8482c	0x140e80130	0x141731b68	Murky Pool	::tiles
PE:6a70a6d9:02711000	terrain	0x140e7d330	0x140e8482c	0x140e8015b	0x141731c18	Unusable 	::tiles
PE:6a70a6d9:02711000	terrain	0x140e7d330	0x140e8482c	0x140e8016a	0x141731c28	Murky Pool Slope	::tiles
PE:6a70a6d9:02711000	terrain	0x140e7d330	0x140e8482c	0x140e80184	0x141731c3c	River	::tiles
PE:6a70a6d9:02711000	terrain	0x140e7d330	0x140e8482c	0x140e80196	0x141731c44	Brook	::tiles
PE:6a70a6d9:02711000	terrain	0x140e7d330	0x140e8482c	0x140e80214	0x1417313e8	Dense 	::tiles
PE:6a70a6d9:02711000	terrain	0x140e7d330	0x140e8482c	0x140e80222	0x1417313a8	Sparse 	::tiles
PE:6a70a6d9:02711000	terrain	0x140e7d330	0x140e8482c	0x140e80240	0x141731bb8	 Upward Stairway	::tiles
PE:6a70a6d9:02711000	terrain	0x140e7d330	0x140e8482c	0x140e80254	0x141731bd0	Grassy Upward Stairway	::tiles
PE:6a70a6d9:02711000	terrain	0x140e7d330	0x140e8482c	0x140e802da	0x1417313e8	Dense 	::tiles
PE:6a70a6d9:02711000	terrain	0x140e7d330	0x140e8482c	0x140e802e8	0x1417313a8	Sparse 	::tiles
PE:6a70a6d9:02711000	terrain	0x140e7d330	0x140e8482c	0x140e80306	0x141731be8	 Up/Down Stairway	::tiles
PE:6a70a6d9:02711000	terrain	0x140e7d330	0x140e8482c	0x140e8031a	0x141731c00	Grassy Up/Down Stairway	::tiles
PE:6a70a6d9:02711000	terrain	0x140e7d330	0x140e8482c	0x140e803a0	0x1417313e8	Dense 	::tiles
PE:6a70a6d9:02711000	terrain	0x140e7d330	0x140e8482c	0x140e803ae	0x1417313a8	Sparse 	::tiles
PE:6a70a6d9:02711000	terrain	0x140e7d330	0x140e8482c	0x140e803cc	0x141731ca8	 Downward Stairway	::tiles
PE:6a70a6d9:02711000	terrain	0x140e7d330	0x140e8482c	0x140e803e0	0x141731cc0	Grassy Downward Stairway	::tiles
PE:6a70a6d9:02711000	terrain	0x140e7d330	0x140e8482c	0x140e803f4	0x1417313f0	Shoddy 	::tiles
PE:6a70a6d9:02711000	terrain	0x140e7d330	0x140e8482c	0x140e80420	0x141731be8	 Up/Down Stairway	::tiles
PE:6a70a6d9:02711000	terrain	0x140e7d330	0x140e8482c	0x140e804ad	0x1417313f0	Shoddy 	::tiles
PE:6a70a6d9:02711000	terrain	0x140e7d330	0x140e8482c	0x140e804d9	0x141731ca8	 Downward Stairway	::tiles
PE:6a70a6d9:02711000	terrain	0x140e7d330	0x140e8482c	0x140e80569	0x141731ca8	 Downward Stairway	::tiles
PE:6a70a6d9:02711000	terrain	0x140e7d330	0x140e8482c	0x140e8057d	0x1417313f0	Shoddy 	::tiles
PE:6a70a6d9:02711000	terrain	0x140e7d330	0x140e8482c	0x140e805a9	0x141731bb8	 Upward Stairway	::tiles
PE:6a70a6d9:02711000	terrain	0x140e7d330	0x140e8482c	0x140e805bd	0x141731ce0	Underworld Gate	::tiles
PE:6a70a6d9:02711000	terrain	0x140e7d330	0x140e8482c	0x140e8064a	0x141731cf0	Ice Up/Down Stairway	::tiles
PE:6a70a6d9:02711000	terrain	0x140e7d330	0x140e8482c	0x140e8065e	0x141731c50	Ice Downward Stairway	::tiles
PE:6a70a6d9:02711000	terrain	0x140e7d330	0x140e8482c	0x140e80672	0x141731c68	Ice Upward Stairway	::tiles
PE:6a70a6d9:02711000	terrain	0x140e7d330	0x140e8482c	0x140e8069d	0x141731c18	Unusable 	::tiles
PE:6a70a6d9:02711000	terrain	0x140e7d330	0x140e8482c	0x140e8071e	0x1417313e8	Dense 	::tiles
PE:6a70a6d9:02711000	terrain	0x140e7d330	0x140e8482c	0x140e8072c	0x1417313a8	Sparse 	::tiles
PE:6a70a6d9:02711000	terrain	0x140e7d330	0x140e8482c	0x140e8074a	0x141731c80	 Upward Slope	::tiles
PE:6a70a6d9:02711000	terrain	0x140e7d330	0x140e8482c	0x140e8075e	0x141731c90	Grassy Upward Slope	::tiles
PE:6a70a6d9:02711000	terrain	0x140e7d330	0x140e8482c	0x140e80789	0x141731c18	Unusable 	::tiles
PE:6a70a6d9:02711000	terrain	0x140e7d330	0x140e8482c	0x140e8080a	0x1417313e8	Dense 	::tiles
PE:6a70a6d9:02711000	terrain	0x140e7d330	0x140e8482c	0x140e80819	0x1417313b8	Dry 	::tiles
PE:6a70a6d9:02711000	terrain	0x140e7d330	0x140e8482c	0x140e8082a	0x1417313a8	Sparse 	::tiles
PE:6a70a6d9:02711000	terrain	0x140e7d330	0x140e8482c	0x140e80839	0x1417313b8	Dry 	::tiles
PE:6a70a6d9:02711000	terrain	0x140e7d330	0x140e8482c	0x140e80845	0x141731d68	Dry Grass Upward Slope	::tiles
PE:6a70a6d9:02711000	terrain	0x140e7d330	0x140e8482c	0x140e80870	0x141731c18	Unusable 	::tiles
PE:6a70a6d9:02711000	terrain	0x140e7d330	0x140e8482c	0x140e808f1	0x1417313e8	Dense 	::tiles
PE:6a70a6d9:02711000	terrain	0x140e7d330	0x140e8482c	0x140e80900	0x1417313e0	Dead 	::tiles
PE:6a70a6d9:02711000	terrain	0x140e7d330	0x140e8482c	0x140e80911	0x1417313a8	Sparse 	::tiles
PE:6a70a6d9:02711000	terrain	0x140e7d330	0x140e8482c	0x140e80920	0x1417313e0	Dead 	::tiles
PE:6a70a6d9:02711000	terrain	0x140e7d330	0x140e8482c	0x140e8092c	0x141731d80	Dead Grass Upward Slope	::tiles
PE:6a70a6d9:02711000	terrain	0x140e7d330	0x140e8482c	0x140e80957	0x141731c18	Unusable 	::tiles
PE:6a70a6d9:02711000	terrain	0x140e7d330	0x140e8482c	0x140e809e2	0x141731d98	 Upward Track (N)	::tiles
PE:6a70a6d9:02711000	terrain	0x140e7d330	0x140e8482c	0x140e80a0d	0x141731c18	Unusable 	::tiles
PE:6a70a6d9:02711000	terrain	0x140e7d330	0x140e8482c	0x140e80a39	0x141731d98	 Upward Track (N)	::tiles
PE:6a70a6d9:02711000	terrain	0x140e7d330	0x140e8482c	0x140e80a64	0x141731c18	Unusable 	::tiles
PE:6a70a6d9:02711000	terrain	0x140e7d330	0x140e8482c	0x140e80a73	0x141731db0	Ice Upward Track (N)	::tiles
PE:6a70a6d9:02711000	terrain	0x140e7d330	0x140e8482c	0x140e80a9e	0x141731c18	Unusable 	::tiles
PE:6a70a6d9:02711000	terrain	0x140e7d330	0x140e8482c	0x140e80b29	0x141731d08	 Upward Track (S)	::tiles
PE:6a70a6d9:02711000	terrain	0x140e7d330	0x140e8482c	0x140e80b54	0x141731c18	Unusable 	::tiles
PE:6a70a6d9:02711000	terrain	0x140e7d330	0x140e8482c	0x140e80b80	0x141731d08	 Upward Track (S)	::tiles
PE:6a70a6d9:02711000	terrain	0x140e7d330	0x140e8482c	0x140e80bab	0x141731c18	Unusable 	::tiles
PE:6a70a6d9:02711000	terrain	0x140e7d330	0x140e8482c	0x140e80bba	0x141731d20	Ice Upward Track (S)	::tiles
PE:6a70a6d9:02711000	terrain	0x140e7d330	0x140e8482c	0x140e80be5	0x141731c18	Unusable 	::tiles
PE:6a70a6d9:02711000	terrain	0x140e7d330	0x140e8482c	0x140e80c70	0x141731d38	 Upward Track (E)	::tiles
PE:6a70a6d9:02711000	terrain	0x140e7d330	0x140e8482c	0x140e80c9b	0x141731c18	Unusable 	::tiles
PE:6a70a6d9:02711000	terrain	0x140e7d330	0x140e8482c	0x140e80cc7	0x141731d38	 Upward Track (E)	::tiles
PE:6a70a6d9:02711000	terrain	0x140e7d330	0x140e8482c	0x140e80cf2	0x141731c18	Unusable 	::tiles
PE:6a70a6d9:02711000	terrain	0x140e7d330	0x140e8482c	0x140e80d01	0x141731d50	Ice Upward Track (E)	::tiles
PE:6a70a6d9:02711000	terrain	0x140e7d330	0x140e8482c	0x140e80d2c	0x141731c18	Unusable 	::tiles
PE:6a70a6d9:02711000	terrain	0x140e7d330	0x140e8482c	0x140e80db7	0x141731e28	 Upward Track (W)	::tiles
PE:6a70a6d9:02711000	terrain	0x140e7d330	0x140e8482c	0x140e80de2	0x141731c18	Unusable 	::tiles
PE:6a70a6d9:02711000	terrain	0x140e7d330	0x140e8482c	0x140e80e0e	0x141731e28	 Upward Track (W)	::tiles
PE:6a70a6d9:02711000	terrain	0x140e7d330	0x140e8482c	0x140e80e39	0x141731c18	Unusable 	::tiles
PE:6a70a6d9:02711000	terrain	0x140e7d330	0x140e8482c	0x140e80e48	0x141731e40	Ice Upward Track (W)	::tiles
PE:6a70a6d9:02711000	terrain	0x140e7d330	0x140e8482c	0x140e80e73	0x141731c18	Unusable 	::tiles
PE:6a70a6d9:02711000	terrain	0x140e7d330	0x140e8482c	0x140e80efe	0x141731e58	 Upward Track (NS)	::tiles
PE:6a70a6d9:02711000	terrain	0x140e7d330	0x140e8482c	0x140e80f29	0x141731c18	Unusable 	::tiles
PE:6a70a6d9:02711000	terrain	0x140e7d330	0x140e8482c	0x140e80f55	0x141731e58	 Upward Track (NS)	::tiles
PE:6a70a6d9:02711000	terrain	0x140e7d330	0x140e8482c	0x140e80f80	0x141731c18	Unusable 	::tiles
PE:6a70a6d9:02711000	terrain	0x140e7d330	0x140e8482c	0x140e80f8f	0x141731e70	Ice Upward Track (NS)	::tiles
PE:6a70a6d9:02711000	terrain	0x140e7d330	0x140e8482c	0x140e80fba	0x141731c18	Unusable 	::tiles
PE:6a70a6d9:02711000	terrain	0x140e7d330	0x140e8482c	0x140e81045	0x141731dc8	 Upward Track (NE)	::tiles
PE:6a70a6d9:02711000	terrain	0x140e7d330	0x140e8482c	0x140e81070	0x141731c18	Unusable 	::tiles
PE:6a70a6d9:02711000	terrain	0x140e7d330	0x140e8482c	0x140e8109c	0x141731dc8	 Upward Track (NE)	::tiles
PE:6a70a6d9:02711000	terrain	0x140e7d330	0x140e8482c	0x140e810c7	0x141731c18	Unusable 	::tiles
PE:6a70a6d9:02711000	terrain	0x140e7d330	0x140e8482c	0x140e810d6	0x141731de0	Ice Upward Track (NE)	::tiles
PE:6a70a6d9:02711000	terrain	0x140e7d330	0x140e8482c	0x140e81101	0x141731c18	Unusable 	::tiles
PE:6a70a6d9:02711000	terrain	0x140e7d330	0x140e8482c	0x140e8118c	0x141731df8	 Upward Track (NW)	::tiles
PE:6a70a6d9:02711000	terrain	0x140e7d330	0x140e8482c	0x140e811b7	0x141731c18	Unusable 	::tiles
PE:6a70a6d9:02711000	terrain	0x140e7d330	0x140e8482c	0x140e811e3	0x141731df8	 Upward Track (NW)	::tiles
PE:6a70a6d9:02711000	terrain	0x140e7d330	0x140e8482c	0x140e8120e	0x141731c18	Unusable 	::tiles
PE:6a70a6d9:02711000	terrain	0x140e7d330	0x140e8482c	0x140e8121d	0x141731e10	Ice Upward Track (NW)	::tiles
PE:6a70a6d9:02711000	terrain	0x140e7d330	0x140e8482c	0x140e81248	0x141731c18	Unusable 	::tiles
PE:6a70a6d9:02711000	terrain	0x140e7d330	0x140e8482c	0x140e812d3	0x141731ee8	 Upward Track (SE)	::tiles
PE:6a70a6d9:02711000	terrain	0x140e7d330	0x140e8482c	0x140e812fe	0x141731c18	Unusable 	::tiles
PE:6a70a6d9:02711000	terrain	0x140e7d330	0x140e8482c	0x140e8132a	0x141731ee8	 Upward Track (SE)	::tiles
PE:6a70a6d9:02711000	terrain	0x140e7d330	0x140e8482c	0x140e81355	0x141731c18	Unusable 	::tiles
PE:6a70a6d9:02711000	terrain	0x140e7d330	0x140e8482c	0x140e81364	0x141731f00	Ice Upward Track (SE)	::tiles
PE:6a70a6d9:02711000	terrain	0x140e7d330	0x140e8482c	0x140e8138f	0x141731c18	Unusable 	::tiles
PE:6a70a6d9:02711000	terrain	0x140e7d330	0x140e8482c	0x140e8141a	0x141731f18	 Upward Track (SW)	::tiles
PE:6a70a6d9:02711000	terrain	0x140e7d330	0x140e8482c	0x140e81445	0x141731c18	Unusable 	::tiles
PE:6a70a6d9:02711000	terrain	0x140e7d330	0x140e8482c	0x140e81471	0x141731f18	 Upward Track (SW)	::tiles
PE:6a70a6d9:02711000	terrain	0x140e7d330	0x140e8482c	0x140e8149c	0x141731c18	Unusable 	::tiles
PE:6a70a6d9:02711000	terrain	0x140e7d330	0x140e8482c	0x140e814ab	0x141731f30	Ice Upward Track (SW)	::tiles
PE:6a70a6d9:02711000	terrain	0x140e7d330	0x140e8482c	0x140e814d6	0x141731c18	Unusable 	::tiles
PE:6a70a6d9:02711000	terrain	0x140e7d330	0x140e8482c	0x140e81561	0x141731e88	 Upward Track (EW)	::tiles
PE:6a70a6d9:02711000	terrain	0x140e7d330	0x140e8482c	0x140e8158c	0x141731c18	Unusable 	::tiles
PE:6a70a6d9:02711000	terrain	0x140e7d330	0x140e8482c	0x140e815b8	0x141731e88	 Upward Track (EW)	::tiles
PE:6a70a6d9:02711000	terrain	0x140e7d330	0x140e8482c	0x140e815e3	0x141731c18	Unusable 	::tiles
PE:6a70a6d9:02711000	terrain	0x140e7d330	0x140e8482c	0x140e815f2	0x141731ea0	Ice Upward Track (EW)	::tiles
PE:6a70a6d9:02711000	terrain	0x140e7d330	0x140e8482c	0x140e8161d	0x141731c18	Unusable 	::tiles
PE:6a70a6d9:02711000	terrain	0x140e7d330	0x140e8482c	0x140e816a8	0x141731eb8	 Upward Track (NSE)	::tiles
PE:6a70a6d9:02711000	terrain	0x140e7d330	0x140e8482c	0x140e816d3	0x141731c18	Unusable 	::tiles
PE:6a70a6d9:02711000	terrain	0x140e7d330	0x140e8482c	0x140e816ff	0x141731eb8	 Upward Track (NSE)	::tiles
PE:6a70a6d9:02711000	terrain	0x140e7d330	0x140e8482c	0x140e8172a	0x141731c18	Unusable 	::tiles
PE:6a70a6d9:02711000	terrain	0x140e7d330	0x140e8482c	0x140e81739	0x141731ed0	Ice Upward Track (NSE)	::tiles
PE:6a70a6d9:02711000	terrain	0x140e7d330	0x140e8482c	0x140e81764	0x141731c18	Unusable 	::tiles
PE:6a70a6d9:02711000	terrain	0x140e7d330	0x140e8482c	0x140e817ef	0x141731638	 Upward Track (NSW)	::tiles
PE:6a70a6d9:02711000	terrain	0x140e7d330	0x140e8482c	0x140e8181a	0x141731c18	Unusable 	::tiles
PE:6a70a6d9:02711000	terrain	0x140e7d330	0x140e8482c	0x140e81846	0x141731638	 Upward Track (NSW)	::tiles
PE:6a70a6d9:02711000	terrain	0x140e7d330	0x140e8482c	0x140e81871	0x141731c18	Unusable 	::tiles
PE:6a70a6d9:02711000	terrain	0x140e7d330	0x140e8482c	0x140e81880	0x141731650	Ice Upward Track (NSW)	::tiles
PE:6a70a6d9:02711000	terrain	0x140e7d330	0x140e8482c	0x140e818ab	0x141731c18	Unusable 	::tiles
PE:6a70a6d9:02711000	terrain	0x140e7d330	0x140e8482c	0x140e81936	0x141731668	 Upward Track (NEW)	::tiles
PE:6a70a6d9:02711000	terrain	0x140e7d330	0x140e8482c	0x140e81961	0x141731c18	Unusable 	::tiles
PE:6a70a6d9:02711000	terrain	0x140e7d330	0x140e8482c	0x140e8198d	0x141731668	 Upward Track (NEW)	::tiles
PE:6a70a6d9:02711000	terrain	0x140e7d330	0x140e8482c	0x140e819b8	0x141731c18	Unusable 	::tiles
PE:6a70a6d9:02711000	terrain	0x140e7d330	0x140e8482c	0x140e819c7	0x141731680	Ice Upward Track (NEW)	::tiles
PE:6a70a6d9:02711000	terrain	0x140e7d330	0x140e8482c	0x140e819f2	0x141731c18	Unusable 	::tiles
PE:6a70a6d9:02711000	terrain	0x140e7d330	0x140e8482c	0x140e81a7d	0x1417315d8	 Upward Track (SEW)	::tiles
PE:6a70a6d9:02711000	terrain	0x140e7d330	0x140e8482c	0x140e81aa8	0x141731c18	Unusable 	::tiles
PE:6a70a6d9:02711000	terrain	0x140e7d330	0x140e8482c	0x140e81ad4	0x1417315d8	 Upward Track (SEW)	::tiles
PE:6a70a6d9:02711000	terrain	0x140e7d330	0x140e8482c	0x140e81aff	0x141731c18	Unusable 	::tiles
PE:6a70a6d9:02711000	terrain	0x140e7d330	0x140e8482c	0x140e81b0e	0x1417315f0	Ice Upward Track (SEW)	::tiles
PE:6a70a6d9:02711000	terrain	0x140e7d330	0x140e8482c	0x140e81b39	0x141731c18	Unusable 	::tiles
PE:6a70a6d9:02711000	terrain	0x140e7d330	0x140e8482c	0x140e81bc4	0x141731608	 Upward Track (NSEW)	::tiles
PE:6a70a6d9:02711000	terrain	0x140e7d330	0x140e8482c	0x140e81bef	0x141731c18	Unusable 	::tiles
PE:6a70a6d9:02711000	terrain	0x140e7d330	0x140e8482c	0x140e81c1b	0x141731608	 Upward Track (NSEW)	::tiles
PE:6a70a6d9:02711000	terrain	0x140e7d330	0x140e8482c	0x140e81c46	0x141731c18	Unusable 	::tiles
PE:6a70a6d9:02711000	terrain	0x140e7d330	0x140e8482c	0x140e81c55	0x141731620	Ice Upward Track (NSEW)	::tiles
PE:6a70a6d9:02711000	terrain	0x140e7d330	0x140e8482c	0x140e81c80	0x141731c18	Unusable 	::tiles
PE:6a70a6d9:02711000	terrain	0x140e7d330	0x140e8482c	0x140e81d1f	0x141731c18	Unusable 	::tiles
PE:6a70a6d9:02711000	terrain	0x140e7d330	0x140e8482c	0x140e81d4b	0x141731c80	 Upward Slope	::tiles
PE:6a70a6d9:02711000	terrain	0x140e7d330	0x140e8482c	0x140e81d76	0x141731c18	Unusable 	::tiles
PE:6a70a6d9:02711000	terrain	0x140e7d330	0x140e8482c	0x140e81d85	0x141731700	Glacial Upward Slope	::tiles
PE:6a70a6d9:02711000	terrain	0x140e7d330	0x140e8482c	0x140e81db4	0x141731c18	Unusable 	::tiles
PE:6a70a6d9:02711000	terrain	0x140e7d330	0x140e8482c	0x140e81e7f	0x1417313e8	Dense 	::tiles
PE:6a70a6d9:02711000	terrain	0x140e7d330	0x140e8482c	0x140e81e8d	0x1417313a8	Sparse 	::tiles
PE:6a70a6d9:02711000	terrain	0x140e7d330	0x140e8482c	0x140e81eab	0x141731718	 Downward Slope	::tiles
PE:6a70a6d9:02711000	terrain	0x140e7d330	0x140e8482c	0x140e81ebf	0x141731728	Grassy Downward Slope	::tiles
PE:6a70a6d9:02711000	terrain	0x140e7d330	0x140e8482c	0x140e81f45	0x1417313e8	Dense 	::tiles
PE:6a70a6d9:02711000	terrain	0x140e7d330	0x140e8482c	0x140e81f54	0x1417313b8	Dry 	::tiles
PE:6a70a6d9:02711000	terrain	0x140e7d330	0x140e8482c	0x140e81f65	0x1417313a8	Sparse 	::tiles
PE:6a70a6d9:02711000	terrain	0x140e7d330	0x140e8482c	0x140e81f74	0x1417313b8	Dry 	::tiles
PE:6a70a6d9:02711000	terrain	0x140e7d330	0x140e8482c	0x140e81f80	0x141731740	Dry Grass Downward Slope	::tiles
PE:6a70a6d9:02711000	terrain	0x140e7d330	0x140e8482c	0x140e82006	0x1417313e8	Dense 	::tiles
PE:6a70a6d9:02711000	terrain	0x140e7d330	0x140e8482c	0x140e82015	0x1417313e0	Dead 	::tiles
PE:6a70a6d9:02711000	terrain	0x140e7d330	0x140e8482c	0x140e82026	0x1417313a8	Sparse 	::tiles
PE:6a70a6d9:02711000	terrain	0x140e7d330	0x140e8482c	0x140e82035	0x1417313e0	Dead 	::tiles
PE:6a70a6d9:02711000	terrain	0x140e7d330	0x140e8482c	0x140e82041	0x141731698	Dead Grass Downward Slope	::tiles
PE:6a70a6d9:02711000	terrain	0x140e7d330	0x140e8482c	0x140e820ce	0x141731a30	Glacial Downward Slope	::tiles
PE:6a70a6d9:02711000	terrain	0x140e7d330	0x140e8482c	0x140e820ff	0x141731718	 Downward Slope	::tiles
PE:6a70a6d9:02711000	terrain	0x140e7d330	0x140e8482c	0x140e821ba	0x1417316b8	 Downward Track (N)	::tiles
PE:6a70a6d9:02711000	terrain	0x140e7d330	0x140e8482c	0x140e821eb	0x1417316b8	 Downward Track (N)	::tiles
PE:6a70a6d9:02711000	terrain	0x140e7d330	0x140e8482c	0x140e821ff	0x1417316d0	Ice Downward Track (N)	::tiles
PE:6a70a6d9:02711000	terrain	0x140e7d330	0x140e8482c	0x140e8228f	0x1417316e8	 Downward Track (S)	::tiles
PE:6a70a6d9:02711000	terrain	0x140e7d330	0x140e8482c	0x140e822c0	0x1417316e8	 Downward Track (S)	::tiles
PE:6a70a6d9:02711000	terrain	0x140e7d330	0x140e8482c	0x140e822d4	0x1417317c0	Ice Downward Track (S)	::tiles
PE:6a70a6d9:02711000	terrain	0x140e7d330	0x140e8482c	0x140e82364	0x1417317d8	 Downward Track (E)	::tiles
PE:6a70a6d9:02711000	terrain	0x140e7d330	0x140e8482c	0x140e82395	0x1417317d8	 Downward Track (E)	::tiles
PE:6a70a6d9:02711000	terrain	0x140e7d330	0x140e8482c	0x140e823a9	0x1417317f0	Ice Downward Track (E)	::tiles
PE:6a70a6d9:02711000	terrain	0x140e7d330	0x140e8482c	0x140e82439	0x141731808	 Downward Track (W)	::tiles
PE:6a70a6d9:02711000	terrain	0x140e7d330	0x140e8482c	0x140e8246a	0x141731808	 Downward Track (W)	::tiles
PE:6a70a6d9:02711000	terrain	0x140e7d330	0x140e8482c	0x140e8247e	0x141731760	Ice Downward Track (W)	::tiles
PE:6a70a6d9:02711000	terrain	0x140e7d330	0x140e8482c	0x140e8250e	0x141731778	 Downward Track (NS)	::tiles
PE:6a70a6d9:02711000	terrain	0x140e7d330	0x140e8482c	0x140e8253f	0x141731778	 Downward Track (NS)	::tiles
PE:6a70a6d9:02711000	terrain	0x140e7d330	0x140e8482c	0x140e82553	0x141731790	Ice Downward Track (NS)	::tiles
PE:6a70a6d9:02711000	terrain	0x140e7d330	0x140e8482c	0x140e825e3	0x1417317a8	 Downward Track (NE)	::tiles
PE:6a70a6d9:02711000	terrain	0x140e7d330	0x140e8482c	0x140e82614	0x1417317a8	 Downward Track (NE)	::tiles
PE:6a70a6d9:02711000	terrain	0x140e7d330	0x140e8482c	0x140e82628	0x141731880	Ice Downward Track (NE)	::tiles
PE:6a70a6d9:02711000	terrain	0x140e7d330	0x140e8482c	0x140e826b8	0x141731898	 Downward Track (NW)	::tiles
PE:6a70a6d9:02711000	terrain	0x140e7d330	0x140e8482c	0x140e826e9	0x141731898	 Downward Track (NW)	::tiles
PE:6a70a6d9:02711000	terrain	0x140e7d330	0x140e8482c	0x140e826fd	0x1417318b0	Ice Downward Track (NW)	::tiles
PE:6a70a6d9:02711000	terrain	0x140e7d330	0x140e8482c	0x140e8278d	0x1417318c8	 Downward Track (SE)	::tiles
PE:6a70a6d9:02711000	terrain	0x140e7d330	0x140e8482c	0x140e827be	0x1417318c8	 Downward Track (SE)	::tiles
PE:6a70a6d9:02711000	terrain	0x140e7d330	0x140e8482c	0x140e827d2	0x141731820	Ice Downward Track (SE)	::tiles
PE:6a70a6d9:02711000	terrain	0x140e7d330	0x140e8482c	0x140e82862	0x141731838	 Downward Track (SW)	::tiles
PE:6a70a6d9:02711000	terrain	0x140e7d330	0x140e8482c	0x140e82893	0x141731838	 Downward Track (SW)	::tiles
PE:6a70a6d9:02711000	terrain	0x140e7d330	0x140e8482c	0x140e828a7	0x141731850	Ice Downward Track (SW)	::tiles
PE:6a70a6d9:02711000	terrain	0x140e7d330	0x140e8482c	0x140e82937	0x141731868	 Downward Track (EW)	::tiles
PE:6a70a6d9:02711000	terrain	0x140e7d330	0x140e8482c	0x140e82968	0x141731868	 Downward Track (EW)	::tiles
PE:6a70a6d9:02711000	terrain	0x140e7d330	0x140e8482c	0x140e8297c	0x141731950	Ice Downward Track (EW)	::tiles
PE:6a70a6d9:02711000	terrain	0x140e7d330	0x140e8482c	0x140e82a0c	0x141731968	 Downward Track (NSE)	::tiles
PE:6a70a6d9:02711000	terrain	0x140e7d330	0x140e8482c	0x140e82a3d	0x141731968	 Downward Track (NSE)	::tiles
PE:6a70a6d9:02711000	terrain	0x140e7d330	0x140e8482c	0x140e82a51	0x141731980	Ice Downward Track (NSE)	::tiles
PE:6a70a6d9:02711000	terrain	0x140e7d330	0x140e8482c	0x140e82ae1	0x1417319a0	 Downward Track (NSW)	::tiles
PE:6a70a6d9:02711000	terrain	0x140e7d330	0x140e8482c	0x140e82b12	0x1417319a0	 Downward Track (NSW)	::tiles
PE:6a70a6d9:02711000	terrain	0x140e7d330	0x140e8482c	0x140e82b26	0x1417318e0	Ice Downward Track (NSW)	::tiles
PE:6a70a6d9:02711000	terrain	0x140e7d330	0x140e8482c	0x140e82bb6	0x141731900	 Downward Track (NEW)	::tiles
PE:6a70a6d9:02711000	terrain	0x140e7d330	0x140e8482c	0x140e82be7	0x141731900	 Downward Track (NEW)	::tiles
PE:6a70a6d9:02711000	terrain	0x140e7d330	0x140e8482c	0x140e82bfb	0x141731918	Ice Downward Track (NEW)	::tiles
PE:6a70a6d9:02711000	terrain	0x140e7d330	0x140e8482c	0x140e82c8b	0x141731938	 Downward Track (SEW)	::tiles
PE:6a70a6d9:02711000	terrain	0x140e7d330	0x140e8482c	0x140e82cbc	0x141731938	 Downward Track (SEW)	::tiles
PE:6a70a6d9:02711000	terrain	0x140e7d330	0x140e8482c	0x140e82cd0	0x1417319d8	Ice Downward Track (SEW)	::tiles
PE:6a70a6d9:02711000	terrain	0x140e7d330	0x140e8482c	0x140e82d60	0x1417319f8	 Downward Track (NSEW)	::tiles
PE:6a70a6d9:02711000	terrain	0x140e7d330	0x140e8482c	0x140e82d91	0x1417319f8	 Downward Track (NSEW)	::tiles
PE:6a70a6d9:02711000	terrain	0x140e7d330	0x140e8482c	0x140e82da5	0x141731a10	Ice Downward Track (NSEW)	::tiles
PE:6a70a6d9:02711000	terrain	0x140e7d330	0x140e8482c	0x140e82db9	0x1417319b8	Downward Slope	::tiles
PE:6a70a6d9:02711000	terrain	0x140e7d330	0x140e8482c	0x140e82dcd	0x1417319c8	Open Space	::tiles
PE:6a70a6d9:02711000	terrain	0x140e7d330	0x140e8482c	0x140e82de7	0x1415ec1e0	Unknown	::tiles
PE:6a70a6d9:02711000	terrain	0x140e7d330	0x140e8482c	0x140e82e16	0x14173131c	Warm 	::tiles
PE:6a70a6d9:02711000	terrain	0x140e7d330	0x140e8482c	0x140e82e42	0x141731324	Damp 	::tiles
PE:6a70a6d9:02711000	terrain	0x140e7d330	0x140e8482c	0x140e82eb6	0x14173132c	Muddy 	::tiles
PE:6a70a6d9:02711000	terrain	0x140e7d330	0x140e8482c	0x140e82f2b	0x141731370	Snow-covered 	::tiles
PE:6a70a6d9:02711000	terrain	0x140e7d330	0x140e8482c	0x140e82f57	0x141731380	Mossy 	::tiles
PE:6a70a6d9:02711000	terrain	0x140e7d330	0x140e8482c	0x140e83077	0x141731398	Detailed	::tiles
PE:6a70a6d9:02711000	terrain	0x140e7d330	0x140e8482c	0x140e8307e	0x141731388	Sculpted	::tiles
PE:6a70a6d9:02711000	terrain	0x140e7d330	0x140e8482c	0x140e830d7	0x1415e873c	 	::tiles
PE:6a70a6d9:02711000	terrain	0x140e7d330	0x140e8482c	0x140e83241	0x141731358	Smooth 	::tiles
PE:6a70a6d9:02711000	terrain	0x140e7d330	0x140e8482c	0x140e83248	0x141731348	Straight 	::tiles
PE:6a70a6d9:02711000	terrain	0x140e7d330	0x140e8482c	0x140e8328d	0x141731360	Exposed 	::tiles
PE:6a70a6d9:02711000	terrain	0x140e7d330	0x140e8482c	0x140e8329c	0x141731338	Rough-hewn 	::tiles
PE:6a70a6d9:02711000	terrain	0x140e7d330	0x140e8482c	0x140e8336f	0x141721050	Ice	::tiles
PE:6a70a6d9:02711000	terrain	0x140e7d330	0x140e8482c	0x140e833c1	0x1415e873c	 	::tiles
PE:6a70a6d9:02711000	terrain	0x140e7d330	0x140e8482c	0x140e83489	0x14162ca6c	Wall	::tiles
PE:6a70a6d9:02711000	terrain	0x140e7d330	0x140e8482c	0x140e83490	0x1417313d8	Cluster	::tiles
PE:6a70a6d9:02711000	terrain	0x140e7d330	0x140e8482c	0x140e834a6	0x14162ca6c	Wall	::tiles
PE:6a70a6d9:02711000	terrain	0x140e7d330	0x140e8482c	0x140e834b5	0x14162cd08	Fortification	::tiles
PE:6a70a6d9:02711000	terrain	0x140e7d330	0x140e8482c	0x140e834c4	0x1417313cc	Pillar	::tiles
PE:6a70a6d9:02711000	construction material	0x140a46f20	0x140a47607	0x140a46fbb	0x1416cc1b0	rough 	::tiles::constructed
PE:6a70a6d9:02711000	construction material	0x140a46f20	0x140a47607	0x140a46fd5	0x141789108	unknown material	::tiles::constructed
PE:6a70a6d9:02711000	construction material	0x140a46f20	0x140a47607	0x140a47151	0x1415edb24	's 	::tiles::constructed
PE:6a70a6d9:02711000	construction material	0x140a46f20	0x140a47607	0x140a471f1	0x1415e873c	 	::tiles::constructed
PE:6a70a6d9:02711000	construction material	0x140a46f20	0x140a47607	0x140a47248	0x14164b74c	-	::tiles::constructed
PE:6a70a6d9:02711000	construction material	0x140a46f20	0x140a47607	0x140a472a2	0x1416cc1b8	Reinforced 	::tiles::constructed
PE:6a70a6d9:02711000	construction material	0x140a46f20	0x140a47607	0x140a47402	0x1415edb24	's 	::tiles::constructed
PE:6a70a6d9:02711000	construction material	0x140a46f20	0x140a47607	0x140a4749f	0x1415e873c	 	::tiles::constructed
PE:6a70a6d9:02711000	construction material	0x140a46f20	0x140a47607	0x140a47514	0x1416cc1c4	 log	::tiles::constructed
PE:6a70a6d9:02711000	construction material	0x140a46f20	0x140a47607	0x140a47523	0x1416cc1cc	 block	::tiles::constructed
PE:6a70a6d9:02711000	plant parts	0x1413ffd20	0x141400338	0x1413ffe9f	0x141717564	 roots	::tiles::plants::tile
PE:6a70a6d9:02711000	plant parts	0x1413ffd20	0x141400338	0x1413ffeff	0x14171752c	 trunk	::tiles::plants::tile
PE:6a70a6d9:02711000	plant parts	0x1413ffd20	0x141400338	0x1413fff4b	0x1416aebfc	thick 	::tiles::plants::tile
PE:6a70a6d9:02711000	plant parts	0x1413ffd20	0x141400338	0x1413fff74	0x141717570	 branches	::tiles::plants::tile
PE:6a70a6d9:02711000	plant parts	0x1413ffd20	0x141400338	0x1413fffb6	0x141785778	smooth 	::tiles::plants::tile
PE:6a70a6d9:02711000	plant parts	0x1413ffd20	0x141400338	0x1413fffe9	0x141717570	 branches	::tiles::plants::tile
PE:6a70a6d9:02711000	plant parts	0x1413ffd20	0x141400338	0x141400049	0x141717570	 branches	::tiles::plants::tile
PE:6a70a6d9:02711000	plant parts	0x1413ffd20	0x141400338	0x1414000a9	0x141717554	 twigs	::tiles::plants::tile
PE:6a70a6d9:02711000	plant parts	0x1413ffd20	0x141400338	0x14140010f	0x14171755c	 cap	::tiles::plants::tile
