edition	role	instruction_rva	callee_rva
steam	action-control-gate	0xaf98a5	0x7eeb70
steam	action-controls	0xafb489	0xbb120
steam	action-controls	0xafb4a6	0x643e00
steam	action-controls	0xafb4ce	0x1410aa0
steam	action-controls	0xafb4e3	0xbb120
steam	action-controls	0xafb4f7	0xc394b0
steam	action-controls	0xafb50e	0xbb130
steam	action-controls	0xafb528	0xbb120
steam	action-controls	0xafb53b	0x68150
steam	action-controls	0xafb551	0xad9960
steam	action-controls	0xafb55e	0x67e30
steam	action-controls	0xafb57d	0x1410aa0
steam	action-controls	0xafb595	0xbb120
steam	action-controls	0xafb5a9	0xc394b0
steam	action-controls	0xafb5bc	0xbb130
steam	action-controls	0xafb5d5	0xbb120
steam	action-controls	0xafb5e8	0x68150
steam	action-controls	0xafb5fe	0xad9960
steam	action-controls	0xafb60b	0x67e30
steam	action-controls	0xafb62b	0x1410aa0
steam	action-controls	0xafb63e	0xbb120
steam	action-controls	0xafb652	0xc394b0
steam	action-controls	0xafb661	0xbb120
steam	action-controls	0xafb674	0xbb130
steam	action-controls	0xafb687	0x68150
steam	action-controls	0xafb69d	0xad9960
steam	action-controls	0xafb6aa	0x67e30
steam	action-controls	0xafb6bd	0xbb130
steam	action-controls	0xafb6d0	0x68150
steam	action-controls	0xafb6e6	0xad9960
steam	action-controls	0xafb6f3	0x67e30
steam	action-controls	0xafb718	0x1410aa0
steam	action-controls	0xafb732	0xbb130
steam	action-controls	0xafb741	0xbb120
steam	action-controls	0xafb754	0x68150
steam	action-controls	0xafb76a	0xad9960
steam	action-controls	0xafb777	0x67e30
steam	action-controls	0xafb795	0x1410aa0
steam	action-controls	0xafb7a5	0xbb120
steam	action-controls	0xafb7b9	0xc394b0
steam	action-controls	0xafb7cc	0xbb130
steam	action-controls	0xafb7dc	0xbb120
steam	action-controls	0xafb7ef	0x68150
steam	action-controls	0xafb805	0xad9960
steam	action-controls	0xafb812	0x67e30
steam	action-controls	0xafb837	0x1410aa0
steam	action-controls	0xafb84c	0xbb120
steam	action-controls	0xafb860	0xc394b0
steam	action-controls	0xafb877	0xbb130
steam	action-controls	0xafb891	0xbb120
steam	action-controls	0xafb8a4	0x68150
steam	action-controls	0xafb8ba	0xad9960
steam	action-controls	0xafb8c7	0x67e30
steam	action-controls	0xafb8e6	0x1410aa0
steam	action-controls	0xafb8fe	0xbb120
steam	action-controls	0xafb912	0xc394b0
steam	action-controls	0xafb925	0xbb130
steam	action-controls	0xafb93e	0xbb120
steam	action-controls	0xafb951	0x68150
steam	action-controls	0xafb967	0xad9960
steam	action-controls	0xafb974	0x67e30
steam	action-controls	0xafb994	0x1410aa0
steam	action-controls	0xafb9a7	0xbb120
steam	action-controls	0xafb9bb	0xc394b0
steam	action-controls	0xafb9ce	0xbb130
steam	action-controls	0xafb9dd	0xbb120
steam	action-controls	0xafb9f0	0x68150
steam	action-controls	0xafba06	0xad9960
steam	action-controls	0xafba13	0x67e30
steam	waiting-dialog	0xb0360a	0xbb120
steam	waiting-dialog	0xb03617	0xbb190
steam	waiting-dialog	0xb0368d	0xadaad0
steam	waiting-dialog	0xb036b7	0xbb130
steam	waiting-dialog	0xb036c8	0xbb120
steam	waiting-dialog	0xb036db	0x68150
steam	waiting-dialog	0xb036f1	0xad9960
steam	waiting-dialog	0xb036fe	0x67e30
steam	waiting-dialog	0xb03711	0xbb130
steam	waiting-dialog	0xb03722	0xbb120
steam	waiting-dialog	0xb03735	0x68150
steam	waiting-dialog	0xb0374b	0xad9960
steam	waiting-dialog	0xb03758	0x67e30
steam	waiting-dialog	0xb0376b	0xbb130
steam	waiting-dialog	0xb0377c	0xbb120
steam	waiting-dialog	0xb0378f	0x68150
steam	waiting-dialog	0xb037a5	0xad9960
steam	waiting-dialog	0xb037b2	0x67e30
steam	waiting-dialog	0xb037e6	0x1410aa0
steam	waiting-dialog	0xb037f7	0xbb120
steam	waiting-dialog	0xb0380b	0xc394b0
steam	waiting-dialog	0xb0381e	0xbb130
steam	waiting-dialog	0xb0382f	0xbb120
steam	waiting-dialog	0xb03842	0x68150
steam	waiting-dialog	0xb03858	0xad9960
steam	waiting-dialog	0xb03865	0x67e30
steam	input-mode-selection	0x7f761a	0x7eeb70
steam	waiting-input	0x7f76de	0x1e65a0
steam	waiting-input	0x7f76fc	0xe1130
steam	waiting-input	0x7f7709	0xe1170
steam	waiting-input	0x7f7764	0xe1130
steam	waiting-input	0x7f7771	0xe1170
steam	action-input-dispatch	0x7f9b87	0x7f6d60
steam	action-input	0x7f6eee	0x7f6c30
steam	action-input	0x7f6f05	0x643e00
steam	action-input	0x7f6f49	0x7f6c30
steam	action-input	0x7f6f69	0xa40d90
steam	action-input	0x7f6f71	0x73a60
steam	action-input	0x7f6fe4	0xa40d90
steam	action-input	0x7f6fec	0x73a60
steam	resume-action	0x7f6c47	0x7e4e90
steam	resume-action	0x7f6cbe	0xe1170
steam	has-continuable-action	0x7eecee	0x73a60
steam	in-conflict	0x643ebb	0xbabe0
steam	in-conflict	0x643eef	0xbabe0
steam	current-key-draw	0xc39535	0x8ecb30
steam	current-key-draw	0xc3954a	0xad9960
steam	current-key-draw	0xc39584	0x6f850
steam	current-key-draw	0xc39591	0x1539660
steam	current-key-caption	0x8ecbbe	0x6f5d0
steam	current-key-caption	0x8ecc51	0x1539690
steam	current-key-caption	0x8ecc97	0xbae50
steam	current-key-caption	0x8ecd10	0x707d0
steam	current-key-caption	0x8ecd61	0x153aa78
steam	current-key-caption	0x8ecd84	0x70920
steam	current-key-caption	0x8ecdd5	0x1539680
steam	current-key-caption	0x8ece00	0x1539660
steam	current-key-caption	0x8ece26	0x65890
steam	current-key-caption	0x8ece2c	0x71e70
steam	render-mode-selection	0x7f3d97	0x8be780
steam	render-mode-selection	0x7f3d9c	0x846760
steam	render-mode-selection	0x7f3da1	0x803250
steam	render-mode-selection	0x7f3dae	0xe9afe0
steam	render-mode-selection	0x7f3dba	0xaf1190
steam	legacy-render-dispatch	0x7f6abc	0x80d5e0
steam	legacy-render-dispatch	0x7f6ac8	0x1539660
classic	action-control-gate	0xaf68e5	0x7ec3f0
classic	action-controls	0xaf84c9	0xbb0b0
classic	action-controls	0xaf84e6	0x641820
classic	action-controls	0xaf850e	0x140ba10
classic	action-controls	0xaf8523	0xbb0b0
classic	action-controls	0xaf8537	0xc364f0
classic	action-controls	0xaf854e	0xbb0c0
classic	action-controls	0xaf8568	0xbb0b0
classic	action-controls	0xaf857b	0x680e0
classic	action-controls	0xaf8591	0xad69a0
classic	action-controls	0xaf859e	0x67dc0
classic	action-controls	0xaf85bd	0x140ba10
classic	action-controls	0xaf85d5	0xbb0b0
classic	action-controls	0xaf85e9	0xc364f0
classic	action-controls	0xaf85fc	0xbb0c0
classic	action-controls	0xaf8615	0xbb0b0
classic	action-controls	0xaf8628	0x680e0
classic	action-controls	0xaf863e	0xad69a0
classic	action-controls	0xaf864b	0x67dc0
classic	action-controls	0xaf866b	0x140ba10
classic	action-controls	0xaf867e	0xbb0b0
classic	action-controls	0xaf8692	0xc364f0
classic	action-controls	0xaf86a1	0xbb0b0
classic	action-controls	0xaf86b4	0xbb0c0
classic	action-controls	0xaf86c7	0x680e0
classic	action-controls	0xaf86dd	0xad69a0
classic	action-controls	0xaf86ea	0x67dc0
classic	action-controls	0xaf86fd	0xbb0c0
classic	action-controls	0xaf8710	0x680e0
classic	action-controls	0xaf8726	0xad69a0
classic	action-controls	0xaf8733	0x67dc0
classic	action-controls	0xaf8758	0x140ba10
classic	action-controls	0xaf8772	0xbb0c0
classic	action-controls	0xaf8781	0xbb0b0
classic	action-controls	0xaf8794	0x680e0
classic	action-controls	0xaf87aa	0xad69a0
classic	action-controls	0xaf87b7	0x67dc0
classic	action-controls	0xaf87d5	0x140ba10
classic	action-controls	0xaf87e5	0xbb0b0
classic	action-controls	0xaf87f9	0xc364f0
classic	action-controls	0xaf880c	0xbb0c0
classic	action-controls	0xaf881c	0xbb0b0
classic	action-controls	0xaf882f	0x680e0
classic	action-controls	0xaf8845	0xad69a0
classic	action-controls	0xaf8852	0x67dc0
classic	action-controls	0xaf8877	0x140ba10
classic	action-controls	0xaf888c	0xbb0b0
classic	action-controls	0xaf88a0	0xc364f0
classic	action-controls	0xaf88b7	0xbb0c0
classic	action-controls	0xaf88d1	0xbb0b0
classic	action-controls	0xaf88e4	0x680e0
classic	action-controls	0xaf88fa	0xad69a0
classic	action-controls	0xaf8907	0x67dc0
classic	action-controls	0xaf8926	0x140ba10
classic	action-controls	0xaf893e	0xbb0b0
classic	action-controls	0xaf8952	0xc364f0
classic	action-controls	0xaf8965	0xbb0c0
classic	action-controls	0xaf897e	0xbb0b0
classic	action-controls	0xaf8991	0x680e0
classic	action-controls	0xaf89a7	0xad69a0
classic	action-controls	0xaf89b4	0x67dc0
classic	action-controls	0xaf89d4	0x140ba10
classic	action-controls	0xaf89e7	0xbb0b0
classic	action-controls	0xaf89fb	0xc364f0
classic	action-controls	0xaf8a0e	0xbb0c0
classic	action-controls	0xaf8a1d	0xbb0b0
classic	action-controls	0xaf8a30	0x680e0
classic	action-controls	0xaf8a46	0xad69a0
classic	action-controls	0xaf8a53	0x67dc0
classic	waiting-dialog	0xb0064a	0xbb0b0
classic	waiting-dialog	0xb00657	0xbb120
classic	waiting-dialog	0xb006cd	0xad7b10
classic	waiting-dialog	0xb006f7	0xbb0c0
classic	waiting-dialog	0xb00708	0xbb0b0
classic	waiting-dialog	0xb0071b	0x680e0
classic	waiting-dialog	0xb00731	0xad69a0
classic	waiting-dialog	0xb0073e	0x67dc0
classic	waiting-dialog	0xb00751	0xbb0c0
classic	waiting-dialog	0xb00762	0xbb0b0
classic	waiting-dialog	0xb00775	0x680e0
classic	waiting-dialog	0xb0078b	0xad69a0
classic	waiting-dialog	0xb00798	0x67dc0
classic	waiting-dialog	0xb007ab	0xbb0c0
classic	waiting-dialog	0xb007bc	0xbb0b0
classic	waiting-dialog	0xb007cf	0x680e0
classic	waiting-dialog	0xb007e5	0xad69a0
classic	waiting-dialog	0xb007f2	0x67dc0
classic	waiting-dialog	0xb00826	0x140ba10
classic	waiting-dialog	0xb00837	0xbb0b0
classic	waiting-dialog	0xb0084b	0xc364f0
classic	waiting-dialog	0xb0085e	0xbb0c0
classic	waiting-dialog	0xb0086f	0xbb0b0
classic	waiting-dialog	0xb00882	0x680e0
classic	waiting-dialog	0xb00898	0xad69a0
classic	waiting-dialog	0xb008a5	0x67dc0
classic	input-mode-selection	0x7f4e9a	0x7ec3f0
classic	waiting-input	0x7f4f5e	0x1e6530
classic	waiting-input	0x7f4f7c	0xe10c0
classic	waiting-input	0x7f4f89	0xe1100
classic	waiting-input	0x7f4fe4	0xe10c0
classic	waiting-input	0x7f4ff1	0xe1100
classic	action-input-dispatch	0x7f7407	0x7f45e0
classic	action-input	0x7f476e	0x7f44b0
classic	action-input	0x7f4785	0x641820
classic	action-input	0x7f47c9	0x7f44b0
classic	action-input	0x7f47e9	0xa3e5c0
classic	action-input	0x7f47f1	0x739f0
classic	action-input	0x7f4864	0xa3e5c0
classic	action-input	0x7f486c	0x739f0
classic	resume-action	0x7f44c7	0x7e2710
classic	resume-action	0x7f453e	0xe1100
classic	has-continuable-action	0x7ec56e	0x739f0
classic	in-conflict	0x6418db	0xbab70
classic	in-conflict	0x64190f	0xbab70
classic	current-key-draw	0xc36575	0x8ea360
classic	current-key-draw	0xc3658a	0xad69a0
classic	current-key-draw	0xc365c4	0x6f7e0
classic	current-key-draw	0xc365d1	0x15345d0
classic	current-key-caption	0x8ea3ee	0x6f560
classic	current-key-caption	0x8ea481	0x1534600
classic	current-key-caption	0x8ea4c7	0xbade0
classic	current-key-caption	0x8ea540	0x70760
classic	current-key-caption	0x8ea591	0x15359e8
classic	current-key-caption	0x8ea5b4	0x708b0
classic	current-key-caption	0x8ea605	0x15345f0
classic	current-key-caption	0x8ea630	0x15345d0
classic	current-key-caption	0x8ea656	0x65820
classic	current-key-caption	0x8ea65c	0x71e00
classic	render-mode-selection	0x7f1617	0x8bc000
classic	render-mode-selection	0x7f161c	0x843fe0
classic	render-mode-selection	0x7f1621	0x800ad0
classic	render-mode-selection	0x7f162e	0xe95f50
classic	render-mode-selection	0x7f163a	0xaee1d0
classic	legacy-render-dispatch	0x7f433c	0x80ae60
classic	legacy-render-dispatch	0x7f4348	0x15345d0
