edition	image_identity	owner	function_rva	code_end_rva	unwind_end_rva	source
steam	PE:6a70a6d9:02711000	item_instrumentst-type	0x673c0	0x673c6	0x673c6	steam-item_instrumentst-type.asm
steam	PE:6a70a6d9:02711000	item_weaponst-type	0x7b320	0x7b326	0x7b326	steam-item_weaponst-type.asm
steam	PE:6a70a6d9:02711000	item_toolst-subtype;item_weaponst-subtype;item_instrumentst-subtype	0xfd0c0	0xfd0cc	0xfd0cc	steam-item_toolst-subtype.asm
steam	PE:6a70a6d9:02711000	item_toolst-type	0x28a0d0	0x28a0d6	0x28a0d6	steam-item_toolst-type.asm
steam	PE:6a70a6d9:02711000	take-from-pack-animal-caption	0x8932c0	0x8935f0	0x8935f0	steam-take-from-pack-animal-caption.asm
steam	PE:6a70a6d9:02711000	shared-item-noun	0xa82c10	0xa880e0	0xa882fc	steam-shared-item-noun.asm
steam	PE:6a70a6d9:02711000	item_toolst-title-with-article;item_weaponst-title-with-article;item_instrumentst-title-with-article	0xc653e0	0xc65445	0xc65445	steam-item_toolst-title-with-article.asm
steam	PE:6a70a6d9:02711000	complete-item-designation	0xc65450	0xc65f0a	0xc65f0a	steam-complete-item-designation.asm
steam	PE:6a70a6d9:02711000	item_toolst-title	0xca39f0	0xca4411	0xca4411	steam-item_toolst-title.asm
steam	PE:6a70a6d9:02711000	item_weaponst-title;item_instrumentst-title	0xca5bb0	0xca5d62	0xca5d62	steam-item_weaponst-title.asm
steam	PE:6a70a6d9:02711000	instrument-raw-writer	0xebe8a0	0xecc2f0	0xecc30c	../item-description-sources.tsv
classic	PE:6a70b91c:0270a000	item_instrumentst-type	0x67350	0x67356	0x67356	classic-item_instrumentst-type.asm
classic	PE:6a70b91c:0270a000	item_weaponst-type	0x7b2b0	0x7b2b6	0x7b2b6	classic-item_weaponst-type.asm
classic	PE:6a70b91c:0270a000	item_toolst-subtype;item_weaponst-subtype;item_instrumentst-subtype	0xfd050	0xfd05c	0xfd05c	classic-item_toolst-subtype.asm
classic	PE:6a70b91c:0270a000	item_toolst-type	0x287c90	0x287c96	0x287c96	classic-item_toolst-type.asm
classic	PE:6a70b91c:0270a000	take-from-pack-animal-caption	0x890b40	0x890e70	0x890e70	classic-take-from-pack-animal-caption.asm
classic	PE:6a70b91c:0270a000	shared-item-noun	0xa7fc90	0xa85160	0xa8537c	classic-shared-item-noun.asm
classic	PE:6a70b91c:0270a000	item_toolst-title-with-article;item_weaponst-title-with-article;item_instrumentst-title-with-article	0xc62420	0xc62485	0xc62485	classic-item_toolst-title-with-article.asm
classic	PE:6a70b91c:0270a000	complete-item-designation	0xc62490	0xc62f4a	0xc62f4a	classic-complete-item-designation.asm
classic	PE:6a70b91c:0270a000	item_toolst-title	0xca0a30	0xca1451	0xca1451	classic-item_toolst-title.asm
classic	PE:6a70b91c:0270a000	item_weaponst-title;item_instrumentst-title	0xca2bf0	0xca2da2	0xca2da2	classic-item_weaponst-title.asm
classic	PE:6a70b91c:0270a000	instrument-raw-writer	0xeb9810	0xec7260	0xec727c	classic-instrument-raw-writer.asm
