edition	image_identity	type	vtable_rva	slot	target_rva
steam	PE:6a70a6d9:02711000	item_toolst	0x1623918	0x0	0x28a0d0
steam	PE:6a70a6d9:02711000	item_toolst	0x1623918	0x8	0xfd0c0
steam	PE:6a70a6d9:02711000	item_toolst	0x1623918	0x5e8	0xca39f0
steam	PE:6a70a6d9:02711000	item_toolst	0x1623918	0x5f0	0xc653e0
steam	PE:6a70a6d9:02711000	item_weaponst	0x15f74b0	0x0	0x7b320
steam	PE:6a70a6d9:02711000	item_weaponst	0x15f74b0	0x8	0xfd0c0
steam	PE:6a70a6d9:02711000	item_weaponst	0x15f74b0	0x5e8	0xca5bb0
steam	PE:6a70a6d9:02711000	item_weaponst	0x15f74b0	0x5f0	0xc653e0
steam	PE:6a70a6d9:02711000	item_instrumentst	0x16c6cf0	0x0	0x673c0
steam	PE:6a70a6d9:02711000	item_instrumentst	0x16c6cf0	0x8	0xfd0c0
steam	PE:6a70a6d9:02711000	item_instrumentst	0x16c6cf0	0x5e8	0xca5bb0
steam	PE:6a70a6d9:02711000	item_instrumentst	0x16c6cf0	0x5f0	0xc653e0
classic	PE:6a70b91c:0270a000	item_toolst	0x161e7d0	0x0	0x287c90
classic	PE:6a70b91c:0270a000	item_toolst	0x161e7d0	0x8	0xfd050
classic	PE:6a70b91c:0270a000	item_toolst	0x161e7d0	0x5e8	0xca0a30
classic	PE:6a70b91c:0270a000	item_toolst	0x161e7d0	0x5f0	0xc62420
classic	PE:6a70b91c:0270a000	item_weaponst	0x15f6488	0x0	0x7b2b0
classic	PE:6a70b91c:0270a000	item_weaponst	0x15f6488	0x8	0xfd050
classic	PE:6a70b91c:0270a000	item_weaponst	0x15f6488	0x5e8	0xca2bf0
classic	PE:6a70b91c:0270a000	item_weaponst	0x15f6488	0x5f0	0xc62420
classic	PE:6a70b91c:0270a000	item_instrumentst	0x16c1bc8	0x0	0x67350
classic	PE:6a70b91c:0270a000	item_instrumentst	0x16c1bc8	0x8	0xfd050
classic	PE:6a70b91c:0270a000	item_instrumentst	0x16c1bc8	0x5e8	0xca2bf0
classic	PE:6a70b91c:0270a000	item_instrumentst	0x16c1bc8	0x5f0	0xc62420
