edition	image	owner	instruction	table	index	record_kind	target	purpose
reference	PE:6a70a6d9:02711000	0x1400e56a0	0x1400e880e	0x1400e9e84	0	27	0x1400e881b	injury body collection
reference	PE:6a70a6d9:02711000	0x1400e56a0	0x1400e880e	0x1400e9e84	1	28	0x1400e881b	injury body collection
reference	PE:6a70a6d9:02711000	0x1400e56a0	0x1400e880e	0x1400e9e84	2	29	0x1400e881b	injury body collection
reference	PE:6a70a6d9:02711000	0x1400e56a0	0x1400e880e	0x1400e9e84	3	30	0x1400e881b	injury body collection
reference	PE:6a70a6d9:02711000	0x1400e56a0	0x1400e880e	0x1400e9e84	4	31	0x1400e881b	injury body collection
reference	PE:6a70a6d9:02711000	0x1400e56a0	0x1400e880e	0x1400e9e84	5	32	0x1400e881b	injury body collection
reference	PE:6a70a6d9:02711000	0x1400e56a0	0x1400e88f2	0x1400e9e9c	0	27	0x1400e88fe	injury record match
reference	PE:6a70a6d9:02711000	0x1400e56a0	0x1400e88f2	0x1400e9e9c	1	28	0x1400e88fe	injury record match
reference	PE:6a70a6d9:02711000	0x1400e56a0	0x1400e88f2	0x1400e9e9c	2	29	0x1400e88fe	injury record match
reference	PE:6a70a6d9:02711000	0x1400e56a0	0x1400e88f2	0x1400e9e9c	3	30	0x1400e88fe	injury record match
reference	PE:6a70a6d9:02711000	0x1400e56a0	0x1400e88f2	0x1400e9e9c	4	31	0x1400e88fe	injury record match
reference	PE:6a70a6d9:02711000	0x1400e56a0	0x1400e88f2	0x1400e9e9c	5	32	0x1400e88fe	injury record match
reference	PE:6a70a6d9:02711000	0x1400e56a0	0x1400e8924	0x1400e9eb4	0	27	0x1400e8930	injury flag aggregation
reference	PE:6a70a6d9:02711000	0x1400e56a0	0x1400e8924	0x1400e9eb4	1	28	0x1400e8930	injury flag aggregation
reference	PE:6a70a6d9:02711000	0x1400e56a0	0x1400e8924	0x1400e9eb4	2	29	0x1400e8934	injury flag aggregation
reference	PE:6a70a6d9:02711000	0x1400e56a0	0x1400e8924	0x1400e9eb4	3	30	0x1400e893a	injury flag aggregation
reference	PE:6a70a6d9:02711000	0x1400e56a0	0x1400e8924	0x1400e9eb4	4	31	0x1400e8940	injury flag aggregation
reference	PE:6a70a6d9:02711000	0x1400e56a0	0x1400e8924	0x1400e9eb4	5	32	0x1400e8946	injury flag aggregation
reference	PE:6a70a6d9:02711000	0x1400e56a0	0x1400e90ce	0x1400e9ecc	0	6	0x1400e964f	auxiliary sentence dispatch
reference	PE:6a70a6d9:02711000	0x1400e56a0	0x1400e90ce	0x1400e9ecc	1	7	0x1400e9727	auxiliary sentence dispatch
reference	PE:6a70a6d9:02711000	0x1400e56a0	0x1400e90ce	0x1400e9ecc	2	8	0x1400e9727	auxiliary sentence dispatch
reference	PE:6a70a6d9:02711000	0x1400e56a0	0x1400e90ce	0x1400e9ecc	3	9	0x1400e9814	auxiliary sentence dispatch
reference	PE:6a70a6d9:02711000	0x1400e56a0	0x1400e90ce	0x1400e9ecc	4	10	0x1400e9814	auxiliary sentence dispatch
reference	PE:6a70a6d9:02711000	0x1400e56a0	0x1400e90ce	0x1400e9ecc	5	11	0x1400e9901	auxiliary sentence dispatch
reference	PE:6a70a6d9:02711000	0x1400e56a0	0x1400e90ce	0x1400e9ecc	6	12	0x1400e9901	auxiliary sentence dispatch
reference	PE:6a70a6d9:02711000	0x1400e56a0	0x1400e90ce	0x1400e9ecc	7	13	0x1400e9de2	auxiliary sentence dispatch
reference	PE:6a70a6d9:02711000	0x1400e56a0	0x1400e90ce	0x1400e9ecc	8	14	0x1400e9de2	auxiliary sentence dispatch
reference	PE:6a70a6d9:02711000	0x1400e56a0	0x1400e90ce	0x1400e9ecc	9	15	0x1400e99ee	auxiliary sentence dispatch
reference	PE:6a70a6d9:02711000	0x1400e56a0	0x1400e90ce	0x1400e9ecc	10	16	0x1400e9b7b	auxiliary sentence dispatch
reference	PE:6a70a6d9:02711000	0x1400e56a0	0x1400e90ce	0x1400e9ecc	11	17	0x1400e9cd8	auxiliary sentence dispatch
reference	PE:6a70a6d9:02711000	0x1400e56a0	0x1400e90ce	0x1400e9ecc	12	18	0x1400e9de2	auxiliary sentence dispatch
reference	PE:6a70a6d9:02711000	0x1400e56a0	0x1400e90ce	0x1400e9ecc	13	19	0x1400e9de2	auxiliary sentence dispatch
reference	PE:6a70a6d9:02711000	0x1400e56a0	0x1400e90ce	0x1400e9ecc	14	20	0x1400e9579	auxiliary sentence dispatch
reference	PE:6a70a6d9:02711000	0x1400e56a0	0x1400e90ce	0x1400e9ecc	15	21	0x1400e9261	auxiliary sentence dispatch
reference	PE:6a70a6d9:02711000	0x1400e56a0	0x1400e90ce	0x1400e9ecc	16	22	0x1400e9377	auxiliary sentence dispatch
reference	PE:6a70a6d9:02711000	0x1400e56a0	0x1400e90ce	0x1400e9ecc	17	23	0x1400e94b7	auxiliary sentence dispatch
reference	PE:6a70a6d9:02711000	0x1400e56a0	0x1400e90ce	0x1400e9ecc	18	24	0x1400e9189	auxiliary sentence dispatch
reference	PE:6a70a6d9:02711000	0x1400e56a0	0x1400e90ce	0x1400e9ecc	19	25	0x1400e9de2	auxiliary sentence dispatch
reference	PE:6a70a6d9:02711000	0x1400e56a0	0x1400e90ce	0x1400e9ecc	20	26	0x1400e9de2	auxiliary sentence dispatch
reference	PE:6a70a6d9:02711000	0x1400e56a0	0x1400e90ce	0x1400e9ecc	21	27	0x1400e9de2	auxiliary sentence dispatch
reference	PE:6a70a6d9:02711000	0x1400e56a0	0x1400e90ce	0x1400e9ecc	22	28	0x1400e9de2	auxiliary sentence dispatch
reference	PE:6a70a6d9:02711000	0x1400e56a0	0x1400e90ce	0x1400e9ecc	23	29	0x1400e9de2	auxiliary sentence dispatch
reference	PE:6a70a6d9:02711000	0x1400e56a0	0x1400e90ce	0x1400e9ecc	24	30	0x1400e9de2	auxiliary sentence dispatch
reference	PE:6a70a6d9:02711000	0x1400e56a0	0x1400e90ce	0x1400e9ecc	25	31	0x1400e9de2	auxiliary sentence dispatch
reference	PE:6a70a6d9:02711000	0x1400e56a0	0x1400e90ce	0x1400e9ecc	26	32	0x1400e9de2	auxiliary sentence dispatch
reference	PE:6a70a6d9:02711000	0x1400e56a0	0x1400e90ce	0x1400e9ecc	27	33	0x1400e9de2	auxiliary sentence dispatch
reference	PE:6a70a6d9:02711000	0x1400e56a0	0x1400e90ce	0x1400e9ecc	28	34	0x1400e90da	auxiliary sentence dispatch
classic	PE:6a70b91c:0270a000	0x1400e5630	0x1400e879e	0x1400e9e14	0	27	0x1400e87ab	injury body collection
classic	PE:6a70b91c:0270a000	0x1400e5630	0x1400e879e	0x1400e9e14	1	28	0x1400e87ab	injury body collection
classic	PE:6a70b91c:0270a000	0x1400e5630	0x1400e879e	0x1400e9e14	2	29	0x1400e87ab	injury body collection
classic	PE:6a70b91c:0270a000	0x1400e5630	0x1400e879e	0x1400e9e14	3	30	0x1400e87ab	injury body collection
classic	PE:6a70b91c:0270a000	0x1400e5630	0x1400e879e	0x1400e9e14	4	31	0x1400e87ab	injury body collection
classic	PE:6a70b91c:0270a000	0x1400e5630	0x1400e879e	0x1400e9e14	5	32	0x1400e87ab	injury body collection
classic	PE:6a70b91c:0270a000	0x1400e5630	0x1400e8882	0x1400e9e2c	0	27	0x1400e888e	injury record match
classic	PE:6a70b91c:0270a000	0x1400e5630	0x1400e8882	0x1400e9e2c	1	28	0x1400e888e	injury record match
classic	PE:6a70b91c:0270a000	0x1400e5630	0x1400e8882	0x1400e9e2c	2	29	0x1400e888e	injury record match
classic	PE:6a70b91c:0270a000	0x1400e5630	0x1400e8882	0x1400e9e2c	3	30	0x1400e888e	injury record match
classic	PE:6a70b91c:0270a000	0x1400e5630	0x1400e8882	0x1400e9e2c	4	31	0x1400e888e	injury record match
classic	PE:6a70b91c:0270a000	0x1400e5630	0x1400e8882	0x1400e9e2c	5	32	0x1400e888e	injury record match
classic	PE:6a70b91c:0270a000	0x1400e5630	0x1400e88b4	0x1400e9e44	0	27	0x1400e88c0	injury flag aggregation
classic	PE:6a70b91c:0270a000	0x1400e5630	0x1400e88b4	0x1400e9e44	1	28	0x1400e88c0	injury flag aggregation
classic	PE:6a70b91c:0270a000	0x1400e5630	0x1400e88b4	0x1400e9e44	2	29	0x1400e88c4	injury flag aggregation
classic	PE:6a70b91c:0270a000	0x1400e5630	0x1400e88b4	0x1400e9e44	3	30	0x1400e88ca	injury flag aggregation
classic	PE:6a70b91c:0270a000	0x1400e5630	0x1400e88b4	0x1400e9e44	4	31	0x1400e88d0	injury flag aggregation
classic	PE:6a70b91c:0270a000	0x1400e5630	0x1400e88b4	0x1400e9e44	5	32	0x1400e88d6	injury flag aggregation
classic	PE:6a70b91c:0270a000	0x1400e5630	0x1400e905e	0x1400e9e5c	0	6	0x1400e95df	auxiliary sentence dispatch
classic	PE:6a70b91c:0270a000	0x1400e5630	0x1400e905e	0x1400e9e5c	1	7	0x1400e96b7	auxiliary sentence dispatch
classic	PE:6a70b91c:0270a000	0x1400e5630	0x1400e905e	0x1400e9e5c	2	8	0x1400e96b7	auxiliary sentence dispatch
classic	PE:6a70b91c:0270a000	0x1400e5630	0x1400e905e	0x1400e9e5c	3	9	0x1400e97a4	auxiliary sentence dispatch
classic	PE:6a70b91c:0270a000	0x1400e5630	0x1400e905e	0x1400e9e5c	4	10	0x1400e97a4	auxiliary sentence dispatch
classic	PE:6a70b91c:0270a000	0x1400e5630	0x1400e905e	0x1400e9e5c	5	11	0x1400e9891	auxiliary sentence dispatch
classic	PE:6a70b91c:0270a000	0x1400e5630	0x1400e905e	0x1400e9e5c	6	12	0x1400e9891	auxiliary sentence dispatch
classic	PE:6a70b91c:0270a000	0x1400e5630	0x1400e905e	0x1400e9e5c	7	13	0x1400e9d72	auxiliary sentence dispatch
classic	PE:6a70b91c:0270a000	0x1400e5630	0x1400e905e	0x1400e9e5c	8	14	0x1400e9d72	auxiliary sentence dispatch
classic	PE:6a70b91c:0270a000	0x1400e5630	0x1400e905e	0x1400e9e5c	9	15	0x1400e997e	auxiliary sentence dispatch
classic	PE:6a70b91c:0270a000	0x1400e5630	0x1400e905e	0x1400e9e5c	10	16	0x1400e9b0b	auxiliary sentence dispatch
classic	PE:6a70b91c:0270a000	0x1400e5630	0x1400e905e	0x1400e9e5c	11	17	0x1400e9c68	auxiliary sentence dispatch
classic	PE:6a70b91c:0270a000	0x1400e5630	0x1400e905e	0x1400e9e5c	12	18	0x1400e9d72	auxiliary sentence dispatch
classic	PE:6a70b91c:0270a000	0x1400e5630	0x1400e905e	0x1400e9e5c	13	19	0x1400e9d72	auxiliary sentence dispatch
classic	PE:6a70b91c:0270a000	0x1400e5630	0x1400e905e	0x1400e9e5c	14	20	0x1400e9509	auxiliary sentence dispatch
classic	PE:6a70b91c:0270a000	0x1400e5630	0x1400e905e	0x1400e9e5c	15	21	0x1400e91f1	auxiliary sentence dispatch
classic	PE:6a70b91c:0270a000	0x1400e5630	0x1400e905e	0x1400e9e5c	16	22	0x1400e9307	auxiliary sentence dispatch
classic	PE:6a70b91c:0270a000	0x1400e5630	0x1400e905e	0x1400e9e5c	17	23	0x1400e9447	auxiliary sentence dispatch
classic	PE:6a70b91c:0270a000	0x1400e5630	0x1400e905e	0x1400e9e5c	18	24	0x1400e9119	auxiliary sentence dispatch
classic	PE:6a70b91c:0270a000	0x1400e5630	0x1400e905e	0x1400e9e5c	19	25	0x1400e9d72	auxiliary sentence dispatch
classic	PE:6a70b91c:0270a000	0x1400e5630	0x1400e905e	0x1400e9e5c	20	26	0x1400e9d72	auxiliary sentence dispatch
classic	PE:6a70b91c:0270a000	0x1400e5630	0x1400e905e	0x1400e9e5c	21	27	0x1400e9d72	auxiliary sentence dispatch
classic	PE:6a70b91c:0270a000	0x1400e5630	0x1400e905e	0x1400e9e5c	22	28	0x1400e9d72	auxiliary sentence dispatch
classic	PE:6a70b91c:0270a000	0x1400e5630	0x1400e905e	0x1400e9e5c	23	29	0x1400e9d72	auxiliary sentence dispatch
classic	PE:6a70b91c:0270a000	0x1400e5630	0x1400e905e	0x1400e9e5c	24	30	0x1400e9d72	auxiliary sentence dispatch
classic	PE:6a70b91c:0270a000	0x1400e5630	0x1400e905e	0x1400e9e5c	25	31	0x1400e9d72	auxiliary sentence dispatch
classic	PE:6a70b91c:0270a000	0x1400e5630	0x1400e905e	0x1400e9e5c	26	32	0x1400e9d72	auxiliary sentence dispatch
classic	PE:6a70b91c:0270a000	0x1400e5630	0x1400e905e	0x1400e9e5c	27	33	0x1400e9d72	auxiliary sentence dispatch
classic	PE:6a70b91c:0270a000	0x1400e5630	0x1400e905e	0x1400e9e5c	28	34	0x1400e906a	auxiliary sentence dispatch
