edition	image_identity	type	vtable_rva	name_rva	full_name_rva	icon_texpos_rva	inventory_record_rva	option_flags_rva
steam	PE:6a70a6d9:02711000	adventure_option_drop_itemst	0x16bd970	0x894180	0x894370	0x7e1310	0x7e1430	0x66e90
steam	PE:6a70a6d9:02711000	adventure_option_eat_drink_itemst	0x16bcf08	0x894180	0x894820	0x7e1310	0x7e1430	0x66e90
steam	PE:6a70a6d9:02711000	adventure_option_eat_item_contaminantst	0x16bccb8	0x839ca0	0x7e1230	0x66e90	0x66e90	0x66e90
steam	PE:6a70a6d9:02711000	adventure_option_eat_unit_contaminantst	0x16b5790	0x839850	0x7e1230	0x66e90	0x66e90	0x66e90
steam	PE:6a70a6d9:02711000	adventure_option_interact_with_itemst	0x16bc378	0x894180	0x7e1230	0x7e1310	0x7e1430	0x66e90
steam	PE:6a70a6d9:02711000	adventure_option_inventory_itemst	0x16b9cf8	0x894180	0x7e1230	0x7e1310	0x7e1430	0x7e1450
steam	PE:6a70a6d9:02711000	adventure_option_put_itemst	0x16ba570	0x894180	0x894730	0x7e1310	0x7e1430	0x66e90
steam	PE:6a70a6d9:02711000	adventure_option_remove_itemst	0x16b8c38	0x894180	0x894640	0x7e1310	0x7e1430	0x66e90
steam	PE:6a70a6d9:02711000	adventure_option_throw_itemst	0x16ba1f8	0x894180	0x894460	0x7e1310	0x7e1430	0x66e90
steam	PE:6a70a6d9:02711000	adventure_option_view_contaminantst	0x16bd3a8	0x8392a0	0x7e1230	0x66e90	0x66e90	0x66e90
steam	PE:6a70a6d9:02711000	adventure_option_view_itemst	0x16b73f8	0x894180	0x894280	0x7e1310	0x7e1430	0x66e90
steam	PE:6a70a6d9:02711000	adventure_option_wear_itemst	0x16b7ef0	0x894180	0x894550	0x7e1310	0x7e1430	0x66e90
classic	PE:6a70b91c:0270a000	adventure_option_drop_itemst	0x16b8988	0x891a00	0x891bf0	0x7deb90	0x7decb0	0x66e20
classic	PE:6a70b91c:0270a000	adventure_option_eat_drink_itemst	0x16b7df8	0x891a00	0x8920a0	0x7deb90	0x7decb0	0x66e20
classic	PE:6a70b91c:0270a000	adventure_option_eat_item_contaminantst	0x16b7a80	0x837520	0x7deab0	0x66e20	0x66e20	0x66e20
classic	PE:6a70b91c:0270a000	adventure_option_eat_unit_contaminantst	0x16b0680	0x8370d0	0x7deab0	0x66e20	0x66e20	0x66e20
classic	PE:6a70b91c:0270a000	adventure_option_interact_with_itemst	0x16b7268	0x891a00	0x7deab0	0x7deb90	0x7decb0	0x66e20
classic	PE:6a70b91c:0270a000	adventure_option_inventory_itemst	0x16b4be8	0x891a00	0x7deab0	0x7deb90	0x7decb0	0x7decd0
classic	PE:6a70b91c:0270a000	adventure_option_put_itemst	0x16b5460	0x891a00	0x891fb0	0x7deb90	0x7decb0	0x66e20
classic	PE:6a70b91c:0270a000	adventure_option_remove_itemst	0x16b3b28	0x891a00	0x891ec0	0x7deb90	0x7decb0	0x66e20
classic	PE:6a70b91c:0270a000	adventure_option_throw_itemst	0x16b50e8	0x891a00	0x891ce0	0x7deb90	0x7decb0	0x66e20
classic	PE:6a70b91c:0270a000	adventure_option_view_contaminantst	0x16b8298	0x836b20	0x7deab0	0x66e20	0x66e20	0x66e20
classic	PE:6a70b91c:0270a000	adventure_option_view_itemst	0x16b21a8	0x891a00	0x891b00	0x7deb90	0x7decb0	0x66e20
classic	PE:6a70b91c:0270a000	adventure_option_wear_itemst	0x16b2de0	0x891a00	0x891dd0	0x7deb90	0x7decb0	0x66e20
steam	PE:6a70a6d9:02711000	adventure_environment_ingest_materialst	0x16b9980	0x8389f0	0x7e1230	0x66e90	0x66e90	0x66e90
steam	PE:6a70a6d9:02711000	adventure_environment_place_on_pack_animalst	0x16b5e80	0x837ea0	0x7e1230	0x89b8b0	0x66e90	0x66e90
steam	PE:6a70a6d9:02711000	adventure_environment_unit_suck_bloodst	0x16bc818	0x8382f0	0x7e1230	0x89ad30	0x66e90	0x66e90
steam	PE:6a70a6d9:02711000	adventure_environment_place_in_it_containerst	0x16b7190	0x8381a0	0x7e1230	0x7e1630	0x66e90	0x66e90
steam	PE:6a70a6d9:02711000	adventure_environment_ingest_from_containerst	0x16b89e8	0x8387d0	0x7e1230	0x7e1630	0x66e90	0x66e90
steam	PE:6a70a6d9:02711000	adventure_environment_place_in_bld_containerst	0x16bb3e0	0x837ff0	0x7e1230	0x89aed0	0x66e90	0x66e90
classic	PE:6a70b91c:0270a000	adventure_environment_ingest_materialst	0x16b4870	0x836270	0x7deab0	0x66e20	0x66e20	0x66e20
classic	PE:6a70b91c:0270a000	adventure_environment_place_on_pack_animalst	0x16b0d70	0x835720	0x7deab0	0x899130	0x66e20	0x66e20
classic	PE:6a70b91c:0270a000	adventure_environment_unit_suck_bloodst	0x16b7708	0x835b70	0x7deab0	0x8985b0	0x66e20	0x66e20
classic	PE:6a70b91c:0270a000	adventure_environment_place_in_it_containerst	0x16b2080	0x835a20	0x7deab0	0x7deeb0	0x66e20	0x66e20
classic	PE:6a70b91c:0270a000	adventure_environment_ingest_from_containerst	0x16b38d8	0x836050	0x7deab0	0x7deeb0	0x66e20	0x66e20
classic	PE:6a70b91c:0270a000	adventure_environment_place_in_bld_containerst	0x16b62d0	0x835870	0x7deab0	0x898750	0x66e20	0x66e20
