edition	role	owner_rva	instruction_rva	bound_instruction_rva	table_rva	compressed_mapping_rva	case_index	mapped_index	target_rva
steam	reaction-raw-parser	0xed1bd0	0xed4a01	0xed49f2	0xed530c		0	0	0xed4d63
steam	reaction-raw-parser	0xed1bd0	0xed4a01	0xed49f2	0xed530c		1	1	0xed4d63
steam	reaction-raw-parser	0xed1bd0	0xed4a01	0xed49f2	0xed530c		2	2	0xed4d63
steam	reaction-raw-parser	0xed1bd0	0xed4a01	0xed49f2	0xed530c		3	3	0xed4d63
steam	reaction-raw-parser	0xed1bd0	0xed4a01	0xed49f2	0xed530c		4	4	0xed4a0e
steam	reaction-raw-parser	0xed1bd0	0xed4a01	0xed49f2	0xed530c		5	5	0xed4988
steam	reaction-raw-parser	0xed1bd0	0xed4a01	0xed49f2	0xed530c		6	6	0xed4988
steam	reaction-raw-parser	0xed1bd0	0xed4a01	0xed49f2	0xed530c		7	7	0xed4988
steam	reaction-raw-parser	0xed1bd0	0xed4a01	0xed49f2	0xed530c		8	8	0xed4d63
steam	reaction-raw-parser	0xed1bd0	0xed4a01	0xed49f2	0xed530c		9	9	0xed4988
steam	reaction-raw-parser	0xed1bd0	0xed4a01	0xed49f2	0xed530c		10	10	0xed4bbc
steam	reaction-raw-parser	0xed1bd0	0xed4a01	0xed49f2	0xed530c		11	11	0xed4d63
steam	reagent-item-filter-description	0xa2adb0	0xa2ae25	0xa2ae18	0xa2c538	0xa2c548	0	0	0xa2ae65
steam	reagent-item-filter-description	0xa2adb0	0xa2ae25	0xa2ae18	0xa2c538	0xa2c548	1	3	0xa2ae7d
steam	reagent-item-filter-description	0xa2adb0	0xa2ae25	0xa2ae18	0xa2c538	0xa2c548	2	3	0xa2ae7d
steam	reagent-item-filter-description	0xa2adb0	0xa2ae25	0xa2ae18	0xa2c538	0xa2c548	3	3	0xa2ae7d
steam	reagent-item-filter-description	0xa2adb0	0xa2ae25	0xa2ae18	0xa2c538	0xa2c548	4	3	0xa2ae7d
steam	reagent-item-filter-description	0xa2adb0	0xa2ae25	0xa2ae18	0xa2c538	0xa2c548	5	3	0xa2ae7d
steam	reagent-item-filter-description	0xa2adb0	0xa2ae25	0xa2ae18	0xa2c538	0xa2c548	6	3	0xa2ae7d
steam	reagent-item-filter-description	0xa2adb0	0xa2ae25	0xa2ae18	0xa2c538	0xa2c548	7	3	0xa2ae7d
steam	reagent-item-filter-description	0xa2adb0	0xa2ae25	0xa2ae18	0xa2c538	0xa2c548	8	3	0xa2ae7d
steam	reagent-item-filter-description	0xa2adb0	0xa2ae25	0xa2ae18	0xa2c538	0xa2c548	9	3	0xa2ae7d
steam	reagent-item-filter-description	0xa2adb0	0xa2ae25	0xa2ae18	0xa2c538	0xa2c548	10	3	0xa2ae7d
steam	reagent-item-filter-description	0xa2adb0	0xa2ae25	0xa2ae18	0xa2c538	0xa2c548	11	3	0xa2ae7d
steam	reagent-item-filter-description	0xa2adb0	0xa2ae25	0xa2ae18	0xa2c538	0xa2c548	12	3	0xa2ae7d
steam	reagent-item-filter-description	0xa2adb0	0xa2ae25	0xa2ae18	0xa2c538	0xa2c548	13	3	0xa2ae7d
steam	reagent-item-filter-description	0xa2adb0	0xa2ae25	0xa2ae18	0xa2c538	0xa2c548	14	3	0xa2ae7d
steam	reagent-item-filter-description	0xa2adb0	0xa2ae25	0xa2ae18	0xa2c538	0xa2c548	15	3	0xa2ae7d
steam	reagent-item-filter-description	0xa2adb0	0xa2ae25	0xa2ae18	0xa2c538	0xa2c548	16	3	0xa2ae7d
steam	reagent-item-filter-description	0xa2adb0	0xa2ae25	0xa2ae18	0xa2c538	0xa2c548	17	3	0xa2ae7d
steam	reagent-item-filter-description	0xa2adb0	0xa2ae25	0xa2ae18	0xa2c538	0xa2c548	18	3	0xa2ae7d
steam	reagent-item-filter-description	0xa2adb0	0xa2ae25	0xa2ae18	0xa2c538	0xa2c548	19	3	0xa2ae7d
steam	reagent-item-filter-description	0xa2adb0	0xa2ae25	0xa2ae18	0xa2c538	0xa2c548	20	3	0xa2ae7d
steam	reagent-item-filter-description	0xa2adb0	0xa2ae25	0xa2ae18	0xa2c538	0xa2c548	21	3	0xa2ae7d
steam	reagent-item-filter-description	0xa2adb0	0xa2ae25	0xa2ae18	0xa2c538	0xa2c548	22	3	0xa2ae7d
steam	reagent-item-filter-description	0xa2adb0	0xa2ae25	0xa2ae18	0xa2c538	0xa2c548	23	3	0xa2ae7d
steam	reagent-item-filter-description	0xa2adb0	0xa2ae25	0xa2ae18	0xa2c538	0xa2c548	24	3	0xa2ae7d
steam	reagent-item-filter-description	0xa2adb0	0xa2ae25	0xa2ae18	0xa2c538	0xa2c548	25	3	0xa2ae7d
steam	reagent-item-filter-description	0xa2adb0	0xa2ae25	0xa2ae18	0xa2c538	0xa2c548	26	3	0xa2ae7d
steam	reagent-item-filter-description	0xa2adb0	0xa2ae25	0xa2ae18	0xa2c538	0xa2c548	27	3	0xa2ae7d
steam	reagent-item-filter-description	0xa2adb0	0xa2ae25	0xa2ae18	0xa2c538	0xa2c548	28	3	0xa2ae7d
steam	reagent-item-filter-description	0xa2adb0	0xa2ae25	0xa2ae18	0xa2c538	0xa2c548	29	3	0xa2ae7d
steam	reagent-item-filter-description	0xa2adb0	0xa2ae25	0xa2ae18	0xa2c538	0xa2c548	30	3	0xa2ae7d
steam	reagent-item-filter-description	0xa2adb0	0xa2ae25	0xa2ae18	0xa2c538	0xa2c548	31	3	0xa2ae7d
steam	reagent-item-filter-description	0xa2adb0	0xa2ae25	0xa2ae18	0xa2c538	0xa2c548	32	3	0xa2ae7d
steam	reagent-item-filter-description	0xa2adb0	0xa2ae25	0xa2ae18	0xa2c538	0xa2c548	33	3	0xa2ae7d
steam	reagent-item-filter-description	0xa2adb0	0xa2ae25	0xa2ae18	0xa2c538	0xa2c548	34	3	0xa2ae7d
steam	reagent-item-filter-description	0xa2adb0	0xa2ae25	0xa2ae18	0xa2c538	0xa2c548	35	3	0xa2ae7d
steam	reagent-item-filter-description	0xa2adb0	0xa2ae25	0xa2ae18	0xa2c538	0xa2c548	36	3	0xa2ae7d
steam	reagent-item-filter-description	0xa2adb0	0xa2ae25	0xa2ae18	0xa2c538	0xa2c548	37	3	0xa2ae7d
steam	reagent-item-filter-description	0xa2adb0	0xa2ae25	0xa2ae18	0xa2c538	0xa2c548	38	3	0xa2ae7d
steam	reagent-item-filter-description	0xa2adb0	0xa2ae25	0xa2ae18	0xa2c538	0xa2c548	39	3	0xa2ae7d
steam	reagent-item-filter-description	0xa2adb0	0xa2ae25	0xa2ae18	0xa2c538	0xa2c548	40	3	0xa2ae7d
steam	reagent-item-filter-description	0xa2adb0	0xa2ae25	0xa2ae18	0xa2c538	0xa2c548	41	3	0xa2ae7d
steam	reagent-item-filter-description	0xa2adb0	0xa2ae25	0xa2ae18	0xa2c538	0xa2c548	42	3	0xa2ae7d
steam	reagent-item-filter-description	0xa2adb0	0xa2ae25	0xa2ae18	0xa2c538	0xa2c548	43	3	0xa2ae7d
steam	reagent-item-filter-description	0xa2adb0	0xa2ae25	0xa2ae18	0xa2c538	0xa2c548	44	3	0xa2ae7d
steam	reagent-item-filter-description	0xa2adb0	0xa2ae25	0xa2ae18	0xa2c538	0xa2c548	45	3	0xa2ae7d
steam	reagent-item-filter-description	0xa2adb0	0xa2ae25	0xa2ae18	0xa2c538	0xa2c548	46	3	0xa2ae7d
steam	reagent-item-filter-description	0xa2adb0	0xa2ae25	0xa2ae18	0xa2c538	0xa2c548	47	3	0xa2ae7d
steam	reagent-item-filter-description	0xa2adb0	0xa2ae25	0xa2ae18	0xa2c538	0xa2c548	48	3	0xa2ae7d
steam	reagent-item-filter-description	0xa2adb0	0xa2ae25	0xa2ae18	0xa2c538	0xa2c548	49	3	0xa2ae7d
steam	reagent-item-filter-description	0xa2adb0	0xa2ae25	0xa2ae18	0xa2c538	0xa2c548	50	3	0xa2ae7d
steam	reagent-item-filter-description	0xa2adb0	0xa2ae25	0xa2ae18	0xa2c538	0xa2c548	51	3	0xa2ae7d
steam	reagent-item-filter-description	0xa2adb0	0xa2ae25	0xa2ae18	0xa2c538	0xa2c548	52	3	0xa2ae7d
steam	reagent-item-filter-description	0xa2adb0	0xa2ae25	0xa2ae18	0xa2c538	0xa2c548	53	3	0xa2ae7d
steam	reagent-item-filter-description	0xa2adb0	0xa2ae25	0xa2ae18	0xa2c538	0xa2c548	54	3	0xa2ae7d
steam	reagent-item-filter-description	0xa2adb0	0xa2ae25	0xa2ae18	0xa2c538	0xa2c548	55	3	0xa2ae7d
steam	reagent-item-filter-description	0xa2adb0	0xa2ae25	0xa2ae18	0xa2c538	0xa2c548	56	3	0xa2ae7d
steam	reagent-item-filter-description	0xa2adb0	0xa2ae25	0xa2ae18	0xa2c538	0xa2c548	57	1	0xa2ae31
steam	reagent-item-filter-description	0xa2adb0	0xa2ae25	0xa2ae18	0xa2c538	0xa2c548	58	2	0xa2ae4b
steam	reagent-item-filter-description	0xa2adb0	0xa2ae25	0xa2ae18	0xa2c538	0xa2c548	59	3	0xa2ae7d
steam	reagent-item-filter-description	0xa2adb0	0xa2ae25	0xa2ae18	0xa2c538	0xa2c548	60	3	0xa2ae7d
steam	reagent-item-filter-description	0xa2adb0	0xa2ae25	0xa2ae18	0xa2c538	0xa2c548	61	3	0xa2ae7d
steam	reagent-item-filter-description	0xa2adb0	0xa2ae25	0xa2ae18	0xa2c538	0xa2c548	62	3	0xa2ae7d
steam	reagent-item-filter-description	0xa2adb0	0xa2ae25	0xa2ae18	0xa2c538	0xa2c548	63	3	0xa2ae7d
steam	reagent-item-filter-description	0xa2adb0	0xa2ae25	0xa2ae18	0xa2c538	0xa2c548	64	3	0xa2ae7d
steam	reagent-item-filter-description	0xa2adb0	0xa2ae25	0xa2ae18	0xa2c538	0xa2c548	65	3	0xa2ae7d
steam	reagent-item-filter-description	0xa2adb0	0xa2ae25	0xa2ae18	0xa2c538	0xa2c548	66	3	0xa2ae7d
steam	reagent-item-filter-description	0xa2adb0	0xa2ae25	0xa2ae18	0xa2c538	0xa2c548	67	3	0xa2ae7d
steam	reagent-item-filter-description	0xa2adb0	0xa2ae25	0xa2ae18	0xa2c538	0xa2c548	68	3	0xa2ae7d
steam	reagent-item-filter-description	0xa2adb0	0xa2ae25	0xa2ae18	0xa2c538	0xa2c548	69	0	0xa2ae65
steam	reagent-item-filter-description	0xa2adb0	0xa2ae25	0xa2ae18	0xa2c538	0xa2c548	70	0	0xa2ae65
steam	reagent-item-filter-description	0xa2adb0	0xa2ae25	0xa2ae18	0xa2c538	0xa2c548	71	3	0xa2ae7d
steam	reagent-item-filter-description	0xa2adb0	0xa2ae25	0xa2ae18	0xa2c538	0xa2c548	72	3	0xa2ae7d
steam	reagent-item-filter-description	0xa2adb0	0xa2ae25	0xa2ae18	0xa2c538	0xa2c548	73	0	0xa2ae65
steam	reagent-item-filter-description	0xa2adb0	0xa2ae25	0xa2ae18	0xa2c538	0xa2c548	74	3	0xa2ae7d
steam	reagent-item-filter-description	0xa2adb0	0xa2ae25	0xa2ae18	0xa2c538	0xa2c548	75	3	0xa2ae7d
steam	reagent-item-filter-description	0xa2adb0	0xa2ae25	0xa2ae18	0xa2c538	0xa2c548	76	3	0xa2ae7d
steam	reagent-item-filter-description	0xa2adb0	0xa2ae25	0xa2ae18	0xa2c538	0xa2c548	77	3	0xa2ae7d
steam	reagent-item-filter-description	0xa2adb0	0xa2ae25	0xa2ae18	0xa2c538	0xa2c548	78	3	0xa2ae7d
steam	reagent-item-filter-description	0xa2adb0	0xa2ae25	0xa2ae18	0xa2c538	0xa2c548	79	3	0xa2ae7d
steam	reagent-item-filter-description	0xa2adb0	0xa2ae25	0xa2ae18	0xa2c538	0xa2c548	80	3	0xa2ae7d
steam	reagent-item-filter-description	0xa2adb0	0xa2ae25	0xa2ae18	0xa2c538	0xa2c548	81	3	0xa2ae7d
steam	reagent-item-filter-description	0xa2adb0	0xa2ae25	0xa2ae18	0xa2c538	0xa2c548	82	3	0xa2ae7d
steam	reagent-item-filter-description	0xa2adb0	0xa2ae25	0xa2ae18	0xa2c538	0xa2c548	83	3	0xa2ae7d
steam	reagent-item-filter-description	0xa2adb0	0xa2ae25	0xa2ae18	0xa2c538	0xa2c548	84	3	0xa2ae7d
steam	reagent-item-filter-description	0xa2adb0	0xa2ae25	0xa2ae18	0xa2c538	0xa2c548	85	3	0xa2ae7d
steam	reagent-item-filter-description	0xa2adb0	0xa2ae25	0xa2ae18	0xa2c538	0xa2c548	86	3	0xa2ae7d
steam	reagent-item-filter-description	0xa2adb0	0xa2ae25	0xa2ae18	0xa2c538	0xa2c548	87	3	0xa2ae7d
steam	reagent-item-filter-description	0xa2adb0	0xa2ae25	0xa2ae18	0xa2c538	0xa2c548	88	3	0xa2ae7d
steam	reagent-item-filter-description	0xa2adb0	0xa2ae25	0xa2ae18	0xa2c538	0xa2c548	89	3	0xa2ae7d
steam	reagent-item-filter-description	0xa2adb0	0xa2ae25	0xa2ae18	0xa2c538	0xa2c548	90	2	0xa2ae4b
steam	reagent-item-filter-description	0xa2adb0	0xa2c1e4	0xa2c1d4	0xa2c5a4		0	0	0xa2c1f0
steam	reagent-item-filter-description	0xa2adb0	0xa2c1e4	0xa2c1d4	0xa2c5a4		1	1	0xa2c202
steam	reagent-item-filter-description	0xa2adb0	0xa2c1e4	0xa2c1d4	0xa2c5a4		2	2	0xa2c214
steam	reagent-item-filter-description	0xa2adb0	0xa2c1e4	0xa2c1d4	0xa2c5a4		3	3	0xa2c226
steam	reagent-item-filter-description	0xa2adb0	0xa2c1e4	0xa2c1d4	0xa2c5a4		4	4	0xa2c232
steam	reagent-item-filter-description	0xa2adb0	0xa2c1e4	0xa2c1d4	0xa2c5a4		5	5	0xa2c244
steam	reagent-item-filter-description	0xa2adb0	0xa2c1e4	0xa2c1d4	0xa2c5a4		6	6	0xa2c256
steam	reagent-item-filter-description	0xa2adb0	0xa2c1e4	0xa2c1d4	0xa2c5a4		7	7	0xa2c268
steam	reagent-item-filter-description	0xa2adb0	0xa2c1e4	0xa2c1d4	0xa2c5a4		8	8	0xa2c27a
steam	reagent-item-filter-description	0xa2adb0	0xa2c1e4	0xa2c1d4	0xa2c5a4		9	9	0xa2c28c
steam	reagent-item-filter-description	0xa2adb0	0xa2c1e4	0xa2c1d4	0xa2c5a4		10	10	0xa2c29e
steam	reagent-item-filter-description	0xa2adb0	0xa2c1e4	0xa2c1d4	0xa2c5a4		11	11	0xa2c2b0
steam	reagent-item-filter-description	0xa2adb0	0xa2c1e4	0xa2c1d4	0xa2c5a4		12	12	0xa2c2c2
steam	reagent-item-filter-description	0xa2adb0	0xa2c1e4	0xa2c1d4	0xa2c5a4		13	13	0xa2c2d4
steam	reagent-item-filter-description	0xa2adb0	0xa2c1e4	0xa2c1d4	0xa2c5a4		14	14	0xa2c2e6
steam	reagent-item-filter-description	0xa2adb0	0xa2c1e4	0xa2c1d4	0xa2c5a4		15	15	0xa2c2f5
steam	reagent-item-filter-description	0xa2adb0	0xa2c1e4	0xa2c1d4	0xa2c5a4		16	16	0xa2c307
steam	reagent-item-filter-description	0xa2adb0	0xa2c1e4	0xa2c1d4	0xa2c5a4		17	17	0xa2c319
steam	reagent-item-filter-description	0xa2adb0	0xa2c1e4	0xa2c1d4	0xa2c5a4		18	18	0xa2c328
steam	reagent-item-filter-description	0xa2adb0	0xa2c1e4	0xa2c1d4	0xa2c5a4		19	19	0xa2c337
steam	reagent-item-filter-description	0xa2adb0	0xa2c1e4	0xa2c1d4	0xa2c5a4		20	20	0xa2c343
steam	reagent-item-filter-description	0xa2adb0	0xa2c1e4	0xa2c1d4	0xa2c5a4		21	21	0xa2c352
steam	reagent-item-filter-description	0xa2adb0	0xa2c1e4	0xa2c1d4	0xa2c5a4		22	22	0xa2c361
steam	reagent-item-filter-description	0xa2adb0	0xa2c1e4	0xa2c1d4	0xa2c5a4		23	23	0xa2c370
steam	reagent-item-filter-description	0xa2adb0	0xa2c1e4	0xa2c1d4	0xa2c5a4		24	24	0xa2c37f
steam	reagent-item-filter-description	0xa2adb0	0xa2c1e4	0xa2c1d4	0xa2c5a4		25	25	0xa2c38e
steam	reagent-item-type-name	0xa82c10	0xa82dd9	0xa82dc9	0xa880e0		0	0	0xa83249
steam	reagent-item-type-name	0xa82c10	0xa82dd9	0xa82dc9	0xa880e0		1	1	0xa833de
steam	reagent-item-type-name	0xa82c10	0xa82dd9	0xa82dc9	0xa880e0		2	2	0xa835c5
steam	reagent-item-type-name	0xa82c10	0xa82dd9	0xa82dc9	0xa880e0		3	3	0xa82f11
steam	reagent-item-type-name	0xa82c10	0xa82dd9	0xa82dc9	0xa880e0		4	4	0xa83172
steam	reagent-item-type-name	0xa82c10	0xa82dd9	0xa82dc9	0xa880e0		5	5	0xa82de5
steam	reagent-item-type-name	0xa82c10	0xa82dd9	0xa82dc9	0xa880e0		6	6	0xa83680
steam	reagent-item-type-name	0xa82c10	0xa82dd9	0xa82dc9	0xa880e0		7	7	0xa83736
steam	reagent-item-type-name	0xa82c10	0xa82dd9	0xa82dc9	0xa880e0		8	8	0xa86522
steam	reagent-item-type-name	0xa82c10	0xa82dd9	0xa82dc9	0xa880e0		9	9	0xa84a81
steam	reagent-item-type-name	0xa82c10	0xa82dd9	0xa82dc9	0xa880e0		10	10	0xa840cb
steam	reagent-item-type-name	0xa82c10	0xa82dd9	0xa82dc9	0xa880e0		11	11	0xa841f4
steam	reagent-item-type-name	0xa82c10	0xa82dd9	0xa82dc9	0xa880e0		12	12	0xa84736
steam	reagent-item-type-name	0xa82c10	0xa82dd9	0xa82dc9	0xa880e0		13	13	0xa8435c
steam	reagent-item-type-name	0xa82c10	0xa82dd9	0xa82dc9	0xa880e0		14	14	0xa84669
steam	reagent-item-type-name	0xa82c10	0xa82dd9	0xa82dc9	0xa880e0		15	15	0xa84807
steam	reagent-item-type-name	0xa82c10	0xa82dd9	0xa82dc9	0xa880e0		16	16	0xa84877
steam	reagent-item-type-name	0xa82c10	0xa82dd9	0xa82dc9	0xa880e0		17	17	0xa84931
steam	reagent-item-type-name	0xa82c10	0xa82dd9	0xa82dc9	0xa880e0		18	18	0xa849a1
steam	reagent-item-type-name	0xa82c10	0xa82dd9	0xa82dc9	0xa880e0		19	19	0xa84a11
steam	reagent-item-type-name	0xa82c10	0xa82dd9	0xa82dc9	0xa880e0		20	20	0xa83886
steam	reagent-item-type-name	0xa82c10	0xa82dd9	0xa82dc9	0xa880e0		21	21	0xa83fc7
steam	reagent-item-type-name	0xa82c10	0xa82dd9	0xa82dc9	0xa880e0		22	22	0xa866e2
steam	reagent-item-type-name	0xa82c10	0xa82dd9	0xa82dc9	0xa880e0		23	23	0xa86a02
steam	reagent-item-type-name	0xa82c10	0xa82dd9	0xa82dc9	0xa880e0		24	24	0xa87584
steam	reagent-item-type-name	0xa82c10	0xa82dd9	0xa82dc9	0xa880e0		25	25	0xa876bd
steam	reagent-item-type-name	0xa82c10	0xa82dd9	0xa82dc9	0xa880e0		26	26	0xa87b5b
steam	reagent-item-type-name	0xa82c10	0xa82dd9	0xa82dc9	0xa880e0		27	27	0xa87a87
steam	reagent-item-type-name	0xa82c10	0xa82dd9	0xa82dc9	0xa880e0		28	28	0xa87ccb
steam	reagent-item-type-name	0xa82c10	0xa82dd9	0xa82dc9	0xa880e0		29	29	0xa8789a
steam	reagent-item-type-name	0xa82c10	0xa82dd9	0xa82dc9	0xa880e0		30	30	0xa83ab6
steam	reagent-item-type-name	0xa82c10	0xa82dd9	0xa82dc9	0xa880e0		31	31	0xa83c00
steam	reagent-item-type-name	0xa82c10	0xa82dd9	0xa82dc9	0xa880e0		32	32	0xa83a46
steam	reagent-item-type-name	0xa82c10	0xa82dd9	0xa82dc9	0xa880e0		33	33	0xa839d6
steam	reagent-item-type-name	0xa82c10	0xa82dd9	0xa82dc9	0xa880e0		34	34	0xa83966
steam	reagent-item-type-name	0xa82c10	0xa82dd9	0xa82dc9	0xa880e0		35	35	0xa838f6
steam	reagent-item-type-name	0xa82c10	0xa82dd9	0xa82dc9	0xa880e0		36	36	0xa84efc
steam	reagent-item-type-name	0xa82c10	0xa82dd9	0xa82dc9	0xa880e0		37	37	0xa85d2e
steam	reagent-item-type-name	0xa82c10	0xa82dd9	0xa82dc9	0xa880e0		38	38	0xa86007
steam	reagent-item-type-name	0xa82c10	0xa82dd9	0xa82dc9	0xa880e0		39	39	0xa85eea
steam	reagent-item-type-name	0xa82c10	0xa82dd9	0xa82dc9	0xa880e0		40	40	0xa86077
steam	reagent-item-type-name	0xa82c10	0xa82dd9	0xa82dc9	0xa880e0		41	41	0xa863d8
steam	reagent-item-type-name	0xa82c10	0xa82dd9	0xa82dc9	0xa880e0		42	42	0xa86442
steam	reagent-item-type-name	0xa82c10	0xa82dd9	0xa82dc9	0xa880e0		43	43	0xa864b2
steam	reagent-item-type-name	0xa82c10	0xa82dd9	0xa82dc9	0xa880e0		44	44	0xa86151
steam	reagent-item-type-name	0xa82c10	0xa82dd9	0xa82dc9	0xa880e0		45	45	0xa85cbe
steam	reagent-item-type-name	0xa82c10	0xa82dd9	0xa82dc9	0xa880e0		46	46	0xa86a35
steam	reagent-item-type-name	0xa82c10	0xa82dd9	0xa82dc9	0xa880e0		47	47	0xa86ba6
steam	reagent-item-type-name	0xa82c10	0xa82dd9	0xa82dc9	0xa880e0		48	48	0xa87427
steam	reagent-item-type-name	0xa82c10	0xa82dd9	0xa82dc9	0xa880e0		49	49	0xa8727a
steam	reagent-item-type-name	0xa82c10	0xa82dd9	0xa82dc9	0xa880e0		50	50	0xa86f2a
steam	reagent-item-type-name	0xa82c10	0xa82dd9	0xa82dc9	0xa880e0		51	51	0xa8739f
steam	reagent-item-type-name	0xa82c10	0xa82dd9	0xa82dc9	0xa880e0		52	52	0xa873f2
steam	reagent-item-type-name	0xa82c10	0xa82dd9	0xa82dc9	0xa880e0		53	53	0xa86d36
steam	reagent-item-type-name	0xa82c10	0xa82dd9	0xa82dc9	0xa880e0		54	54	0xa86e98
steam	reagent-item-type-name	0xa82c10	0xa82dd9	0xa82dc9	0xa880e0		55	55	0xa84de3
steam	reagent-item-type-name	0xa82c10	0xa82dd9	0xa82dc9	0xa880e0		56	56	0xa86de0
steam	reagent-item-type-name	0xa82c10	0xa82dd9	0xa82dc9	0xa880e0		57	57	0xa84b17
steam	reagent-item-type-name	0xa82c10	0xa82dd9	0xa82dc9	0xa880e0		58	58	0xa84c61
steam	reagent-item-type-name	0xa82c10	0xa82dd9	0xa82dc9	0xa880e0		59	59	0xa84e4f
steam	reagent-item-type-name	0xa82c10	0xa82dd9	0xa82dc9	0xa880e0		60	60	0xa87e00
steam	reagent-item-type-name	0xa82c10	0xa82dd9	0xa82dc9	0xa880e0		61	61	0xa83c70
steam	reagent-item-type-name	0xa82c10	0xa82dd9	0xa82dc9	0xa880e0		62	62	0xa83f2c
steam	reagent-item-type-name	0xa82c10	0xa82dd9	0xa82dc9	0xa880e0		63	63	0xa858dc
steam	reagent-item-type-name	0xa82c10	0xa82dd9	0xa82dc9	0xa880e0		64	64	0xa85c46
steam	reagent-item-type-name	0xa82c10	0xa82dd9	0xa82dc9	0xa880e0		65	65	0xa85e0e
steam	reagent-item-type-name	0xa82c10	0xa82dd9	0xa82dc9	0xa880e0		66	66	0xa85d9e
steam	reagent-item-type-name	0xa82c10	0xa82dd9	0xa82dc9	0xa880e0		67	67	0xa859cc
steam	reagent-item-type-name	0xa82c10	0xa82dd9	0xa82dc9	0xa880e0		68	68	0xa85b0d
steam	reagent-item-type-name	0xa82c10	0xa82dd9	0xa82dc9	0xa880e0		69	69	0xa84f6c
steam	reagent-item-type-name	0xa82c10	0xa82dd9	0xa82dc9	0xa880e0		70	70	0xa85769
steam	reagent-item-type-name	0xa82c10	0xa82dd9	0xa82dc9	0xa880e0		71	71	0xa8588a
steam	reagent-item-type-name	0xa82c10	0xa82dd9	0xa82dc9	0xa880e0		72	72	0xa87415
steam	reagent-item-type-name	0xa82c10	0xa82dd9	0xa82dc9	0xa880e0		73	73	0xa84fc7
steam	reagent-item-type-name	0xa82c10	0xa82dd9	0xa82dc9	0xa880e0		74	74	0xa860e7
steam	reagent-item-type-name	0xa82c10	0xa82dd9	0xa82dc9	0xa880e0		75	75	0xa84fc7
steam	reagent-item-type-name	0xa82c10	0xa82dd9	0xa82dc9	0xa880e0		76	76	0xa82fee
steam	reagent-item-type-name	0xa82c10	0xa82dd9	0xa82dc9	0xa880e0		77	77	0xa85a44
steam	reagent-item-type-name	0xa82c10	0xa82dd9	0xa82dc9	0xa880e0		78	78	0xa837a6
steam	reagent-item-type-name	0xa82c10	0xa82dd9	0xa82dc9	0xa880e0		79	79	0xa83816
steam	reagent-item-type-name	0xa82c10	0xa82dd9	0xa82dc9	0xa880e0		80	80	0xa86602
steam	reagent-item-type-name	0xa82c10	0xa82dd9	0xa82dc9	0xa880e0		81	81	0xa86672
steam	reagent-item-type-name	0xa82c10	0xa82dd9	0xa82dc9	0xa880e0		82	82	0xa83e52
steam	reagent-item-type-name	0xa82c10	0xa82dd9	0xa82dc9	0xa880e0		83	83	0xa83ec2
steam	reagent-item-type-name	0xa82c10	0xa82dd9	0xa82dc9	0xa880e0		84	84	0xa86592
steam	reagent-item-type-name	0xa82c10	0xa82dd9	0xa82dc9	0xa880e0		85	85	0xa83d0b
steam	reagent-item-type-name	0xa82c10	0xa82dd9	0xa82dc9	0xa880e0		86	86	0xa84432
steam	reagent-item-type-name	0xa82c10	0xa82dd9	0xa82dc9	0xa880e0		87	87	0xa86752
steam	reagent-item-type-name	0xa82c10	0xa82dd9	0xa82dc9	0xa880e0		88	88	0xa87118
steam	reagent-item-type-name	0xa82c10	0xa82dd9	0xa82dc9	0xa880e0		89	89	0xa84e61
steam	reagent-item-type-name	0xa82c10	0xa82dd9	0xa82dc9	0xa880e0		90	90	0xa84cd9
steam	reagent-item-type-name	0xa82c10	0xa82dd9	0xa82dc9	0xa880e0		91	91	0xa82e7a
steam	reagent-item-type-name	0xa82c10	0xa82dd9	0xa82dc9	0xa880e0		92	92	0xa85954
steam	reagent-item-type-name	0xa82c10	0xa85140	0xa85137	0xa88254		0	0	0xa85155
steam	reagent-item-type-name	0xa82c10	0xa85140	0xa85137	0xa88254		1	1	0xa85162
steam	reagent-item-type-name	0xa82c10	0xa85140	0xa85137	0xa88254		2	2	0xa8516f
steam	reagent-item-type-name	0xa82c10	0xa85140	0xa85137	0xa88254		3	3	0xa8530e
steam	reagent-item-type-name	0xa82c10	0xa85140	0xa85137	0xa88254		4	4	0xa8531e
steam	reagent-item-type-name	0xa82c10	0xa85140	0xa85137	0xa88254		5	5	0xa8532e
steam	reagent-item-type-name	0xa82c10	0xa85140	0xa85137	0xa88254		6	6	0xa8533e
steam	reagent-item-type-name	0xa82c10	0xa85140	0xa85137	0xa88254		7	7	0xa8534e
steam	reagent-item-type-name	0xa82c10	0xa85680	0xa8567b	0xa88274		0	0	0xa85735
steam	reagent-item-type-name	0xa82c10	0xa85680	0xa8567b	0xa88274		1	1	0xa85735
steam	reagent-item-type-name	0xa82c10	0xa85680	0xa8567b	0xa88274		2	2	0xa85735
steam	reagent-item-type-name	0xa82c10	0xa85680	0xa8567b	0xa88274		3	3	0xa85735
steam	reagent-item-type-name	0xa82c10	0xa85680	0xa8567b	0xa88274		4	4	0xa85735
steam	reagent-item-type-name	0xa82c10	0xa85680	0xa8567b	0xa88274		5	5	0xa85735
steam	reagent-item-type-name	0xa82c10	0xa85680	0xa8567b	0xa88274		6	6	0xa85735
steam	reagent-item-type-name	0xa82c10	0xa85680	0xa8567b	0xa88274		7	7	0xa85735
steam	reagent-item-type-name	0xa82c10	0xa86846	0xa86836	0xa88294		0	0	0xa86852
steam	reagent-item-type-name	0xa82c10	0xa86846	0xa86836	0xa88294		1	1	0xa869e2
steam	reagent-item-type-name	0xa82c10	0xa86846	0xa86836	0xa88294		2	2	0xa869e2
steam	reagent-item-type-name	0xa82c10	0xa86846	0xa86836	0xa88294		3	3	0xa869e2
steam	reagent-item-type-name	0xa82c10	0xa86846	0xa86836	0xa88294		4	4	0xa869e2
steam	reagent-item-type-name	0xa82c10	0xa86846	0xa86836	0xa88294		5	5	0xa869e2
steam	reagent-item-type-name	0xa82c10	0xa86846	0xa86836	0xa88294		6	6	0xa869e2
steam	reagent-item-type-name	0xa82c10	0xa86846	0xa86836	0xa88294		7	7	0xa86866
steam	reagent-item-type-name	0xa82c10	0xa86846	0xa86836	0xa88294		8	8	0xa8687a
steam	reagent-item-type-name	0xa82c10	0xa86846	0xa86836	0xa88294		9	9	0xa8688e
steam	reagent-item-type-name	0xa82c10	0xa86846	0xa86836	0xa88294		10	10	0xa868a2
steam	reagent-item-type-name	0xa82c10	0xa86846	0xa86836	0xa88294		11	11	0xa868b6
steam	reagent-item-type-name	0xa82c10	0xa86846	0xa86836	0xa88294		12	12	0xa868ca
steam	reagent-item-type-name	0xa82c10	0xa86846	0xa86836	0xa88294		13	13	0xa868de
steam	reagent-item-type-name	0xa82c10	0xa86846	0xa86836	0xa88294		14	14	0xa868f2
steam	reagent-item-type-name	0xa82c10	0xa86846	0xa86836	0xa88294		15	15	0xa86906
steam	reagent-item-type-name	0xa82c10	0xa86846	0xa86836	0xa88294		16	16	0xa8691a
steam	reagent-item-type-name	0xa82c10	0xa86846	0xa86836	0xa88294		17	17	0xa8692e
steam	reagent-item-type-name	0xa82c10	0xa86846	0xa86836	0xa88294		18	18	0xa86942
steam	reagent-item-type-name	0xa82c10	0xa86846	0xa86836	0xa88294		19	19	0xa86956
steam	reagent-item-type-name	0xa82c10	0xa86846	0xa86836	0xa88294		20	20	0xa8696a
steam	reagent-item-type-name	0xa82c10	0xa86846	0xa86836	0xa88294		21	21	0xa8697e
steam	reagent-item-type-name	0xa82c10	0xa86846	0xa86836	0xa88294		22	22	0xa86992
steam	reagent-item-type-name	0xa82c10	0xa86846	0xa86836	0xa88294		23	23	0xa869a6
steam	reagent-item-type-name	0xa82c10	0xa86846	0xa86836	0xa88294		24	24	0xa869ba
steam	reagent-item-type-name	0xa82c10	0xa86846	0xa86836	0xa88294		25	25	0xa869ce
classic	reaction-raw-parser	0xeccb40	0xecf971	0xecf962	0xed027c		0	0	0xecfcd3
classic	reaction-raw-parser	0xeccb40	0xecf971	0xecf962	0xed027c		1	1	0xecfcd3
classic	reaction-raw-parser	0xeccb40	0xecf971	0xecf962	0xed027c		2	2	0xecfcd3
classic	reaction-raw-parser	0xeccb40	0xecf971	0xecf962	0xed027c		3	3	0xecfcd3
classic	reaction-raw-parser	0xeccb40	0xecf971	0xecf962	0xed027c		4	4	0xecf97e
classic	reaction-raw-parser	0xeccb40	0xecf971	0xecf962	0xed027c		5	5	0xecf8f8
classic	reaction-raw-parser	0xeccb40	0xecf971	0xecf962	0xed027c		6	6	0xecf8f8
classic	reaction-raw-parser	0xeccb40	0xecf971	0xecf962	0xed027c		7	7	0xecf8f8
classic	reaction-raw-parser	0xeccb40	0xecf971	0xecf962	0xed027c		8	8	0xecfcd3
classic	reaction-raw-parser	0xeccb40	0xecf971	0xecf962	0xed027c		9	9	0xecf8f8
classic	reaction-raw-parser	0xeccb40	0xecf971	0xecf962	0xed027c		10	10	0xecfb2c
classic	reaction-raw-parser	0xeccb40	0xecf971	0xecf962	0xed027c		11	11	0xecfcd3
classic	reagent-item-filter-description	0xa285e0	0xa28655	0xa28648	0xa29d68	0xa29d78	0	0	0xa28695
classic	reagent-item-filter-description	0xa285e0	0xa28655	0xa28648	0xa29d68	0xa29d78	1	3	0xa286ad
classic	reagent-item-filter-description	0xa285e0	0xa28655	0xa28648	0xa29d68	0xa29d78	2	3	0xa286ad
classic	reagent-item-filter-description	0xa285e0	0xa28655	0xa28648	0xa29d68	0xa29d78	3	3	0xa286ad
classic	reagent-item-filter-description	0xa285e0	0xa28655	0xa28648	0xa29d68	0xa29d78	4	3	0xa286ad
classic	reagent-item-filter-description	0xa285e0	0xa28655	0xa28648	0xa29d68	0xa29d78	5	3	0xa286ad
classic	reagent-item-filter-description	0xa285e0	0xa28655	0xa28648	0xa29d68	0xa29d78	6	3	0xa286ad
classic	reagent-item-filter-description	0xa285e0	0xa28655	0xa28648	0xa29d68	0xa29d78	7	3	0xa286ad
classic	reagent-item-filter-description	0xa285e0	0xa28655	0xa28648	0xa29d68	0xa29d78	8	3	0xa286ad
classic	reagent-item-filter-description	0xa285e0	0xa28655	0xa28648	0xa29d68	0xa29d78	9	3	0xa286ad
classic	reagent-item-filter-description	0xa285e0	0xa28655	0xa28648	0xa29d68	0xa29d78	10	3	0xa286ad
classic	reagent-item-filter-description	0xa285e0	0xa28655	0xa28648	0xa29d68	0xa29d78	11	3	0xa286ad
classic	reagent-item-filter-description	0xa285e0	0xa28655	0xa28648	0xa29d68	0xa29d78	12	3	0xa286ad
classic	reagent-item-filter-description	0xa285e0	0xa28655	0xa28648	0xa29d68	0xa29d78	13	3	0xa286ad
classic	reagent-item-filter-description	0xa285e0	0xa28655	0xa28648	0xa29d68	0xa29d78	14	3	0xa286ad
classic	reagent-item-filter-description	0xa285e0	0xa28655	0xa28648	0xa29d68	0xa29d78	15	3	0xa286ad
classic	reagent-item-filter-description	0xa285e0	0xa28655	0xa28648	0xa29d68	0xa29d78	16	3	0xa286ad
classic	reagent-item-filter-description	0xa285e0	0xa28655	0xa28648	0xa29d68	0xa29d78	17	3	0xa286ad
classic	reagent-item-filter-description	0xa285e0	0xa28655	0xa28648	0xa29d68	0xa29d78	18	3	0xa286ad
classic	reagent-item-filter-description	0xa285e0	0xa28655	0xa28648	0xa29d68	0xa29d78	19	3	0xa286ad
classic	reagent-item-filter-description	0xa285e0	0xa28655	0xa28648	0xa29d68	0xa29d78	20	3	0xa286ad
classic	reagent-item-filter-description	0xa285e0	0xa28655	0xa28648	0xa29d68	0xa29d78	21	3	0xa286ad
classic	reagent-item-filter-description	0xa285e0	0xa28655	0xa28648	0xa29d68	0xa29d78	22	3	0xa286ad
classic	reagent-item-filter-description	0xa285e0	0xa28655	0xa28648	0xa29d68	0xa29d78	23	3	0xa286ad
classic	reagent-item-filter-description	0xa285e0	0xa28655	0xa28648	0xa29d68	0xa29d78	24	3	0xa286ad
classic	reagent-item-filter-description	0xa285e0	0xa28655	0xa28648	0xa29d68	0xa29d78	25	3	0xa286ad
classic	reagent-item-filter-description	0xa285e0	0xa28655	0xa28648	0xa29d68	0xa29d78	26	3	0xa286ad
classic	reagent-item-filter-description	0xa285e0	0xa28655	0xa28648	0xa29d68	0xa29d78	27	3	0xa286ad
classic	reagent-item-filter-description	0xa285e0	0xa28655	0xa28648	0xa29d68	0xa29d78	28	3	0xa286ad
classic	reagent-item-filter-description	0xa285e0	0xa28655	0xa28648	0xa29d68	0xa29d78	29	3	0xa286ad
classic	reagent-item-filter-description	0xa285e0	0xa28655	0xa28648	0xa29d68	0xa29d78	30	3	0xa286ad
classic	reagent-item-filter-description	0xa285e0	0xa28655	0xa28648	0xa29d68	0xa29d78	31	3	0xa286ad
classic	reagent-item-filter-description	0xa285e0	0xa28655	0xa28648	0xa29d68	0xa29d78	32	3	0xa286ad
classic	reagent-item-filter-description	0xa285e0	0xa28655	0xa28648	0xa29d68	0xa29d78	33	3	0xa286ad
classic	reagent-item-filter-description	0xa285e0	0xa28655	0xa28648	0xa29d68	0xa29d78	34	3	0xa286ad
classic	reagent-item-filter-description	0xa285e0	0xa28655	0xa28648	0xa29d68	0xa29d78	35	3	0xa286ad
classic	reagent-item-filter-description	0xa285e0	0xa28655	0xa28648	0xa29d68	0xa29d78	36	3	0xa286ad
classic	reagent-item-filter-description	0xa285e0	0xa28655	0xa28648	0xa29d68	0xa29d78	37	3	0xa286ad
classic	reagent-item-filter-description	0xa285e0	0xa28655	0xa28648	0xa29d68	0xa29d78	38	3	0xa286ad
classic	reagent-item-filter-description	0xa285e0	0xa28655	0xa28648	0xa29d68	0xa29d78	39	3	0xa286ad
classic	reagent-item-filter-description	0xa285e0	0xa28655	0xa28648	0xa29d68	0xa29d78	40	3	0xa286ad
classic	reagent-item-filter-description	0xa285e0	0xa28655	0xa28648	0xa29d68	0xa29d78	41	3	0xa286ad
classic	reagent-item-filter-description	0xa285e0	0xa28655	0xa28648	0xa29d68	0xa29d78	42	3	0xa286ad
classic	reagent-item-filter-description	0xa285e0	0xa28655	0xa28648	0xa29d68	0xa29d78	43	3	0xa286ad
classic	reagent-item-filter-description	0xa285e0	0xa28655	0xa28648	0xa29d68	0xa29d78	44	3	0xa286ad
classic	reagent-item-filter-description	0xa285e0	0xa28655	0xa28648	0xa29d68	0xa29d78	45	3	0xa286ad
classic	reagent-item-filter-description	0xa285e0	0xa28655	0xa28648	0xa29d68	0xa29d78	46	3	0xa286ad
classic	reagent-item-filter-description	0xa285e0	0xa28655	0xa28648	0xa29d68	0xa29d78	47	3	0xa286ad
classic	reagent-item-filter-description	0xa285e0	0xa28655	0xa28648	0xa29d68	0xa29d78	48	3	0xa286ad
classic	reagent-item-filter-description	0xa285e0	0xa28655	0xa28648	0xa29d68	0xa29d78	49	3	0xa286ad
classic	reagent-item-filter-description	0xa285e0	0xa28655	0xa28648	0xa29d68	0xa29d78	50	3	0xa286ad
classic	reagent-item-filter-description	0xa285e0	0xa28655	0xa28648	0xa29d68	0xa29d78	51	3	0xa286ad
classic	reagent-item-filter-description	0xa285e0	0xa28655	0xa28648	0xa29d68	0xa29d78	52	3	0xa286ad
classic	reagent-item-filter-description	0xa285e0	0xa28655	0xa28648	0xa29d68	0xa29d78	53	3	0xa286ad
classic	reagent-item-filter-description	0xa285e0	0xa28655	0xa28648	0xa29d68	0xa29d78	54	3	0xa286ad
classic	reagent-item-filter-description	0xa285e0	0xa28655	0xa28648	0xa29d68	0xa29d78	55	3	0xa286ad
classic	reagent-item-filter-description	0xa285e0	0xa28655	0xa28648	0xa29d68	0xa29d78	56	3	0xa286ad
classic	reagent-item-filter-description	0xa285e0	0xa28655	0xa28648	0xa29d68	0xa29d78	57	1	0xa28661
classic	reagent-item-filter-description	0xa285e0	0xa28655	0xa28648	0xa29d68	0xa29d78	58	2	0xa2867b
classic	reagent-item-filter-description	0xa285e0	0xa28655	0xa28648	0xa29d68	0xa29d78	59	3	0xa286ad
classic	reagent-item-filter-description	0xa285e0	0xa28655	0xa28648	0xa29d68	0xa29d78	60	3	0xa286ad
classic	reagent-item-filter-description	0xa285e0	0xa28655	0xa28648	0xa29d68	0xa29d78	61	3	0xa286ad
classic	reagent-item-filter-description	0xa285e0	0xa28655	0xa28648	0xa29d68	0xa29d78	62	3	0xa286ad
classic	reagent-item-filter-description	0xa285e0	0xa28655	0xa28648	0xa29d68	0xa29d78	63	3	0xa286ad
classic	reagent-item-filter-description	0xa285e0	0xa28655	0xa28648	0xa29d68	0xa29d78	64	3	0xa286ad
classic	reagent-item-filter-description	0xa285e0	0xa28655	0xa28648	0xa29d68	0xa29d78	65	3	0xa286ad
classic	reagent-item-filter-description	0xa285e0	0xa28655	0xa28648	0xa29d68	0xa29d78	66	3	0xa286ad
classic	reagent-item-filter-description	0xa285e0	0xa28655	0xa28648	0xa29d68	0xa29d78	67	3	0xa286ad
classic	reagent-item-filter-description	0xa285e0	0xa28655	0xa28648	0xa29d68	0xa29d78	68	3	0xa286ad
classic	reagent-item-filter-description	0xa285e0	0xa28655	0xa28648	0xa29d68	0xa29d78	69	0	0xa28695
classic	reagent-item-filter-description	0xa285e0	0xa28655	0xa28648	0xa29d68	0xa29d78	70	0	0xa28695
classic	reagent-item-filter-description	0xa285e0	0xa28655	0xa28648	0xa29d68	0xa29d78	71	3	0xa286ad
classic	reagent-item-filter-description	0xa285e0	0xa28655	0xa28648	0xa29d68	0xa29d78	72	3	0xa286ad
classic	reagent-item-filter-description	0xa285e0	0xa28655	0xa28648	0xa29d68	0xa29d78	73	0	0xa28695
classic	reagent-item-filter-description	0xa285e0	0xa28655	0xa28648	0xa29d68	0xa29d78	74	3	0xa286ad
classic	reagent-item-filter-description	0xa285e0	0xa28655	0xa28648	0xa29d68	0xa29d78	75	3	0xa286ad
classic	reagent-item-filter-description	0xa285e0	0xa28655	0xa28648	0xa29d68	0xa29d78	76	3	0xa286ad
classic	reagent-item-filter-description	0xa285e0	0xa28655	0xa28648	0xa29d68	0xa29d78	77	3	0xa286ad
classic	reagent-item-filter-description	0xa285e0	0xa28655	0xa28648	0xa29d68	0xa29d78	78	3	0xa286ad
classic	reagent-item-filter-description	0xa285e0	0xa28655	0xa28648	0xa29d68	0xa29d78	79	3	0xa286ad
classic	reagent-item-filter-description	0xa285e0	0xa28655	0xa28648	0xa29d68	0xa29d78	80	3	0xa286ad
classic	reagent-item-filter-description	0xa285e0	0xa28655	0xa28648	0xa29d68	0xa29d78	81	3	0xa286ad
classic	reagent-item-filter-description	0xa285e0	0xa28655	0xa28648	0xa29d68	0xa29d78	82	3	0xa286ad
classic	reagent-item-filter-description	0xa285e0	0xa28655	0xa28648	0xa29d68	0xa29d78	83	3	0xa286ad
classic	reagent-item-filter-description	0xa285e0	0xa28655	0xa28648	0xa29d68	0xa29d78	84	3	0xa286ad
classic	reagent-item-filter-description	0xa285e0	0xa28655	0xa28648	0xa29d68	0xa29d78	85	3	0xa286ad
classic	reagent-item-filter-description	0xa285e0	0xa28655	0xa28648	0xa29d68	0xa29d78	86	3	0xa286ad
classic	reagent-item-filter-description	0xa285e0	0xa28655	0xa28648	0xa29d68	0xa29d78	87	3	0xa286ad
classic	reagent-item-filter-description	0xa285e0	0xa28655	0xa28648	0xa29d68	0xa29d78	88	3	0xa286ad
classic	reagent-item-filter-description	0xa285e0	0xa28655	0xa28648	0xa29d68	0xa29d78	89	3	0xa286ad
classic	reagent-item-filter-description	0xa285e0	0xa28655	0xa28648	0xa29d68	0xa29d78	90	2	0xa2867b
classic	reagent-item-filter-description	0xa285e0	0xa29a14	0xa29a04	0xa29dd4		0	0	0xa29a20
classic	reagent-item-filter-description	0xa285e0	0xa29a14	0xa29a04	0xa29dd4		1	1	0xa29a32
classic	reagent-item-filter-description	0xa285e0	0xa29a14	0xa29a04	0xa29dd4		2	2	0xa29a44
classic	reagent-item-filter-description	0xa285e0	0xa29a14	0xa29a04	0xa29dd4		3	3	0xa29a56
classic	reagent-item-filter-description	0xa285e0	0xa29a14	0xa29a04	0xa29dd4		4	4	0xa29a62
classic	reagent-item-filter-description	0xa285e0	0xa29a14	0xa29a04	0xa29dd4		5	5	0xa29a74
classic	reagent-item-filter-description	0xa285e0	0xa29a14	0xa29a04	0xa29dd4		6	6	0xa29a86
classic	reagent-item-filter-description	0xa285e0	0xa29a14	0xa29a04	0xa29dd4		7	7	0xa29a98
classic	reagent-item-filter-description	0xa285e0	0xa29a14	0xa29a04	0xa29dd4		8	8	0xa29aaa
classic	reagent-item-filter-description	0xa285e0	0xa29a14	0xa29a04	0xa29dd4		9	9	0xa29abc
classic	reagent-item-filter-description	0xa285e0	0xa29a14	0xa29a04	0xa29dd4		10	10	0xa29ace
classic	reagent-item-filter-description	0xa285e0	0xa29a14	0xa29a04	0xa29dd4		11	11	0xa29ae0
classic	reagent-item-filter-description	0xa285e0	0xa29a14	0xa29a04	0xa29dd4		12	12	0xa29af2
classic	reagent-item-filter-description	0xa285e0	0xa29a14	0xa29a04	0xa29dd4		13	13	0xa29b04
classic	reagent-item-filter-description	0xa285e0	0xa29a14	0xa29a04	0xa29dd4		14	14	0xa29b16
classic	reagent-item-filter-description	0xa285e0	0xa29a14	0xa29a04	0xa29dd4		15	15	0xa29b25
classic	reagent-item-filter-description	0xa285e0	0xa29a14	0xa29a04	0xa29dd4		16	16	0xa29b37
classic	reagent-item-filter-description	0xa285e0	0xa29a14	0xa29a04	0xa29dd4		17	17	0xa29b49
classic	reagent-item-filter-description	0xa285e0	0xa29a14	0xa29a04	0xa29dd4		18	18	0xa29b58
classic	reagent-item-filter-description	0xa285e0	0xa29a14	0xa29a04	0xa29dd4		19	19	0xa29b67
classic	reagent-item-filter-description	0xa285e0	0xa29a14	0xa29a04	0xa29dd4		20	20	0xa29b73
classic	reagent-item-filter-description	0xa285e0	0xa29a14	0xa29a04	0xa29dd4		21	21	0xa29b82
classic	reagent-item-filter-description	0xa285e0	0xa29a14	0xa29a04	0xa29dd4		22	22	0xa29b91
classic	reagent-item-filter-description	0xa285e0	0xa29a14	0xa29a04	0xa29dd4		23	23	0xa29ba0
classic	reagent-item-filter-description	0xa285e0	0xa29a14	0xa29a04	0xa29dd4		24	24	0xa29baf
classic	reagent-item-filter-description	0xa285e0	0xa29a14	0xa29a04	0xa29dd4		25	25	0xa29bbe
classic	reagent-item-type-name	0xa7fc90	0xa7fe59	0xa7fe49	0xa85160		0	0	0xa802c9
classic	reagent-item-type-name	0xa7fc90	0xa7fe59	0xa7fe49	0xa85160		1	1	0xa8045e
classic	reagent-item-type-name	0xa7fc90	0xa7fe59	0xa7fe49	0xa85160		2	2	0xa80645
classic	reagent-item-type-name	0xa7fc90	0xa7fe59	0xa7fe49	0xa85160		3	3	0xa7ff91
classic	reagent-item-type-name	0xa7fc90	0xa7fe59	0xa7fe49	0xa85160		4	4	0xa801f2
classic	reagent-item-type-name	0xa7fc90	0xa7fe59	0xa7fe49	0xa85160		5	5	0xa7fe65
classic	reagent-item-type-name	0xa7fc90	0xa7fe59	0xa7fe49	0xa85160		6	6	0xa80700
classic	reagent-item-type-name	0xa7fc90	0xa7fe59	0xa7fe49	0xa85160		7	7	0xa807b6
classic	reagent-item-type-name	0xa7fc90	0xa7fe59	0xa7fe49	0xa85160		8	8	0xa835a2
classic	reagent-item-type-name	0xa7fc90	0xa7fe59	0xa7fe49	0xa85160		9	9	0xa81b01
classic	reagent-item-type-name	0xa7fc90	0xa7fe59	0xa7fe49	0xa85160		10	10	0xa8114b
classic	reagent-item-type-name	0xa7fc90	0xa7fe59	0xa7fe49	0xa85160		11	11	0xa81274
classic	reagent-item-type-name	0xa7fc90	0xa7fe59	0xa7fe49	0xa85160		12	12	0xa817b6
classic	reagent-item-type-name	0xa7fc90	0xa7fe59	0xa7fe49	0xa85160		13	13	0xa813dc
classic	reagent-item-type-name	0xa7fc90	0xa7fe59	0xa7fe49	0xa85160		14	14	0xa816e9
classic	reagent-item-type-name	0xa7fc90	0xa7fe59	0xa7fe49	0xa85160		15	15	0xa81887
classic	reagent-item-type-name	0xa7fc90	0xa7fe59	0xa7fe49	0xa85160		16	16	0xa818f7
classic	reagent-item-type-name	0xa7fc90	0xa7fe59	0xa7fe49	0xa85160		17	17	0xa819b1
classic	reagent-item-type-name	0xa7fc90	0xa7fe59	0xa7fe49	0xa85160		18	18	0xa81a21
classic	reagent-item-type-name	0xa7fc90	0xa7fe59	0xa7fe49	0xa85160		19	19	0xa81a91
classic	reagent-item-type-name	0xa7fc90	0xa7fe59	0xa7fe49	0xa85160		20	20	0xa80906
classic	reagent-item-type-name	0xa7fc90	0xa7fe59	0xa7fe49	0xa85160		21	21	0xa81047
classic	reagent-item-type-name	0xa7fc90	0xa7fe59	0xa7fe49	0xa85160		22	22	0xa83762
classic	reagent-item-type-name	0xa7fc90	0xa7fe59	0xa7fe49	0xa85160		23	23	0xa83a82
classic	reagent-item-type-name	0xa7fc90	0xa7fe59	0xa7fe49	0xa85160		24	24	0xa84604
classic	reagent-item-type-name	0xa7fc90	0xa7fe59	0xa7fe49	0xa85160		25	25	0xa8473d
classic	reagent-item-type-name	0xa7fc90	0xa7fe59	0xa7fe49	0xa85160		26	26	0xa84bdb
classic	reagent-item-type-name	0xa7fc90	0xa7fe59	0xa7fe49	0xa85160		27	27	0xa84b07
classic	reagent-item-type-name	0xa7fc90	0xa7fe59	0xa7fe49	0xa85160		28	28	0xa84d4b
classic	reagent-item-type-name	0xa7fc90	0xa7fe59	0xa7fe49	0xa85160		29	29	0xa8491a
classic	reagent-item-type-name	0xa7fc90	0xa7fe59	0xa7fe49	0xa85160		30	30	0xa80b36
classic	reagent-item-type-name	0xa7fc90	0xa7fe59	0xa7fe49	0xa85160		31	31	0xa80c80
classic	reagent-item-type-name	0xa7fc90	0xa7fe59	0xa7fe49	0xa85160		32	32	0xa80ac6
classic	reagent-item-type-name	0xa7fc90	0xa7fe59	0xa7fe49	0xa85160		33	33	0xa80a56
classic	reagent-item-type-name	0xa7fc90	0xa7fe59	0xa7fe49	0xa85160		34	34	0xa809e6
classic	reagent-item-type-name	0xa7fc90	0xa7fe59	0xa7fe49	0xa85160		35	35	0xa80976
classic	reagent-item-type-name	0xa7fc90	0xa7fe59	0xa7fe49	0xa85160		36	36	0xa81f7c
classic	reagent-item-type-name	0xa7fc90	0xa7fe59	0xa7fe49	0xa85160		37	37	0xa82dae
classic	reagent-item-type-name	0xa7fc90	0xa7fe59	0xa7fe49	0xa85160		38	38	0xa83087
classic	reagent-item-type-name	0xa7fc90	0xa7fe59	0xa7fe49	0xa85160		39	39	0xa82f6a
classic	reagent-item-type-name	0xa7fc90	0xa7fe59	0xa7fe49	0xa85160		40	40	0xa830f7
classic	reagent-item-type-name	0xa7fc90	0xa7fe59	0xa7fe49	0xa85160		41	41	0xa83458
classic	reagent-item-type-name	0xa7fc90	0xa7fe59	0xa7fe49	0xa85160		42	42	0xa834c2
classic	reagent-item-type-name	0xa7fc90	0xa7fe59	0xa7fe49	0xa85160		43	43	0xa83532
classic	reagent-item-type-name	0xa7fc90	0xa7fe59	0xa7fe49	0xa85160		44	44	0xa831d1
classic	reagent-item-type-name	0xa7fc90	0xa7fe59	0xa7fe49	0xa85160		45	45	0xa82d3e
classic	reagent-item-type-name	0xa7fc90	0xa7fe59	0xa7fe49	0xa85160		46	46	0xa83ab5
classic	reagent-item-type-name	0xa7fc90	0xa7fe59	0xa7fe49	0xa85160		47	47	0xa83c26
classic	reagent-item-type-name	0xa7fc90	0xa7fe59	0xa7fe49	0xa85160		48	48	0xa844a7
classic	reagent-item-type-name	0xa7fc90	0xa7fe59	0xa7fe49	0xa85160		49	49	0xa842fa
classic	reagent-item-type-name	0xa7fc90	0xa7fe59	0xa7fe49	0xa85160		50	50	0xa83faa
classic	reagent-item-type-name	0xa7fc90	0xa7fe59	0xa7fe49	0xa85160		51	51	0xa8441f
classic	reagent-item-type-name	0xa7fc90	0xa7fe59	0xa7fe49	0xa85160		52	52	0xa84472
classic	reagent-item-type-name	0xa7fc90	0xa7fe59	0xa7fe49	0xa85160		53	53	0xa83db6
classic	reagent-item-type-name	0xa7fc90	0xa7fe59	0xa7fe49	0xa85160		54	54	0xa83f18
classic	reagent-item-type-name	0xa7fc90	0xa7fe59	0xa7fe49	0xa85160		55	55	0xa81e63
classic	reagent-item-type-name	0xa7fc90	0xa7fe59	0xa7fe49	0xa85160		56	56	0xa83e60
classic	reagent-item-type-name	0xa7fc90	0xa7fe59	0xa7fe49	0xa85160		57	57	0xa81b97
classic	reagent-item-type-name	0xa7fc90	0xa7fe59	0xa7fe49	0xa85160		58	58	0xa81ce1
classic	reagent-item-type-name	0xa7fc90	0xa7fe59	0xa7fe49	0xa85160		59	59	0xa81ecf
classic	reagent-item-type-name	0xa7fc90	0xa7fe59	0xa7fe49	0xa85160		60	60	0xa84e80
classic	reagent-item-type-name	0xa7fc90	0xa7fe59	0xa7fe49	0xa85160		61	61	0xa80cf0
classic	reagent-item-type-name	0xa7fc90	0xa7fe59	0xa7fe49	0xa85160		62	62	0xa80fac
classic	reagent-item-type-name	0xa7fc90	0xa7fe59	0xa7fe49	0xa85160		63	63	0xa8295c
classic	reagent-item-type-name	0xa7fc90	0xa7fe59	0xa7fe49	0xa85160		64	64	0xa82cc6
classic	reagent-item-type-name	0xa7fc90	0xa7fe59	0xa7fe49	0xa85160		65	65	0xa82e8e
classic	reagent-item-type-name	0xa7fc90	0xa7fe59	0xa7fe49	0xa85160		66	66	0xa82e1e
classic	reagent-item-type-name	0xa7fc90	0xa7fe59	0xa7fe49	0xa85160		67	67	0xa82a4c
classic	reagent-item-type-name	0xa7fc90	0xa7fe59	0xa7fe49	0xa85160		68	68	0xa82b8d
classic	reagent-item-type-name	0xa7fc90	0xa7fe59	0xa7fe49	0xa85160		69	69	0xa81fec
classic	reagent-item-type-name	0xa7fc90	0xa7fe59	0xa7fe49	0xa85160		70	70	0xa827e9
classic	reagent-item-type-name	0xa7fc90	0xa7fe59	0xa7fe49	0xa85160		71	71	0xa8290a
classic	reagent-item-type-name	0xa7fc90	0xa7fe59	0xa7fe49	0xa85160		72	72	0xa84495
classic	reagent-item-type-name	0xa7fc90	0xa7fe59	0xa7fe49	0xa85160		73	73	0xa82047
classic	reagent-item-type-name	0xa7fc90	0xa7fe59	0xa7fe49	0xa85160		74	74	0xa83167
classic	reagent-item-type-name	0xa7fc90	0xa7fe59	0xa7fe49	0xa85160		75	75	0xa82047
classic	reagent-item-type-name	0xa7fc90	0xa7fe59	0xa7fe49	0xa85160		76	76	0xa8006e
classic	reagent-item-type-name	0xa7fc90	0xa7fe59	0xa7fe49	0xa85160		77	77	0xa82ac4
classic	reagent-item-type-name	0xa7fc90	0xa7fe59	0xa7fe49	0xa85160		78	78	0xa80826
classic	reagent-item-type-name	0xa7fc90	0xa7fe59	0xa7fe49	0xa85160		79	79	0xa80896
classic	reagent-item-type-name	0xa7fc90	0xa7fe59	0xa7fe49	0xa85160		80	80	0xa83682
classic	reagent-item-type-name	0xa7fc90	0xa7fe59	0xa7fe49	0xa85160		81	81	0xa836f2
classic	reagent-item-type-name	0xa7fc90	0xa7fe59	0xa7fe49	0xa85160		82	82	0xa80ed2
classic	reagent-item-type-name	0xa7fc90	0xa7fe59	0xa7fe49	0xa85160		83	83	0xa80f42
classic	reagent-item-type-name	0xa7fc90	0xa7fe59	0xa7fe49	0xa85160		84	84	0xa83612
classic	reagent-item-type-name	0xa7fc90	0xa7fe59	0xa7fe49	0xa85160		85	85	0xa80d8b
classic	reagent-item-type-name	0xa7fc90	0xa7fe59	0xa7fe49	0xa85160		86	86	0xa814b2
classic	reagent-item-type-name	0xa7fc90	0xa7fe59	0xa7fe49	0xa85160		87	87	0xa837d2
classic	reagent-item-type-name	0xa7fc90	0xa7fe59	0xa7fe49	0xa85160		88	88	0xa84198
classic	reagent-item-type-name	0xa7fc90	0xa7fe59	0xa7fe49	0xa85160		89	89	0xa81ee1
classic	reagent-item-type-name	0xa7fc90	0xa7fe59	0xa7fe49	0xa85160		90	90	0xa81d59
classic	reagent-item-type-name	0xa7fc90	0xa7fe59	0xa7fe49	0xa85160		91	91	0xa7fefa
classic	reagent-item-type-name	0xa7fc90	0xa7fe59	0xa7fe49	0xa85160		92	92	0xa829d4
classic	reagent-item-type-name	0xa7fc90	0xa821c0	0xa821b7	0xa852d4		0	0	0xa821d5
classic	reagent-item-type-name	0xa7fc90	0xa821c0	0xa821b7	0xa852d4		1	1	0xa821e2
classic	reagent-item-type-name	0xa7fc90	0xa821c0	0xa821b7	0xa852d4		2	2	0xa821ef
classic	reagent-item-type-name	0xa7fc90	0xa821c0	0xa821b7	0xa852d4		3	3	0xa8238e
classic	reagent-item-type-name	0xa7fc90	0xa821c0	0xa821b7	0xa852d4		4	4	0xa8239e
classic	reagent-item-type-name	0xa7fc90	0xa821c0	0xa821b7	0xa852d4		5	5	0xa823ae
classic	reagent-item-type-name	0xa7fc90	0xa821c0	0xa821b7	0xa852d4		6	6	0xa823be
classic	reagent-item-type-name	0xa7fc90	0xa821c0	0xa821b7	0xa852d4		7	7	0xa823ce
classic	reagent-item-type-name	0xa7fc90	0xa82700	0xa826fb	0xa852f4		0	0	0xa827b5
classic	reagent-item-type-name	0xa7fc90	0xa82700	0xa826fb	0xa852f4		1	1	0xa827b5
classic	reagent-item-type-name	0xa7fc90	0xa82700	0xa826fb	0xa852f4		2	2	0xa827b5
classic	reagent-item-type-name	0xa7fc90	0xa82700	0xa826fb	0xa852f4		3	3	0xa827b5
classic	reagent-item-type-name	0xa7fc90	0xa82700	0xa826fb	0xa852f4		4	4	0xa827b5
classic	reagent-item-type-name	0xa7fc90	0xa82700	0xa826fb	0xa852f4		5	5	0xa827b5
classic	reagent-item-type-name	0xa7fc90	0xa82700	0xa826fb	0xa852f4		6	6	0xa827b5
classic	reagent-item-type-name	0xa7fc90	0xa82700	0xa826fb	0xa852f4		7	7	0xa827b5
classic	reagent-item-type-name	0xa7fc90	0xa838c6	0xa838b6	0xa85314		0	0	0xa838d2
classic	reagent-item-type-name	0xa7fc90	0xa838c6	0xa838b6	0xa85314		1	1	0xa83a62
classic	reagent-item-type-name	0xa7fc90	0xa838c6	0xa838b6	0xa85314		2	2	0xa83a62
classic	reagent-item-type-name	0xa7fc90	0xa838c6	0xa838b6	0xa85314		3	3	0xa83a62
classic	reagent-item-type-name	0xa7fc90	0xa838c6	0xa838b6	0xa85314		4	4	0xa83a62
classic	reagent-item-type-name	0xa7fc90	0xa838c6	0xa838b6	0xa85314		5	5	0xa83a62
classic	reagent-item-type-name	0xa7fc90	0xa838c6	0xa838b6	0xa85314		6	6	0xa83a62
classic	reagent-item-type-name	0xa7fc90	0xa838c6	0xa838b6	0xa85314		7	7	0xa838e6
classic	reagent-item-type-name	0xa7fc90	0xa838c6	0xa838b6	0xa85314		8	8	0xa838fa
classic	reagent-item-type-name	0xa7fc90	0xa838c6	0xa838b6	0xa85314		9	9	0xa8390e
classic	reagent-item-type-name	0xa7fc90	0xa838c6	0xa838b6	0xa85314		10	10	0xa83922
classic	reagent-item-type-name	0xa7fc90	0xa838c6	0xa838b6	0xa85314		11	11	0xa83936
classic	reagent-item-type-name	0xa7fc90	0xa838c6	0xa838b6	0xa85314		12	12	0xa8394a
classic	reagent-item-type-name	0xa7fc90	0xa838c6	0xa838b6	0xa85314		13	13	0xa8395e
classic	reagent-item-type-name	0xa7fc90	0xa838c6	0xa838b6	0xa85314		14	14	0xa83972
classic	reagent-item-type-name	0xa7fc90	0xa838c6	0xa838b6	0xa85314		15	15	0xa83986
classic	reagent-item-type-name	0xa7fc90	0xa838c6	0xa838b6	0xa85314		16	16	0xa8399a
classic	reagent-item-type-name	0xa7fc90	0xa838c6	0xa838b6	0xa85314		17	17	0xa839ae
classic	reagent-item-type-name	0xa7fc90	0xa838c6	0xa838b6	0xa85314		18	18	0xa839c2
classic	reagent-item-type-name	0xa7fc90	0xa838c6	0xa838b6	0xa85314		19	19	0xa839d6
classic	reagent-item-type-name	0xa7fc90	0xa838c6	0xa838b6	0xa85314		20	20	0xa839ea
classic	reagent-item-type-name	0xa7fc90	0xa838c6	0xa838b6	0xa85314		21	21	0xa839fe
classic	reagent-item-type-name	0xa7fc90	0xa838c6	0xa838b6	0xa85314		22	22	0xa83a12
classic	reagent-item-type-name	0xa7fc90	0xa838c6	0xa838b6	0xa85314		23	23	0xa83a26
classic	reagent-item-type-name	0xa7fc90	0xa838c6	0xa838b6	0xa85314		24	24	0xa83a3a
classic	reagent-item-type-name	0xa7fc90	0xa838c6	0xa838b6	0xa85314		25	25	0xa83a4e
