edition	image_identity	instruction_rva	target_rva	owner_rva	instruction
steam	PE:6a70a6d9:02711000	0x27c9be	0x24f7280	0x27bd70	mov    rbx,QWORD PTR [rip+0x227a8bb]        # 0x1424f7280
steam	PE:6a70a6d9:02711000	0x27c9c5	0x24f7288	0x27bd70	mov    rdi,QWORD PTR [rip+0x227a8bc]        # 0x1424f7288
steam	PE:6a70a6d9:02711000	0x27cdea	0x24f7280	0x27bd70	mov    rbx,QWORD PTR [rip+0x227a48f]        # 0x1424f7280
steam	PE:6a70a6d9:02711000	0x27cdf1	0x24f7288	0x27bd70	mov    rdi,QWORD PTR [rip+0x227a490]        # 0x1424f7288
steam	PE:6a70a6d9:02711000	0x27f973	0x24f7280	0x27f590	mov    rbx,QWORD PTR [rip+0x2277906]        # 0x1424f7280
steam	PE:6a70a6d9:02711000	0x27f97a	0x24f7288	0x27f590	mov    rdi,QWORD PTR [rip+0x2277907]        # 0x1424f7288
steam	PE:6a70a6d9:02711000	0x27f9cc	0x24f7288	0x27f590	mov    rdi,QWORD PTR [rip+0x22778b5]        # 0x1424f7288
steam	PE:6a70a6d9:02711000	0x27f9d3	0x24f7280	0x27f590	mov    rbx,QWORD PTR [rip+0x22778a6]        # 0x1424f7280
steam	PE:6a70a6d9:02711000	0x27fdc1	0x24f7280	0x27f590	mov    rbx,QWORD PTR [rip+0x22774b8]        # 0x1424f7280
steam	PE:6a70a6d9:02711000	0x27fdc8	0x24f7288	0x27f590	mov    rdi,QWORD PTR [rip+0x22774b9]        # 0x1424f7288
steam	PE:6a70a6d9:02711000	0x27fe65	0x24f7280	0x27f590	mov    rbx,QWORD PTR [rip+0x2277414]        # 0x1424f7280
steam	PE:6a70a6d9:02711000	0x27fe6c	0x24f7288	0x27f590	mov    rdi,QWORD PTR [rip+0x2277415]        # 0x1424f7288
steam	PE:6a70a6d9:02711000	0x8c29e5	0x24f7280	0x8c29d0	mov    rbx,QWORD PTR [rip+0x1c34894]        # 0x1424f7280
steam	PE:6a70a6d9:02711000	0x8c29f0	0x24f7288	0x8c29d0	mov    rdi,QWORD PTR [rip+0x1c34891]        # 0x1424f7288
steam	PE:6a70a6d9:02711000	0x8c2c13	0x24f7280	0x8c2bf0	mov    rbx,QWORD PTR [rip+0x1c34666]        # 0x1424f7280
steam	PE:6a70a6d9:02711000	0x8c2c1a	0x24f7288	0x8c2bf0	mov    rdi,QWORD PTR [rip+0x1c34667]        # 0x1424f7288
steam	PE:6a70a6d9:02711000	0x8c450a	0x24f7280	0x8c3fe0	mov    rbx,QWORD PTR [rip+0x1c32d6f]        # 0x1424f7280
steam	PE:6a70a6d9:02711000	0x8c4511	0x24f7288	0x8c3fe0	mov    rdi,QWORD PTR [rip+0x1c32d70]        # 0x1424f7288
steam	PE:6a70a6d9:02711000	0x8c45b6	0x24f7280	0x8c3fe0	mov    rbx,QWORD PTR [rip+0x1c32cc3]        # 0x1424f7280
steam	PE:6a70a6d9:02711000	0x8c45bd	0x24f7288	0x8c3fe0	mov    rdi,QWORD PTR [rip+0x1c32cc4]        # 0x1424f7288
steam	PE:6a70a6d9:02711000	0x27c3e4	0x161bf00	0x27bd70	movaps xmm0,XMMWORD PTR [rip+0x139fb15]        # 0x14161bf00
steam	PE:6a70a6d9:02711000	0x27c3ee	0x161bf10	0x27bd70	movaps xmm1,XMMWORD PTR [rip+0x139fb1b]        # 0x14161bf10
steam	PE:6a70a6d9:02711000	0x27c3f9	0x161bf20	0x27bd70	movaps xmm0,XMMWORD PTR [rip+0x139fb20]        # 0x14161bf20
steam	PE:6a70a6d9:02711000	0x27c404	0x161bf30	0x27bd70	movaps xmm1,XMMWORD PTR [rip+0x139fb25]        # 0x14161bf30
steam	PE:6a70a6d9:02711000	0x27c40f	0x161bf40	0x27bd70	movsd  xmm0,QWORD PTR [rip+0x139fb29]        # 0x14161bf40
classic	PE:6a70b91c:0270a000	0x27a57e	0x24f1170	0x279930	mov    rbx,QWORD PTR [rip+0x2276beb]        # 0x1424f1170
classic	PE:6a70b91c:0270a000	0x27a585	0x24f1178	0x279930	mov    rdi,QWORD PTR [rip+0x2276bec]        # 0x1424f1178
classic	PE:6a70b91c:0270a000	0x27a9aa	0x24f1170	0x279930	mov    rbx,QWORD PTR [rip+0x22767bf]        # 0x1424f1170
classic	PE:6a70b91c:0270a000	0x27a9b1	0x24f1178	0x279930	mov    rdi,QWORD PTR [rip+0x22767c0]        # 0x1424f1178
classic	PE:6a70b91c:0270a000	0x27d533	0x24f1170	0x27d150	mov    rbx,QWORD PTR [rip+0x2273c36]        # 0x1424f1170
classic	PE:6a70b91c:0270a000	0x27d53a	0x24f1178	0x27d150	mov    rdi,QWORD PTR [rip+0x2273c37]        # 0x1424f1178
classic	PE:6a70b91c:0270a000	0x27d58c	0x24f1178	0x27d150	mov    rdi,QWORD PTR [rip+0x2273be5]        # 0x1424f1178
classic	PE:6a70b91c:0270a000	0x27d593	0x24f1170	0x27d150	mov    rbx,QWORD PTR [rip+0x2273bd6]        # 0x1424f1170
classic	PE:6a70b91c:0270a000	0x27d981	0x24f1170	0x27d150	mov    rbx,QWORD PTR [rip+0x22737e8]        # 0x1424f1170
classic	PE:6a70b91c:0270a000	0x27d988	0x24f1178	0x27d150	mov    rdi,QWORD PTR [rip+0x22737e9]        # 0x1424f1178
classic	PE:6a70b91c:0270a000	0x27da25	0x24f1170	0x27d150	mov    rbx,QWORD PTR [rip+0x2273744]        # 0x1424f1170
classic	PE:6a70b91c:0270a000	0x27da2c	0x24f1178	0x27d150	mov    rdi,QWORD PTR [rip+0x2273745]        # 0x1424f1178
classic	PE:6a70b91c:0270a000	0x8c0265	0x24f1170	0x8c0250	mov    rbx,QWORD PTR [rip+0x1c30f04]        # 0x1424f1170
classic	PE:6a70b91c:0270a000	0x8c0270	0x24f1178	0x8c0250	mov    rdi,QWORD PTR [rip+0x1c30f01]        # 0x1424f1178
classic	PE:6a70b91c:0270a000	0x8c0493	0x24f1170	0x8c0470	mov    rbx,QWORD PTR [rip+0x1c30cd6]        # 0x1424f1170
classic	PE:6a70b91c:0270a000	0x8c049a	0x24f1178	0x8c0470	mov    rdi,QWORD PTR [rip+0x1c30cd7]        # 0x1424f1178
classic	PE:6a70b91c:0270a000	0x8c1d8a	0x24f1170	0x8c1860	mov    rbx,QWORD PTR [rip+0x1c2f3df]        # 0x1424f1170
classic	PE:6a70b91c:0270a000	0x8c1d91	0x24f1178	0x8c1860	mov    rdi,QWORD PTR [rip+0x1c2f3e0]        # 0x1424f1178
classic	PE:6a70b91c:0270a000	0x8c1e36	0x24f1170	0x8c1860	mov    rbx,QWORD PTR [rip+0x1c2f333]        # 0x1424f1170
classic	PE:6a70b91c:0270a000	0x8c1e3d	0x24f1178	0x8c1860	mov    rdi,QWORD PTR [rip+0x1c2f334]        # 0x1424f1178
classic	PE:6a70b91c:0270a000	0x279fa4	0x1616b10	0x279930	movaps xmm0,XMMWORD PTR [rip+0x139cb65]        # 0x141616b10
classic	PE:6a70b91c:0270a000	0x279fae	0x1616b20	0x279930	movaps xmm1,XMMWORD PTR [rip+0x139cb6b]        # 0x141616b20
classic	PE:6a70b91c:0270a000	0x279fb9	0x1616b30	0x279930	movaps xmm0,XMMWORD PTR [rip+0x139cb70]        # 0x141616b30
classic	PE:6a70b91c:0270a000	0x279fc4	0x1616b40	0x279930	movaps xmm1,XMMWORD PTR [rip+0x139cb75]        # 0x141616b40
classic	PE:6a70b91c:0270a000	0x279fcf	0x1616b50	0x279930	movsd  xmm0,QWORD PTR [rip+0x139cb79]        # 0x141616b50
