edition	image_identity	renderer_rva	instruction_rva	return_rva	addst_rva	role
steam	PE:6a70a6d9:02711000	0x27bd70	0x27bfe2	0x27bfe7	0xad9960	Prompt/Cancel
steam	PE:6a70a6d9:02711000	0x27bd70	0x27c2df	0x27c2e4	0xad9960	Prompt/Reagent
steam	PE:6a70a6d9:02711000	0x27bd70	0x27c352	0x27c357	0xad9960	Prompt/ButcheryTool
steam	PE:6a70a6d9:02711000	0x27bd70	0x27c3ba	0x27c3bf	0xad9960	Prompt/Carcass
steam	PE:6a70a6d9:02711000	0x27bd70	0x27c42e	0x27c433	0xad9960	Prompt/Crafting
steam	PE:6a70a6d9:02711000	0x27bd70	0x27c547	0x27c54c	0xad9960	Message/NoItem
steam	PE:6a70a6d9:02711000	0x27bd70	0x27c5f7	0x27c5fc	0xad9960	Message/NoButcheryTool
steam	PE:6a70a6d9:02711000	0x27bd70	0x27c650	0x27c655	0xad9960	Message/NoCarcass
steam	PE:6a70a6d9:02711000	0x27bd70	0x27cb65	0x27cb6a	0xad9960	Caption/CategoryOrRecipeOrItem
steam	PE:6a70a6d9:02711000	0x27bd70	0x27cc1c	0x27cc21	0xad9960	Message/Hunger
steam	PE:6a70a6d9:02711000	0x27bd70	0x27ccc6	0x27cccb	0xad9960	Message/NoCarcass
steam	PE:6a70a6d9:02711000	0x27bd70	0x27cd7a	0x27cd7f	0xad9960	Message/NoButcheryTool
steam	PE:6a70a6d9:02711000	0x27bd70	0x27ced5	0x27ceda	0xad9960	Description/Category
steam	PE:6a70a6d9:02711000	0x27bd70	0x27d1a2	0x27d1a7	0xad9960	Needs/Recipe
classic	PE:6a70b91c:0270a000	0x279930	0x279ba2	0x279ba7	0xad69a0	Prompt/Cancel
classic	PE:6a70b91c:0270a000	0x279930	0x279e9f	0x279ea4	0xad69a0	Prompt/Reagent
classic	PE:6a70b91c:0270a000	0x279930	0x279f12	0x279f17	0xad69a0	Prompt/ButcheryTool
classic	PE:6a70b91c:0270a000	0x279930	0x279f7a	0x279f7f	0xad69a0	Prompt/Carcass
classic	PE:6a70b91c:0270a000	0x279930	0x279fee	0x279ff3	0xad69a0	Prompt/Crafting
classic	PE:6a70b91c:0270a000	0x279930	0x27a107	0x27a10c	0xad69a0	Message/NoItem
classic	PE:6a70b91c:0270a000	0x279930	0x27a1b7	0x27a1bc	0xad69a0	Message/NoButcheryTool
classic	PE:6a70b91c:0270a000	0x279930	0x27a210	0x27a215	0xad69a0	Message/NoCarcass
classic	PE:6a70b91c:0270a000	0x279930	0x27a725	0x27a72a	0xad69a0	Caption/CategoryOrRecipeOrItem
classic	PE:6a70b91c:0270a000	0x279930	0x27a7dc	0x27a7e1	0xad69a0	Message/Hunger
classic	PE:6a70b91c:0270a000	0x279930	0x27a886	0x27a88b	0xad69a0	Message/NoCarcass
classic	PE:6a70b91c:0270a000	0x279930	0x27a93a	0x27a93f	0xad69a0	Message/NoButcheryTool
classic	PE:6a70b91c:0270a000	0x279930	0x27aa95	0x27aa9a	0xad69a0	Description/Category
classic	PE:6a70b91c:0270a000	0x279930	0x27ad62	0x27ad67	0xad69a0	Needs/Recipe
