source_url	archive_url	version	member	line	reaction	adventure_enabled	category	token	value
https://dffd.bay12games.com/file.php?id=11310	https://dffd.bay12games.com/download.php?f=DF+Wanderer+R20a+ASCII.zip&id=11310	R20a	DF Wanderer R20a ASCII/raw/objects/reaction_adventurer.txt	7	ASSEMBLE STONE AXE	1	BASIC	NAME	assemble stone axe
https://dffd.bay12games.com/file.php?id=11310	https://dffd.bay12games.com/download.php?f=DF+Wanderer+R20a+ASCII.zip&id=11310	R20a	DF Wanderer R20a ASCII/raw/objects/reaction_adventurer.txt	15	ASSEMBLE STONE AXE	1	BASIC	CATEGORY_NAME	-> Basic crafting
https://dffd.bay12games.com/file.php?id=11310	https://dffd.bay12games.com/download.php?f=DF+Wanderer+R20a+ASCII.zip&id=11310	R20a	DF Wanderer R20a ASCII/raw/objects/reaction_adventurer.txt	16	ASSEMBLE STONE AXE	1	BASIC	CATEGORY_DESCRIPTION	The most basic tasks.
https://dffd.bay12games.com/file.php?id=11310	https://dffd.bay12games.com/download.php?f=DF+Wanderer+R20a+ASCII.zip&id=11310	R20a	DF Wanderer R20a ASCII/raw/objects/reaction_adventurer.txt	19	CARVE_WOODEN_STICK	1	BASIC	NAME	carve wooden stick from branch
https://dffd.bay12games.com/file.php?id=11310	https://dffd.bay12games.com/download.php?f=DF+Wanderer+R20a+ASCII.zip&id=11310	R20a	DF Wanderer R20a ASCII/raw/objects/reaction_adventurer.txt	31	MAKE_SHARP_ROCK	1	BASIC	NAME	make sharp rock
https://dffd.bay12games.com/file.php?id=11310	https://dffd.bay12games.com/download.php?f=DF+Wanderer+R20a+ASCII.zip&id=11310	R20a	DF Wanderer R20a ASCII/raw/objects/reaction_adventurer.txt	42	MAKE_ARCANE_CATALYST_LESSER_SOULGEM	1	ADV_ALCHEMY	NAME	make arcane catalyst from lesser soulgem
https://dffd.bay12games.com/file.php?id=11310	https://dffd.bay12games.com/download.php?f=DF+Wanderer+R20a+ASCII.zip&id=11310	R20a	DF Wanderer R20a ASCII/raw/objects/reaction_adventurer.txt	43	MAKE_ARCANE_CATALYST_LESSER_SOULGEM	1	ADV_ALCHEMY	DESCRIPTION	Make an alchemical ingredient from soulgems dropped by megabeasts.
https://dffd.bay12games.com/file.php?id=11310	https://dffd.bay12games.com/download.php?f=DF+Wanderer+R20a+ASCII.zip&id=11310	R20a	DF Wanderer R20a ASCII/raw/objects/reaction_adventurer.txt	50	MAKE_ARCANE_CATALYST_LESSER_SOULGEM	1	ADV_ALCHEMY	CATEGORY_NAME	Alchemy
https://dffd.bay12games.com/file.php?id=11310	https://dffd.bay12games.com/download.php?f=DF+Wanderer+R20a+ASCII.zip&id=11310	R20a	DF Wanderer R20a ASCII/raw/objects/reaction_adventurer.txt	51	MAKE_ARCANE_CATALYST_LESSER_SOULGEM	1	ADV_ALCHEMY	CATEGORY_DESCRIPTION	Brew magic balms and concoctions.
https://dffd.bay12games.com/file.php?id=11310	https://dffd.bay12games.com/download.php?f=DF+Wanderer+R20a+ASCII.zip&id=11310	R20a	DF Wanderer R20a ASCII/raw/objects/reaction_adventurer.txt	54	MAKE_ALCHEMICAL_CATALYST_SOULGEM	1	ADV_ALCHEMY	NAME	make arcane catalyst from soulgem
https://dffd.bay12games.com/file.php?id=11310	https://dffd.bay12games.com/download.php?f=DF+Wanderer+R20a+ASCII.zip&id=11310	R20a	DF Wanderer R20a ASCII/raw/objects/reaction_adventurer.txt	55	MAKE_ALCHEMICAL_CATALYST_SOULGEM	1	ADV_ALCHEMY	DESCRIPTION	Make an alchemical ingredient from soulgems dropped by megabeasts.
https://dffd.bay12games.com/file.php?id=11310	https://dffd.bay12games.com/download.php?f=DF+Wanderer+R20a+ASCII.zip&id=11310	R20a	DF Wanderer R20a ASCII/raw/objects/reaction_adventurer.txt	62	MAKE_ALCHEMICAL_CATALYST_SOULGEM	1	ADV_ALCHEMY	CATEGORY_NAME	Alchemy
https://dffd.bay12games.com/file.php?id=11310	https://dffd.bay12games.com/download.php?f=DF+Wanderer+R20a+ASCII.zip&id=11310	R20a	DF Wanderer R20a ASCII/raw/objects/reaction_adventurer.txt	63	MAKE_ALCHEMICAL_CATALYST_SOULGEM	1	ADV_ALCHEMY	CATEGORY_DESCRIPTION	Brew magic balms and concoctions.
https://dffd.bay12games.com/file.php?id=11310	https://dffd.bay12games.com/download.php?f=DF+Wanderer+R20a+ASCII.zip&id=11310	R20a	DF Wanderer R20a ASCII/raw/objects/reaction_adventurer.txt	66	CRAFT_PILL_ENERGY	1	ADV_ALCHEMY	NAME	craft energy pill (1 arcane catalyst)
https://dffd.bay12games.com/file.php?id=11310	https://dffd.bay12games.com/download.php?f=DF+Wanderer+R20a+ASCII.zip&id=11310	R20a	DF Wanderer R20a ASCII/raw/objects/reaction_adventurer.txt	67	CRAFT_PILL_ENERGY	1	ADV_ALCHEMY	DESCRIPTION	Make a temporary pill which removes fatigue, lasts 1 hour in adventure mode and 1 day in fortress mode.
https://dffd.bay12games.com/file.php?id=11310	https://dffd.bay12games.com/download.php?f=DF+Wanderer+R20a+ASCII.zip&id=11310	R20a	DF Wanderer R20a ASCII/raw/objects/reaction_adventurer.txt	76	CRAFT_PILL_PAINKILLER	1	ADV_ALCHEMY	NAME	craft painkiller pill (1 arcane catalyst)
https://dffd.bay12games.com/file.php?id=11310	https://dffd.bay12games.com/download.php?f=DF+Wanderer+R20a+ASCII.zip&id=11310	R20a	DF Wanderer R20a ASCII/raw/objects/reaction_adventurer.txt	77	CRAFT_PILL_PAINKILLER	1	ADV_ALCHEMY	DESCRIPTION	Make a temporary painkiller pill, lasts 1 hour in adventure mode and 1 day in fortress mode.
https://dffd.bay12games.com/file.php?id=11310	https://dffd.bay12games.com/download.php?f=DF+Wanderer+R20a+ASCII.zip&id=11310	R20a	DF Wanderer R20a ASCII/raw/objects/reaction_adventurer.txt	86	MAKE_BALM_AGILITY_ADV	1	ADV_ALCHEMY	NAME	make balm of agility (2 arcane catalysts)
https://dffd.bay12games.com/file.php?id=11310	https://dffd.bay12games.com/download.php?f=DF+Wanderer+R20a+ASCII.zip&id=11310	R20a	DF Wanderer R20a ASCII/raw/objects/reaction_adventurer.txt	87	MAKE_BALM_AGILITY_ADV	1	ADV_ALCHEMY	DESCRIPTION	Make a permanent buff potion from a megabeast soulgem.
https://dffd.bay12games.com/file.php?id=11310	https://dffd.bay12games.com/download.php?f=DF+Wanderer+R20a+ASCII.zip&id=11310	R20a	DF Wanderer R20a ASCII/raw/objects/reaction_adventurer.txt	96	MAKE_BALM_ENDURANCE_ADV	1	ADV_ALCHEMY	NAME	make balm of endurance (2 arcane catalysts)
https://dffd.bay12games.com/file.php?id=11310	https://dffd.bay12games.com/download.php?f=DF+Wanderer+R20a+ASCII.zip&id=11310	R20a	DF Wanderer R20a ASCII/raw/objects/reaction_adventurer.txt	97	MAKE_BALM_ENDURANCE_ADV	1	ADV_ALCHEMY	DESCRIPTION	Make a permanent buff potion from a megabeast soulgem.
https://dffd.bay12games.com/file.php?id=11310	https://dffd.bay12games.com/download.php?f=DF+Wanderer+R20a+ASCII.zip&id=11310	R20a	DF Wanderer R20a ASCII/raw/objects/reaction_adventurer.txt	106	MAKE_BALM_STRENGTH_ADV	1	ADV_ALCHEMY	NAME	make balm of strength (2 arcane catalysts)
https://dffd.bay12games.com/file.php?id=11310	https://dffd.bay12games.com/download.php?f=DF+Wanderer+R20a+ASCII.zip&id=11310	R20a	DF Wanderer R20a ASCII/raw/objects/reaction_adventurer.txt	107	MAKE_BALM_STRENGTH_ADV	1	ADV_ALCHEMY	DESCRIPTION	Make a permanent buff potion from a megabeast soulgem.
https://dffd.bay12games.com/file.php?id=11310	https://dffd.bay12games.com/download.php?f=DF+Wanderer+R20a+ASCII.zip&id=11310	R20a	DF Wanderer R20a ASCII/raw/objects/reaction_adventurer.txt	116	MAKE_BALM_RECUPERATION_ADV	1	ADV_ALCHEMY	NAME	make balm of recuperation (2 arcane catalysts)
https://dffd.bay12games.com/file.php?id=11310	https://dffd.bay12games.com/download.php?f=DF+Wanderer+R20a+ASCII.zip&id=11310	R20a	DF Wanderer R20a ASCII/raw/objects/reaction_adventurer.txt	117	MAKE_BALM_RECUPERATION_ADV	1	ADV_ALCHEMY	DESCRIPTION	Make a permanent buff potion from a megabeast soulgem.
https://dffd.bay12games.com/file.php?id=11310	https://dffd.bay12games.com/download.php?f=DF+Wanderer+R20a+ASCII.zip&id=11310	R20a	DF Wanderer R20a ASCII/raw/objects/reaction_adventurer.txt	126	MAKE_BALM_TOUGHNESS_ADV	1	ADV_ALCHEMY	NAME	make balm of toughness (2 arcane catalysts)
https://dffd.bay12games.com/file.php?id=11310	https://dffd.bay12games.com/download.php?f=DF+Wanderer+R20a+ASCII.zip&id=11310	R20a	DF Wanderer R20a ASCII/raw/objects/reaction_adventurer.txt	127	MAKE_BALM_TOUGHNESS_ADV	1	ADV_ALCHEMY	DESCRIPTION	Make a permanent buff potion from a megabeast soulgem.
https://dffd.bay12games.com/file.php?id=11310	https://dffd.bay12games.com/download.php?f=DF+Wanderer+R20a+ASCII.zip&id=11310	R20a	DF Wanderer R20a ASCII/raw/objects/reaction_adventurer.txt	136	MAKE_POTION_EXTRAVISION_ADV	1	ADV_ALCHEMY	NAME	make potion of extravision (3 arcane catalysts)
https://dffd.bay12games.com/file.php?id=11310	https://dffd.bay12games.com/download.php?f=DF+Wanderer+R20a+ASCII.zip&id=11310	R20a	DF Wanderer R20a ASCII/raw/objects/reaction_adventurer.txt	137	MAKE_POTION_EXTRAVISION_ADV	1	ADV_ALCHEMY	DESCRIPTION	(Megabeast hearts) Make a permanent buff potion from a megabeast soulgem.
https://dffd.bay12games.com/file.php?id=11310	https://dffd.bay12games.com/download.php?f=DF+Wanderer+R20a+ASCII.zip&id=11310	R20a	DF Wanderer R20a ASCII/raw/objects/reaction_adventurer.txt	146	MAKE_POTION_INDEFATIGABILITY_ADV	1	ADV_ALCHEMY	NAME	make potion of indefatigability (5 arcane catalysts)
https://dffd.bay12games.com/file.php?id=11310	https://dffd.bay12games.com/download.php?f=DF+Wanderer+R20a+ASCII.zip&id=11310	R20a	DF Wanderer R20a ASCII/raw/objects/reaction_adventurer.txt	147	MAKE_POTION_INDEFATIGABILITY_ADV	1	ADV_ALCHEMY	DESCRIPTION	(Megabeast hearts) Make a permanent buff potion from a megabeast soulgem.
https://dffd.bay12games.com/file.php?id=11310	https://dffd.bay12games.com/download.php?f=DF+Wanderer+R20a+ASCII.zip&id=11310	R20a	DF Wanderer R20a ASCII/raw/objects/reaction_adventurer.txt	158	MAKE_QUIRE_ADV	1	ADV_BOOKMAKING	NAME	make quire
https://dffd.bay12games.com/file.php?id=11310	https://dffd.bay12games.com/download.php?f=DF+Wanderer+R20a+ASCII.zip&id=11310	R20a	DF Wanderer R20a ASCII/raw/objects/reaction_adventurer.txt	168	MAKE_QUIRE_ADV	1	ADV_BOOKMAKING	CATEGORY_NAME	Bookmaking
https://dffd.bay12games.com/file.php?id=11310	https://dffd.bay12games.com/download.php?f=DF+Wanderer+R20a+ASCII.zip&id=11310	R20a	DF Wanderer R20a ASCII/raw/objects/reaction_adventurer.txt	169	MAKE_QUIRE_ADV	1	ADV_BOOKMAKING	CATEGORY_DESCRIPTION	Make quires, scrolls and books.
https://dffd.bay12games.com/file.php?id=11310	https://dffd.bay12games.com/download.php?f=DF+Wanderer+R20a+ASCII.zip&id=11310	R20a	DF Wanderer R20a ASCII/raw/objects/reaction_adventurer.txt	172	MAKE_SCROLL_ADV	1	ADV_BOOKMAKING	NAME	make scroll
https://dffd.bay12games.com/file.php?id=11310	https://dffd.bay12games.com/download.php?f=DF+Wanderer+R20a+ASCII.zip&id=11310	R20a	DF Wanderer R20a ASCII/raw/objects/reaction_adventurer.txt	173	MAKE_SCROLL_ADV	1	ADV_BOOKMAKING	DESCRIPTION	USE_WEAPON:ITEM_WEAPON_DAGGER_LARGE
https://dffd.bay12games.com/file.php?id=11310	https://dffd.bay12games.com/download.php?f=DF+Wanderer+R20a+ASCII.zip&id=11310	R20a	DF Wanderer R20a ASCII/raw/objects/reaction_adventurer.txt	188	BIND_BOOK_ADV	1	ADV_BOOKMAKING	NAME	bind book
https://dffd.bay12games.com/file.php?id=11310	https://dffd.bay12games.com/download.php?f=DF+Wanderer+R20a+ASCII.zip&id=11310	R20a	DF Wanderer R20a ASCII/raw/objects/reaction_adventurer.txt	207	BREAKDOWN_WEAPON_ADV	1	ADV_BREAKDOWN	NAME	breakdown weapon
https://dffd.bay12games.com/file.php?id=11310	https://dffd.bay12games.com/download.php?f=DF+Wanderer+R20a+ASCII.zip&id=11310	R20a	DF Wanderer R20a ASCII/raw/objects/reaction_adventurer.txt	208	BREAKDOWN_WEAPON_ADV	1	ADV_BREAKDOWN	DESCRIPTION	80% chance to get a metal chunk.
https://dffd.bay12games.com/file.php?id=11310	https://dffd.bay12games.com/download.php?f=DF+Wanderer+R20a+ASCII.zip&id=11310	R20a	DF Wanderer R20a ASCII/raw/objects/reaction_adventurer.txt	215	BREAKDOWN_WEAPON_ADV	1	ADV_BREAKDOWN	CATEGORY_NAME	Breakdown
https://dffd.bay12games.com/file.php?id=11310	https://dffd.bay12games.com/download.php?f=DF+Wanderer+R20a+ASCII.zip&id=11310	R20a	DF Wanderer R20a ASCII/raw/objects/reaction_adventurer.txt	216	BREAKDOWN_WEAPON_ADV	1	ADV_BREAKDOWN	CATEGORY_DESCRIPTION	Deconstruct armor and weapons into metal chunks.
https://dffd.bay12games.com/file.php?id=11310	https://dffd.bay12games.com/download.php?f=DF+Wanderer+R20a+ASCII.zip&id=11310	R20a	DF Wanderer R20a ASCII/raw/objects/reaction_adventurer.txt	219	BREAKDOWN_BREASTPLATE_ADV	1	ADV_BREAKDOWN	NAME	breakdown breastplate
https://dffd.bay12games.com/file.php?id=11310	https://dffd.bay12games.com/download.php?f=DF+Wanderer+R20a+ASCII.zip&id=11310	R20a	DF Wanderer R20a ASCII/raw/objects/reaction_adventurer.txt	220	BREAKDOWN_BREASTPLATE_ADV	1	ADV_BREAKDOWN	DESCRIPTION	80% and 60% chance to get metal chunks.
https://dffd.bay12games.com/file.php?id=11310	https://dffd.bay12games.com/download.php?f=DF+Wanderer+R20a+ASCII.zip&id=11310	R20a	DF Wanderer R20a ASCII/raw/objects/reaction_adventurer.txt	230	BREAKDOWN_CAP_ADV	1	ADV_BREAKDOWN	NAME	breakdown cap
https://dffd.bay12games.com/file.php?id=11310	https://dffd.bay12games.com/download.php?f=DF+Wanderer+R20a+ASCII.zip&id=11310	R20a	DF Wanderer R20a ASCII/raw/objects/reaction_adventurer.txt	231	BREAKDOWN_CAP_ADV	1	ADV_BREAKDOWN	DESCRIPTION	80% chance to get a metal chunk.
https://dffd.bay12games.com/file.php?id=11310	https://dffd.bay12games.com/download.php?f=DF+Wanderer+R20a+ASCII.zip&id=11310	R20a	DF Wanderer R20a ASCII/raw/objects/reaction_adventurer.txt	240	BREAKDOWN_GREAVES_ADV	1	ADV_BREAKDOWN	NAME	breakdown greaves
https://dffd.bay12games.com/file.php?id=11310	https://dffd.bay12games.com/download.php?f=DF+Wanderer+R20a+ASCII.zip&id=11310	R20a	DF Wanderer R20a ASCII/raw/objects/reaction_adventurer.txt	241	BREAKDOWN_GREAVES_ADV	1	ADV_BREAKDOWN	DESCRIPTION	80% and 60% chance to get metal chunks.
https://dffd.bay12games.com/file.php?id=11310	https://dffd.bay12games.com/download.php?f=DF+Wanderer+R20a+ASCII.zip&id=11310	R20a	DF Wanderer R20a ASCII/raw/objects/reaction_adventurer.txt	251	BREAKDOWN_HELM_ADV	1	ADV_BREAKDOWN	NAME	breakdown helm (Mallet + helm)
https://dffd.bay12games.com/file.php?id=11310	https://dffd.bay12games.com/download.php?f=DF+Wanderer+R20a+ASCII.zip&id=11310	R20a	DF Wanderer R20a ASCII/raw/objects/reaction_adventurer.txt	252	BREAKDOWN_HELM_ADV	1	ADV_BREAKDOWN	DESCRIPTION	80% chance to get a metal chunk.
https://dffd.bay12games.com/file.php?id=11310	https://dffd.bay12games.com/download.php?f=DF+Wanderer+R20a+ASCII.zip&id=11310	R20a	DF Wanderer R20a ASCII/raw/objects/reaction_adventurer.txt	261	BREAKDOWN_LEGGINGS_ADV	1	ADV_BREAKDOWN	NAME	breakdown leggings (Mallet + metal leggings)
https://dffd.bay12games.com/file.php?id=11310	https://dffd.bay12games.com/download.php?f=DF+Wanderer+R20a+ASCII.zip&id=11310	R20a	DF Wanderer R20a ASCII/raw/objects/reaction_adventurer.txt	262	BREAKDOWN_LEGGINGS_ADV	1	ADV_BREAKDOWN	DESCRIPTION	80% and 60% chance to get metal chunks.
https://dffd.bay12games.com/file.php?id=11310	https://dffd.bay12games.com/download.php?f=DF+Wanderer+R20a+ASCII.zip&id=11310	R20a	DF Wanderer R20a ASCII/raw/objects/reaction_adventurer.txt	272	BREAKDOWN_MAIL_SHIRT_ADV	1	ADV_BREAKDOWN	NAME	breakdown mail shirt
https://dffd.bay12games.com/file.php?id=11310	https://dffd.bay12games.com/download.php?f=DF+Wanderer+R20a+ASCII.zip&id=11310	R20a	DF Wanderer R20a ASCII/raw/objects/reaction_adventurer.txt	273	BREAKDOWN_MAIL_SHIRT_ADV	1	ADV_BREAKDOWN	DESCRIPTION	80% and 60% chance to get metal chunks.
https://dffd.bay12games.com/file.php?id=11310	https://dffd.bay12games.com/download.php?f=DF+Wanderer+R20a+ASCII.zip&id=11310	R20a	DF Wanderer R20a ASCII/raw/objects/reaction_adventurer.txt	285	CARVE_BONE_ARROWS_ADV	1	ADV_BONECARVING_WEAPONS	NAME	carve bone arrows
https://dffd.bay12games.com/file.php?id=11310	https://dffd.bay12games.com/download.php?f=DF+Wanderer+R20a+ASCII.zip&id=11310	R20a	DF Wanderer R20a ASCII/raw/objects/reaction_adventurer.txt	293	CARVE_BONE_ARROWS_ADV	1	ADV_BONECARVING_WEAPONS	CATEGORY_NAME	Bonecarving - ammo and weapons
https://dffd.bay12games.com/file.php?id=11310	https://dffd.bay12games.com/download.php?f=DF+Wanderer+R20a+ASCII.zip&id=11310	R20a	DF Wanderer R20a ASCII/raw/objects/reaction_adventurer.txt	294	CARVE_BONE_ARROWS_ADV	1	ADV_BONECARVING_WEAPONS	CATEGORY_DESCRIPTION	Carve bones into ammo and weapons.
https://dffd.bay12games.com/file.php?id=11310	https://dffd.bay12games.com/download.php?f=DF+Wanderer+R20a+ASCII.zip&id=11310	R20a	DF Wanderer R20a ASCII/raw/objects/reaction_adventurer.txt	297	CARVE_BONE_BOLTS_ADV	1	ADV_BONECARVING_WEAPONS	NAME	carve bone bolts
https://dffd.bay12games.com/file.php?id=11310	https://dffd.bay12games.com/download.php?f=DF+Wanderer+R20a+ASCII.zip&id=11310	R20a	DF Wanderer R20a ASCII/raw/objects/reaction_adventurer.txt	307	CARVE_BONE_BOW_ADV	1	ADV_BONECARVING_WEAPONS	NAME	carve bone bow
https://dffd.bay12games.com/file.php?id=11310	https://dffd.bay12games.com/download.php?f=DF+Wanderer+R20a+ASCII.zip&id=11310	R20a	DF Wanderer R20a ASCII/raw/objects/reaction_adventurer.txt	308	CARVE_BONE_BOW_ADV	1	ADV_BONECARVING_WEAPONS	DESCRIPTION	Make a bone bow.
https://dffd.bay12games.com/file.php?id=11310	https://dffd.bay12games.com/download.php?f=DF+Wanderer+R20a+ASCII.zip&id=11310	R20a	DF Wanderer R20a ASCII/raw/objects/reaction_adventurer.txt	320	MAKE_BONE_DAGGER_ADV	1	ADV_BONECARVING_WEAPONS	NAME	carve bone dagger (Bone)
https://dffd.bay12games.com/file.php?id=11310	https://dffd.bay12games.com/download.php?f=DF+Wanderer+R20a+ASCII.zip&id=11310	R20a	DF Wanderer R20a ASCII/raw/objects/reaction_adventurer.txt	321	MAKE_BONE_DAGGER_ADV	1	ADV_BONECARVING_WEAPONS	DESCRIPTION	(Bone) Knap a bone dagger.
https://dffd.bay12games.com/file.php?id=11310	https://dffd.bay12games.com/download.php?f=DF+Wanderer+R20a+ASCII.zip&id=11310	R20a	DF Wanderer R20a ASCII/raw/objects/reaction_adventurer.txt	332	MAKE_BONE_SPEAR_ADV	1	ADV_BONECARVING_WEAPONS	NAME	carve bone spear
https://dffd.bay12games.com/file.php?id=11310	https://dffd.bay12games.com/download.php?f=DF+Wanderer+R20a+ASCII.zip&id=11310	R20a	DF Wanderer R20a ASCII/raw/objects/reaction_adventurer.txt	333	MAKE_BONE_SPEAR_ADV	1	ADV_BONECARVING_WEAPONS	DESCRIPTION	Make a bone spear.
https://dffd.bay12games.com/file.php?id=11310	https://dffd.bay12games.com/download.php?f=DF+Wanderer+R20a+ASCII.zip&id=11310	R20a	DF Wanderer R20a ASCII/raw/objects/reaction_adventurer.txt	348	CRAFT_BONE_BOOTS_ADV	1	ADV_BONECARVING_ARMOR	NAME	carve bone boots
https://dffd.bay12games.com/file.php?id=11310	https://dffd.bay12games.com/download.php?f=DF+Wanderer+R20a+ASCII.zip&id=11310	R20a	DF Wanderer R20a ASCII/raw/objects/reaction_adventurer.txt	349	CRAFT_BONE_BOOTS_ADV	1	ADV_BONECARVING_ARMOR	DESCRIPTION	Make high boots.
https://dffd.bay12games.com/file.php?id=11310	https://dffd.bay12games.com/download.php?f=DF+Wanderer+R20a+ASCII.zip&id=11310	R20a	DF Wanderer R20a ASCII/raw/objects/reaction_adventurer.txt	358	CRAFT_BONE_BOOTS_ADV	1	ADV_BONECARVING_ARMOR	CATEGORY_NAME	Bonecarving - armor
https://dffd.bay12games.com/file.php?id=11310	https://dffd.bay12games.com/download.php?f=DF+Wanderer+R20a+ASCII.zip&id=11310	R20a	DF Wanderer R20a ASCII/raw/objects/reaction_adventurer.txt	359	CRAFT_BONE_BOOTS_ADV	1	ADV_BONECARVING_ARMOR	CATEGORY_DESCRIPTION	Carve bones into bone armor.
https://dffd.bay12games.com/file.php?id=11310	https://dffd.bay12games.com/download.php?f=DF+Wanderer+R20a+ASCII.zip&id=11310	R20a	DF Wanderer R20a ASCII/raw/objects/reaction_adventurer.txt	362	CRAFT_BONE_BREASTPLATE_ADV	1	ADV_BONECARVING_ARMOR	NAME	carve bone breastplate
https://dffd.bay12games.com/file.php?id=11310	https://dffd.bay12games.com/download.php?f=DF+Wanderer+R20a+ASCII.zip&id=11310	R20a	DF Wanderer R20a ASCII/raw/objects/reaction_adventurer.txt	363	CRAFT_BONE_BREASTPLATE_ADV	1	ADV_BONECARVING_ARMOR	DESCRIPTION	Make a bone breastplate.
https://dffd.bay12games.com/file.php?id=11310	https://dffd.bay12games.com/download.php?f=DF+Wanderer+R20a+ASCII.zip&id=11310	R20a	DF Wanderer R20a ASCII/raw/objects/reaction_adventurer.txt	375	CRAFT_BONE_GREAVES_ADV	1	ADV_BONECARVING_ARMOR	NAME	carve bone greaves
https://dffd.bay12games.com/file.php?id=11310	https://dffd.bay12games.com/download.php?f=DF+Wanderer+R20a+ASCII.zip&id=11310	R20a	DF Wanderer R20a ASCII/raw/objects/reaction_adventurer.txt	376	CRAFT_BONE_GREAVES_ADV	1	ADV_BONECARVING_ARMOR	DESCRIPTION	Make bone greaves.
https://dffd.bay12games.com/file.php?id=11310	https://dffd.bay12games.com/download.php?f=DF+Wanderer+R20a+ASCII.zip&id=11310	R20a	DF Wanderer R20a ASCII/raw/objects/reaction_adventurer.txt	388	CRAFT_BONE_HELM_ADV	1	ADV_BONECARVING_ARMOR	NAME	carve bone helm
https://dffd.bay12games.com/file.php?id=11310	https://dffd.bay12games.com/download.php?f=DF+Wanderer+R20a+ASCII.zip&id=11310	R20a	DF Wanderer R20a ASCII/raw/objects/reaction_adventurer.txt	389	CRAFT_BONE_HELM_ADV	1	ADV_BONECARVING_ARMOR	DESCRIPTION	Make a bone helm.
https://dffd.bay12games.com/file.php?id=11310	https://dffd.bay12games.com/download.php?f=DF+Wanderer+R20a+ASCII.zip&id=11310	R20a	DF Wanderer R20a ASCII/raw/objects/reaction_adventurer.txt	402	CARVE_BONE_CRUTCH_ADV	1	ADV_BONECARVING_TRINKETS	NAME	carve bone crutch
https://dffd.bay12games.com/file.php?id=11310	https://dffd.bay12games.com/download.php?f=DF+Wanderer+R20a+ASCII.zip&id=11310	R20a	DF Wanderer R20a ASCII/raw/objects/reaction_adventurer.txt	403	CARVE_BONE_CRUTCH_ADV	1	ADV_BONECARVING_TRINKETS	DESCRIPTION	Carve a bone crutch for crutchwalking.
https://dffd.bay12games.com/file.php?id=11310	https://dffd.bay12games.com/download.php?f=DF+Wanderer+R20a+ASCII.zip&id=11310	R20a	DF Wanderer R20a ASCII/raw/objects/reaction_adventurer.txt	411	CARVE_BONE_CRUTCH_ADV	1	ADV_BONECARVING_TRINKETS	CATEGORY_NAME	Bonecarving - trinkets and misc
https://dffd.bay12games.com/file.php?id=11310	https://dffd.bay12games.com/download.php?f=DF+Wanderer+R20a+ASCII.zip&id=11310	R20a	DF Wanderer R20a ASCII/raw/objects/reaction_adventurer.txt	412	CARVE_BONE_CRUTCH_ADV	1	ADV_BONECARVING_TRINKETS	CATEGORY_DESCRIPTION	Carve bones into trinkets.
https://dffd.bay12games.com/file.php?id=11310	https://dffd.bay12games.com/download.php?f=DF+Wanderer+R20a+ASCII.zip&id=11310	R20a	DF Wanderer R20a ASCII/raw/objects/reaction_adventurer.txt	415	CARVE_BONE_AMULET_ADV	1	ADV_BONECARVING_TRINKETS	NAME	carve bone amulet
https://dffd.bay12games.com/file.php?id=11310	https://dffd.bay12games.com/download.php?f=DF+Wanderer+R20a+ASCII.zip&id=11310	R20a	DF Wanderer R20a ASCII/raw/objects/reaction_adventurer.txt	416	CARVE_BONE_AMULET_ADV	1	ADV_BONECARVING_TRINKETS	DESCRIPTION	Make an amulet.
https://dffd.bay12games.com/file.php?id=11310	https://dffd.bay12games.com/download.php?f=DF+Wanderer+R20a+ASCII.zip&id=11310	R20a	DF Wanderer R20a ASCII/raw/objects/reaction_adventurer.txt	428	CARVE_BONE_BRACELET_ADV	1	ADV_BONECARVING_TRINKETS	NAME	carve bone bracelet
https://dffd.bay12games.com/file.php?id=11310	https://dffd.bay12games.com/download.php?f=DF+Wanderer+R20a+ASCII.zip&id=11310	R20a	DF Wanderer R20a ASCII/raw/objects/reaction_adventurer.txt	429	CARVE_BONE_BRACELET_ADV	1	ADV_BONECARVING_TRINKETS	DESCRIPTION	Make a bracelet.
https://dffd.bay12games.com/file.php?id=11310	https://dffd.bay12games.com/download.php?f=DF+Wanderer+R20a+ASCII.zip&id=11310	R20a	DF Wanderer R20a ASCII/raw/objects/reaction_adventurer.txt	439	CARVE_BONE_EARRING_ADV	1	ADV_BONECARVING_TRINKETS	NAME	carve bone earring
https://dffd.bay12games.com/file.php?id=11310	https://dffd.bay12games.com/download.php?f=DF+Wanderer+R20a+ASCII.zip&id=11310	R20a	DF Wanderer R20a ASCII/raw/objects/reaction_adventurer.txt	440	CARVE_BONE_EARRING_ADV	1	ADV_BONECARVING_TRINKETS	DESCRIPTION	Make an earring.
https://dffd.bay12games.com/file.php?id=11310	https://dffd.bay12games.com/download.php?f=DF+Wanderer+R20a+ASCII.zip&id=11310	R20a	DF Wanderer R20a ASCII/raw/objects/reaction_adventurer.txt	450	CARVE_BONE_FIGURINE_ADV	1	ADV_BONECARVING_TRINKETS	NAME	carve bone figurine
https://dffd.bay12games.com/file.php?id=11310	https://dffd.bay12games.com/download.php?f=DF+Wanderer+R20a+ASCII.zip&id=11310	R20a	DF Wanderer R20a ASCII/raw/objects/reaction_adventurer.txt	451	CARVE_BONE_FIGURINE_ADV	1	ADV_BONECARVING_TRINKETS	DESCRIPTION	Make a figurine.
https://dffd.bay12games.com/file.php?id=11310	https://dffd.bay12games.com/download.php?f=DF+Wanderer+R20a+ASCII.zip&id=11310	R20a	DF Wanderer R20a ASCII/raw/objects/reaction_adventurer.txt	461	CARVE_BONE_RING_ADV	1	ADV_BONECARVING_TRINKETS	NAME	carve bone ring
https://dffd.bay12games.com/file.php?id=11310	https://dffd.bay12games.com/download.php?f=DF+Wanderer+R20a+ASCII.zip&id=11310	R20a	DF Wanderer R20a ASCII/raw/objects/reaction_adventurer.txt	462	CARVE_BONE_RING_ADV	1	ADV_BONECARVING_TRINKETS	DESCRIPTION	Make a ring.
https://dffd.bay12games.com/file.php?id=11310	https://dffd.bay12games.com/download.php?f=DF+Wanderer+R20a+ASCII.zip&id=11310	R20a	DF Wanderer R20a ASCII/raw/objects/reaction_adventurer.txt	474	MAKE WOODEN BARREL	1	ADV_CARPENTRY_CONTAINERS	NAME	make wooden barrel
https://dffd.bay12games.com/file.php?id=11310	https://dffd.bay12games.com/download.php?f=DF+Wanderer+R20a+ASCII.zip&id=11310	R20a	DF Wanderer R20a ASCII/raw/objects/reaction_adventurer.txt	485	MAKE WOODEN BARREL	1	ADV_CARPENTRY_CONTAINERS	CATEGORY_NAME	Carpentry - Containers
https://dffd.bay12games.com/file.php?id=11310	https://dffd.bay12games.com/download.php?f=DF+Wanderer+R20a+ASCII.zip&id=11310	R20a	DF Wanderer R20a ASCII/raw/objects/reaction_adventurer.txt	486	MAKE WOODEN BARREL	1	ADV_CARPENTRY_CONTAINERS	CATEGORY_DESCRIPTION	Make containers at a carpenter's workshop using logs and a sharp tool.
https://dffd.bay12games.com/file.php?id=11310	https://dffd.bay12games.com/download.php?f=DF+Wanderer+R20a+ASCII.zip&id=11310	R20a	DF Wanderer R20a ASCII/raw/objects/reaction_adventurer.txt	489	MAKE WOODEN BIN	1	ADV_CARPENTRY_CONTAINERS	NAME	make wooden bin
https://dffd.bay12games.com/file.php?id=11310	https://dffd.bay12games.com/download.php?f=DF+Wanderer+R20a+ASCII.zip&id=11310	R20a	DF Wanderer R20a ASCII/raw/objects/reaction_adventurer.txt	502	MAKE WOODEN BUCKET	1	ADV_CARPENTRY_CONTAINERS	NAME	make wooden bucket
https://dffd.bay12games.com/file.php?id=11310	https://dffd.bay12games.com/download.php?f=DF+Wanderer+R20a+ASCII.zip&id=11310	R20a	DF Wanderer R20a ASCII/raw/objects/reaction_adventurer.txt	515	MAKE_STICKS_LOG_ADV	1	ADV_CARPENTRY_CONTAINERS	NAME	make sticks from log
https://dffd.bay12games.com/file.php?id=11310	https://dffd.bay12games.com/download.php?f=DF+Wanderer+R20a+ASCII.zip&id=11310	R20a	DF Wanderer R20a ASCII/raw/objects/reaction_adventurer.txt	530	MAKE WOODEN BED	1	ADV_CARPENTRY_FURNITURE	NAME	make wooden bed
https://dffd.bay12games.com/file.php?id=11310	https://dffd.bay12games.com/download.php?f=DF+Wanderer+R20a+ASCII.zip&id=11310	R20a	DF Wanderer R20a ASCII/raw/objects/reaction_adventurer.txt	541	MAKE WOODEN BED	1	ADV_CARPENTRY_FURNITURE	CATEGORY_NAME	Carpentry - Furniture
https://dffd.bay12games.com/file.php?id=11310	https://dffd.bay12games.com/download.php?f=DF+Wanderer+R20a+ASCII.zip&id=11310	R20a	DF Wanderer R20a ASCII/raw/objects/reaction_adventurer.txt	542	MAKE WOODEN BED	1	ADV_CARPENTRY_FURNITURE	CATEGORY_DESCRIPTION	Make furniture at a carpenter's workshop using logs and a sharp tool.
https://dffd.bay12games.com/file.php?id=11310	https://dffd.bay12games.com/download.php?f=DF+Wanderer+R20a+ASCII.zip&id=11310	R20a	DF Wanderer R20a ASCII/raw/objects/reaction_adventurer.txt	545	MAKE WOODEN BOOKCASE	1	ADV_CARPENTRY_FURNITURE	NAME	make wooden bookcase
https://dffd.bay12games.com/file.php?id=11310	https://dffd.bay12games.com/download.php?f=DF+Wanderer+R20a+ASCII.zip&id=11310	R20a	DF Wanderer R20a ASCII/raw/objects/reaction_adventurer.txt	558	MAKE WOODEN CABINET	1	ADV_CARPENTRY_FURNITURE	NAME	make wooden cabinet
https://dffd.bay12games.com/file.php?id=11310	https://dffd.bay12games.com/download.php?f=DF+Wanderer+R20a+ASCII.zip&id=11310	R20a	DF Wanderer R20a ASCII/raw/objects/reaction_adventurer.txt	571	MAKE WOODEN CHAIR	1	ADV_CARPENTRY_FURNITURE	NAME	make wooden chair
https://dffd.bay12games.com/file.php?id=11310	https://dffd.bay12games.com/download.php?f=DF+Wanderer+R20a+ASCII.zip&id=11310	R20a	DF Wanderer R20a ASCII/raw/objects/reaction_adventurer.txt	584	MAKE WOODEN CASKET	1	ADV_CARPENTRY_FURNITURE	NAME	make wooden casket
https://dffd.bay12games.com/file.php?id=11310	https://dffd.bay12games.com/download.php?f=DF+Wanderer+R20a+ASCII.zip&id=11310	R20a	DF Wanderer R20a ASCII/raw/objects/reaction_adventurer.txt	597	MAKE WOODEN CHEST	1	ADV_CARPENTRY_FURNITURE	NAME	make wooden chest
https://dffd.bay12games.com/file.php?id=11310	https://dffd.bay12games.com/download.php?f=DF+Wanderer+R20a+ASCII.zip&id=11310	R20a	DF Wanderer R20a ASCII/raw/objects/reaction_adventurer.txt	610	MAKE WOODEN DOOR	1	ADV_CARPENTRY_FURNITURE	NAME	make wooden door
https://dffd.bay12games.com/file.php?id=11310	https://dffd.bay12games.com/download.php?f=DF+Wanderer+R20a+ASCII.zip&id=11310	R20a	DF Wanderer R20a ASCII/raw/objects/reaction_adventurer.txt	623	MAKE WOODEN GRATE	1	ADV_CARPENTRY_FURNITURE	NAME	make wooden grate
https://dffd.bay12games.com/file.php?id=11310	https://dffd.bay12games.com/download.php?f=DF+Wanderer+R20a+ASCII.zip&id=11310	R20a	DF Wanderer R20a ASCII/raw/objects/reaction_adventurer.txt	636	MAKE WOODEN HATCH COVER	1	ADV_CARPENTRY_FURNITURE	NAME	make wooden hatch cover
https://dffd.bay12games.com/file.php?id=11310	https://dffd.bay12games.com/download.php?f=DF+Wanderer+R20a+ASCII.zip&id=11310	R20a	DF Wanderer R20a ASCII/raw/objects/reaction_adventurer.txt	649	MAKE WOODEN STEPLADDER	1	ADV_CARPENTRY_FURNITURE	NAME	make wooden stepladder
https://dffd.bay12games.com/file.php?id=11310	https://dffd.bay12games.com/download.php?f=DF+Wanderer+R20a+ASCII.zip&id=11310	R20a	DF Wanderer R20a ASCII/raw/objects/reaction_adventurer.txt	662	MAKE WOODEN TABLE	1	ADV_CARPENTRY_FURNITURE	NAME	make wooden table
https://dffd.bay12games.com/file.php?id=11310	https://dffd.bay12games.com/download.php?f=DF+Wanderer+R20a+ASCII.zip&id=11310	R20a	DF Wanderer R20a ASCII/raw/objects/reaction_adventurer.txt	677	DECORATE_BONE_SPIKES	1	ADV_DECOR	NAME	decorate item with bone (spikes)
https://dffd.bay12games.com/file.php?id=11310	https://dffd.bay12games.com/download.php?f=DF+Wanderer+R20a+ASCII.zip&id=11310	R20a	DF Wanderer R20a ASCII/raw/objects/reaction_adventurer.txt	685	DECORATE_BONE_SPIKES	1	ADV_DECOR	CATEGORY_NAME	Decorating
https://dffd.bay12games.com/file.php?id=11310	https://dffd.bay12games.com/download.php?f=DF+Wanderer+R20a+ASCII.zip&id=11310	R20a	DF Wanderer R20a ASCII/raw/objects/reaction_adventurer.txt	686	DECORATE_BONE_SPIKES	1	ADV_DECOR	CATEGORY_DESCRIPTION	Decorate items with bone, horn, teeth or gems.
https://dffd.bay12games.com/file.php?id=11310	https://dffd.bay12games.com/download.php?f=DF+Wanderer+R20a+ASCII.zip&id=11310	R20a	DF Wanderer R20a ASCII/raw/objects/reaction_adventurer.txt	689	DECORATE_BONE_RINGS	1	ADV_DECOR	NAME	decorate item with bone (rings)
https://dffd.bay12games.com/file.php?id=11310	https://dffd.bay12games.com/download.php?f=DF+Wanderer+R20a+ASCII.zip&id=11310	R20a	DF Wanderer R20a ASCII/raw/objects/reaction_adventurer.txt	699	DECORATE_BONE_BANDS	1	ADV_DECOR	NAME	decorate item with bone (bands)
https://dffd.bay12games.com/file.php?id=11310	https://dffd.bay12games.com/download.php?f=DF+Wanderer+R20a+ASCII.zip&id=11310	R20a	DF Wanderer R20a ASCII/raw/objects/reaction_adventurer.txt	709	DECORATE_HORN_SPIKES	1	ADV_DECOR	NAME	decorate item with horn (spikes)
https://dffd.bay12games.com/file.php?id=11310	https://dffd.bay12games.com/download.php?f=DF+Wanderer+R20a+ASCII.zip&id=11310	R20a	DF Wanderer R20a ASCII/raw/objects/reaction_adventurer.txt	719	DECORATE_HORN_RINGS	1	ADV_DECOR	NAME	decorate item with horn (rings)
https://dffd.bay12games.com/file.php?id=11310	https://dffd.bay12games.com/download.php?f=DF+Wanderer+R20a+ASCII.zip&id=11310	R20a	DF Wanderer R20a ASCII/raw/objects/reaction_adventurer.txt	729	DECORATE_HORN_BANDS	1	ADV_DECOR	NAME	decorate item with horn (bands)
https://dffd.bay12games.com/file.php?id=11310	https://dffd.bay12games.com/download.php?f=DF+Wanderer+R20a+ASCII.zip&id=11310	R20a	DF Wanderer R20a ASCII/raw/objects/reaction_adventurer.txt	739	DECORATE_GEM_SPIKES	1	ADV_DECOR	NAME	decorate item with large gem (spikes)
https://dffd.bay12games.com/file.php?id=11310	https://dffd.bay12games.com/download.php?f=DF+Wanderer+R20a+ASCII.zip&id=11310	R20a	DF Wanderer R20a ASCII/raw/objects/reaction_adventurer.txt	749	DECORATE_GEM_RINGS	1	ADV_DECOR	NAME	decorate item with large gem (rings)
https://dffd.bay12games.com/file.php?id=11310	https://dffd.bay12games.com/download.php?f=DF+Wanderer+R20a+ASCII.zip&id=11310	R20a	DF Wanderer R20a ASCII/raw/objects/reaction_adventurer.txt	759	DECORATE_GEM_BANDS	1	ADV_DECOR	NAME	decorate item with large gem (bands)
https://dffd.bay12games.com/file.php?id=11310	https://dffd.bay12games.com/download.php?f=DF+Wanderer+R20a+ASCII.zip&id=11310	R20a	DF Wanderer R20a ASCII/raw/objects/reaction_adventurer.txt	769	DECORATE_SMALLGEM_SPIKES	1	ADV_DECOR	NAME	decorate item with small gem (spikes)
https://dffd.bay12games.com/file.php?id=11310	https://dffd.bay12games.com/download.php?f=DF+Wanderer+R20a+ASCII.zip&id=11310	R20a	DF Wanderer R20a ASCII/raw/objects/reaction_adventurer.txt	779	DECORATE_SMALLGEM_RINGS	1	ADV_DECOR	NAME	decorate item with small gem (rings)
https://dffd.bay12games.com/file.php?id=11310	https://dffd.bay12games.com/download.php?f=DF+Wanderer+R20a+ASCII.zip&id=11310	R20a	DF Wanderer R20a ASCII/raw/objects/reaction_adventurer.txt	789	DECORATE_SMALLGEM_BANDS	1	ADV_DECOR	NAME	decorate item with small gem (bands)
https://dffd.bay12games.com/file.php?id=11310	https://dffd.bay12games.com/download.php?f=DF+Wanderer+R20a+ASCII.zip&id=11310	R20a	DF Wanderer R20a ASCII/raw/objects/reaction_adventurer.txt	799	DECORATE_TOOTH_SPIKES	1	ADV_DECOR	NAME	decorate item with teeth (spikes)
https://dffd.bay12games.com/file.php?id=11310	https://dffd.bay12games.com/download.php?f=DF+Wanderer+R20a+ASCII.zip&id=11310	R20a	DF Wanderer R20a ASCII/raw/objects/reaction_adventurer.txt	809	DECORATE_TOOTH_RINGS	1	ADV_DECOR	NAME	decorate item with teeth (rings)
https://dffd.bay12games.com/file.php?id=11310	https://dffd.bay12games.com/download.php?f=DF+Wanderer+R20a+ASCII.zip&id=11310	R20a	DF Wanderer R20a ASCII/raw/objects/reaction_adventurer.txt	819	DECORATE_TOOTH_BANDS	1	ADV_DECOR	NAME	decorate item with teeth (bands)
https://dffd.bay12games.com/file.php?id=11310	https://dffd.bay12games.com/download.php?f=DF+Wanderer+R20a+ASCII.zip&id=11310	R20a	DF Wanderer R20a ASCII/raw/objects/reaction_adventurer.txt	831	TAN_LEATHER_ADV	1	ADV_LEATHER	NAME	tan raw skin
https://dffd.bay12games.com/file.php?id=11310	https://dffd.bay12games.com/download.php?f=DF+Wanderer+R20a+ASCII.zip&id=11310	R20a	DF Wanderer R20a ASCII/raw/objects/reaction_adventurer.txt	841	TAN_LEATHER_ADV	1	ADV_LEATHER	CATEGORY_NAME	Leatherworking
https://dffd.bay12games.com/file.php?id=11310	https://dffd.bay12games.com/download.php?f=DF+Wanderer+R20a+ASCII.zip&id=11310	R20a	DF Wanderer R20a ASCII/raw/objects/reaction_adventurer.txt	842	TAN_LEATHER_ADV	1	ADV_LEATHER	CATEGORY_DESCRIPTION	Make leather clothing and shields.
https://dffd.bay12games.com/file.php?id=11310	https://dffd.bay12games.com/download.php?f=DF+Wanderer+R20a+ASCII.zip&id=11310	R20a	DF Wanderer R20a ASCII/raw/objects/reaction_adventurer.txt	845	SEW_LEATHER_SHIELD_BONE_ADV	1	ADV_LEATHER	NAME	Sew leather/bone shield
https://dffd.bay12games.com/file.php?id=11310	https://dffd.bay12games.com/download.php?f=DF+Wanderer+R20a+ASCII.zip&id=11310	R20a	DF Wanderer R20a ASCII/raw/objects/reaction_adventurer.txt	855	SEW_LEATHER_SHIELD_WOOD_ADV	1	ADV_LEATHER	NAME	Sew leather/wooden shield
https://dffd.bay12games.com/file.php?id=11310	https://dffd.bay12games.com/download.php?f=DF+Wanderer+R20a+ASCII.zip&id=11310	R20a	DF Wanderer R20a ASCII/raw/objects/reaction_adventurer.txt	865	SEW_LEATHER_BACKPACK_ADV	1	ADV_LEATHER	NAME	sew leather backpack
https://dffd.bay12games.com/file.php?id=11310	https://dffd.bay12games.com/download.php?f=DF+Wanderer+R20a+ASCII.zip&id=11310	R20a	DF Wanderer R20a ASCII/raw/objects/reaction_adventurer.txt	876	SEW_LEATHER_CLOAK_ADV	1	ADV_LEATHER	NAME	sew leather cloak
https://dffd.bay12games.com/file.php?id=11310	https://dffd.bay12games.com/download.php?f=DF+Wanderer+R20a+ASCII.zip&id=11310	R20a	DF Wanderer R20a ASCII/raw/objects/reaction_adventurer.txt	885	SEW_LEATHER_ARMOR_ADV	1	ADV_LEATHER	NAME	sew leather armor
https://dffd.bay12games.com/file.php?id=11310	https://dffd.bay12games.com/download.php?f=DF+Wanderer+R20a+ASCII.zip&id=11310	R20a	DF Wanderer R20a ASCII/raw/objects/reaction_adventurer.txt	895	SEW_LEATHER_CAP_ADV	1	ADV_LEATHER	NAME	sew leather cap
https://dffd.bay12games.com/file.php?id=11310	https://dffd.bay12games.com/download.php?f=DF+Wanderer+R20a+ASCII.zip&id=11310	R20a	DF Wanderer R20a ASCII/raw/objects/reaction_adventurer.txt	904	SEW_LEATHER_BOOTS_HIGH_ADV	1	ADV_LEATHER	NAME	sew leather high boots
https://dffd.bay12games.com/file.php?id=11310	https://dffd.bay12games.com/download.php?f=DF+Wanderer+R20a+ASCII.zip&id=11310	R20a	DF Wanderer R20a ASCII/raw/objects/reaction_adventurer.txt	905	SEW_LEATHER_BOOTS_HIGH_ADV	1	ADV_LEATHER	DESCRIPTION	(Needle + 2 leather) Make high boots.
https://dffd.bay12games.com/file.php?id=11310	https://dffd.bay12games.com/download.php?f=DF+Wanderer+R20a+ASCII.zip&id=11310	R20a	DF Wanderer R20a ASCII/raw/objects/reaction_adventurer.txt	914	SEW_LEATHER_BOOTS_ADV	1	ADV_LEATHER	NAME	sew leather low boots
https://dffd.bay12games.com/file.php?id=11310	https://dffd.bay12games.com/download.php?f=DF+Wanderer+R20a+ASCII.zip&id=11310	R20a	DF Wanderer R20a ASCII/raw/objects/reaction_adventurer.txt	923	SEW_LEATHER_FLASK_ADV	1	ADV_LEATHER	NAME	sew leather waterskin
https://dffd.bay12games.com/file.php?id=11310	https://dffd.bay12games.com/download.php?f=DF+Wanderer+R20a+ASCII.zip&id=11310	R20a	DF Wanderer R20a ASCII/raw/objects/reaction_adventurer.txt	934	MAKE_PIGIRON_CHUNKS_ADV	1	ADV_SMELTING	NAME	make pig iron chunks
https://dffd.bay12games.com/file.php?id=11310	https://dffd.bay12games.com/download.php?f=DF+Wanderer+R20a+ASCII.zip&id=11310	R20a	DF Wanderer R20a ASCII/raw/objects/reaction_adventurer.txt	942	MAKE_PIGIRON_CHUNKS_ADV	1	ADV_SMELTING	CATEGORY_NAME	Smelting
https://dffd.bay12games.com/file.php?id=11310	https://dffd.bay12games.com/download.php?f=DF+Wanderer+R20a+ASCII.zip&id=11310	R20a	DF Wanderer R20a ASCII/raw/objects/reaction_adventurer.txt	943	MAKE_PIGIRON_CHUNKS_ADV	1	ADV_SMELTING	CATEGORY_DESCRIPTION	Make pig iron and steel chunks.
https://dffd.bay12games.com/file.php?id=11310	https://dffd.bay12games.com/download.php?f=DF+Wanderer+R20a+ASCII.zip&id=11310	R20a	DF Wanderer R20a ASCII/raw/objects/reaction_adventurer.txt	946	MAKE_STEEL_CHUNKS_ADV	1	ADV_SMELTING	NAME	make steel chunks
https://dffd.bay12games.com/file.php?id=11310	https://dffd.bay12games.com/download.php?f=DF+Wanderer+R20a+ASCII.zip&id=11310	R20a	DF Wanderer R20a ASCII/raw/objects/reaction_adventurer.txt	959	FORGE_ARROWS_ADV	1	ADV_SMITHING_WEAPON	NAME	forge arrows
https://dffd.bay12games.com/file.php?id=11310	https://dffd.bay12games.com/download.php?f=DF+Wanderer+R20a+ASCII.zip&id=11310	R20a	DF Wanderer R20a ASCII/raw/objects/reaction_adventurer.txt	966	FORGE_ARROWS_ADV	1	ADV_SMITHING_WEAPON	CATEGORY_NAME	Smithing ammo and weapons
https://dffd.bay12games.com/file.php?id=11310	https://dffd.bay12games.com/download.php?f=DF+Wanderer+R20a+ASCII.zip&id=11310	R20a	DF Wanderer R20a ASCII/raw/objects/reaction_adventurer.txt	967	FORGE_ARROWS_ADV	1	ADV_SMITHING_WEAPON	CATEGORY_DESCRIPTION	Make metal ammo and weapons from metal chunks.
https://dffd.bay12games.com/file.php?id=11310	https://dffd.bay12games.com/download.php?f=DF+Wanderer+R20a+ASCII.zip&id=11310	R20a	DF Wanderer R20a ASCII/raw/objects/reaction_adventurer.txt	970	FORGE_BOLTS_ADV	1	ADV_SMITHING_WEAPON	NAME	forge bolts
https://dffd.bay12games.com/file.php?id=11310	https://dffd.bay12games.com/download.php?f=DF+Wanderer+R20a+ASCII.zip&id=11310	R20a	DF Wanderer R20a ASCII/raw/objects/reaction_adventurer.txt	979	FORGE_BATTLE_AXE_ADV	1	ADV_SMITHING_WEAPON	NAME	forge battle axe
https://dffd.bay12games.com/file.php?id=11310	https://dffd.bay12games.com/download.php?f=DF+Wanderer+R20a+ASCII.zip&id=11310	R20a	DF Wanderer R20a ASCII/raw/objects/reaction_adventurer.txt	989	FORGE_GREAT_AXE_ADV	1	ADV_SMITHING_WEAPON	NAME	forge great axe
https://dffd.bay12games.com/file.php?id=11310	https://dffd.bay12games.com/download.php?f=DF+Wanderer+R20a+ASCII.zip&id=11310	R20a	DF Wanderer R20a ASCII/raw/objects/reaction_adventurer.txt	1000	FORGE_FLAIL_ADV	1	ADV_SMITHING_WEAPON	NAME	forge flail
https://dffd.bay12games.com/file.php?id=11310	https://dffd.bay12games.com/download.php?f=DF+Wanderer+R20a+ASCII.zip&id=11310	R20a	DF Wanderer R20a ASCII/raw/objects/reaction_adventurer.txt	1010	FORGE_HALBERD_ADV	1	ADV_SMITHING_WEAPON	NAME	forge halberd
https://dffd.bay12games.com/file.php?id=11310	https://dffd.bay12games.com/download.php?f=DF+Wanderer+R20a+ASCII.zip&id=11310	R20a	DF Wanderer R20a ASCII/raw/objects/reaction_adventurer.txt	1021	FORGE_LONG_SWORD	1	ADV_SMITHING_WEAPON	NAME	forge long sword
https://dffd.bay12games.com/file.php?id=11310	https://dffd.bay12games.com/download.php?f=DF+Wanderer+R20a+ASCII.zip&id=11310	R20a	DF Wanderer R20a ASCII/raw/objects/reaction_adventurer.txt	1031	FORGE_MACE_ADV	1	ADV_SMITHING_WEAPON	NAME	forge mace
https://dffd.bay12games.com/file.php?id=11310	https://dffd.bay12games.com/download.php?f=DF+Wanderer+R20a+ASCII.zip&id=11310	R20a	DF Wanderer R20a ASCII/raw/objects/reaction_adventurer.txt	1041	FORGE_PIKE_ADV	1	ADV_SMITHING_WEAPON	NAME	forge pike
https://dffd.bay12games.com/file.php?id=11310	https://dffd.bay12games.com/download.php?f=DF+Wanderer+R20a+ASCII.zip&id=11310	R20a	DF Wanderer R20a ASCII/raw/objects/reaction_adventurer.txt	1052	FORGE_SHORT_SWORD_ADV	1	ADV_SMITHING_WEAPON	NAME	forge short sword
https://dffd.bay12games.com/file.php?id=11310	https://dffd.bay12games.com/download.php?f=DF+Wanderer+R20a+ASCII.zip&id=11310	R20a	DF Wanderer R20a ASCII/raw/objects/reaction_adventurer.txt	1061	FORGE_SPEAR_ADV	1	ADV_SMITHING_WEAPON	NAME	forge spear
https://dffd.bay12games.com/file.php?id=11310	https://dffd.bay12games.com/download.php?f=DF+Wanderer+R20a+ASCII.zip&id=11310	R20a	DF Wanderer R20a ASCII/raw/objects/reaction_adventurer.txt	1071	FORGE_TWOHANDED_SWORD_ADV	1	ADV_SMITHING_WEAPON	NAME	forge two-handed sword
https://dffd.bay12games.com/file.php?id=11310	https://dffd.bay12games.com/download.php?f=DF+Wanderer+R20a+ASCII.zip&id=11310	R20a	DF Wanderer R20a ASCII/raw/objects/reaction_adventurer.txt	1082	FORGE_WAR_HAMMER_ADV	1	ADV_SMITHING_WEAPON	NAME	forge war hammer
https://dffd.bay12games.com/file.php?id=11310	https://dffd.bay12games.com/download.php?f=DF+Wanderer+R20a+ASCII.zip&id=11310	R20a	DF Wanderer R20a ASCII/raw/objects/reaction_adventurer.txt	1094	FORGE_BOOTS_ADV	1	ADV_SMITHING_ARMOR	NAME	forge boots
https://dffd.bay12games.com/file.php?id=11310	https://dffd.bay12games.com/download.php?f=DF+Wanderer+R20a+ASCII.zip&id=11310	R20a	DF Wanderer R20a ASCII/raw/objects/reaction_adventurer.txt	1101	FORGE_BOOTS_ADV	1	ADV_SMITHING_ARMOR	CATEGORY_NAME	Smithing armor
https://dffd.bay12games.com/file.php?id=11310	https://dffd.bay12games.com/download.php?f=DF+Wanderer+R20a+ASCII.zip&id=11310	R20a	DF Wanderer R20a ASCII/raw/objects/reaction_adventurer.txt	1102	FORGE_BOOTS_ADV	1	ADV_SMITHING_ARMOR	CATEGORY_DESCRIPTION	Make metal armor from metal chunks.
https://dffd.bay12games.com/file.php?id=11310	https://dffd.bay12games.com/download.php?f=DF+Wanderer+R20a+ASCII.zip&id=11310	R20a	DF Wanderer R20a ASCII/raw/objects/reaction_adventurer.txt	1105	FORGE_BREASTPLATE_ADV	1	ADV_SMITHING_ARMOR	NAME	forge breastplate
https://dffd.bay12games.com/file.php?id=11310	https://dffd.bay12games.com/download.php?f=DF+Wanderer+R20a+ASCII.zip&id=11310	R20a	DF Wanderer R20a ASCII/raw/objects/reaction_adventurer.txt	1115	FORGE_CHAINMAIL_ADV	1	ADV_SMITHING_ARMOR	NAME	forge chainmail
https://dffd.bay12games.com/file.php?id=11310	https://dffd.bay12games.com/download.php?f=DF+Wanderer+R20a+ASCII.zip&id=11310	R20a	DF Wanderer R20a ASCII/raw/objects/reaction_adventurer.txt	1124	FORGE_HELM_ADV	1	ADV_SMITHING_ARMOR	NAME	forge helm
https://dffd.bay12games.com/file.php?id=11310	https://dffd.bay12games.com/download.php?f=DF+Wanderer+R20a+ASCII.zip&id=11310	R20a	DF Wanderer R20a ASCII/raw/objects/reaction_adventurer.txt	1133	FORGE_GREAVES_ADV	1	ADV_SMITHING_ARMOR	NAME	forge greaves
https://dffd.bay12games.com/file.php?id=11310	https://dffd.bay12games.com/download.php?f=DF+Wanderer+R20a+ASCII.zip&id=11310	R20a	DF Wanderer R20a ASCII/raw/objects/reaction_adventurer.txt	1145	MAKE_ROCK_ARROWS_BONE_ADV	1	ADV_STONECRAFT_AMMO	NAME	make stone arrows (bone shaft)
https://dffd.bay12games.com/file.php?id=11310	https://dffd.bay12games.com/download.php?f=DF+Wanderer+R20a+ASCII.zip&id=11310	R20a	DF Wanderer R20a ASCII/raw/objects/reaction_adventurer.txt	1154	MAKE_ROCK_ARROWS_BONE_ADV	1	ADV_STONECRAFT_AMMO	CATEGORY_NAME	Stonecrafting - ammo
https://dffd.bay12games.com/file.php?id=11310	https://dffd.bay12games.com/download.php?f=DF+Wanderer+R20a+ASCII.zip&id=11310	R20a	DF Wanderer R20a ASCII/raw/objects/reaction_adventurer.txt	1155	MAKE_ROCK_ARROWS_BONE_ADV	1	ADV_STONECRAFT_AMMO	CATEGORY_DESCRIPTION	Make stone ammo and trinkets.
https://dffd.bay12games.com/file.php?id=11310	https://dffd.bay12games.com/download.php?f=DF+Wanderer+R20a+ASCII.zip&id=11310	R20a	DF Wanderer R20a ASCII/raw/objects/reaction_adventurer.txt	1158	MAKE_ROCK_ARROWS_STICK_ADV	1	ADV_STONECRAFT_AMMO	NAME	make stone arrows (wooden shaft)
https://dffd.bay12games.com/file.php?id=11310	https://dffd.bay12games.com/download.php?f=DF+Wanderer+R20a+ASCII.zip&id=11310	R20a	DF Wanderer R20a ASCII/raw/objects/reaction_adventurer.txt	1170	MAKE_ROCK_BOLTS_BONE_ADV	1	ADV_STONECRAFT_AMMO	NAME	make stone bolts (bone shaft)
https://dffd.bay12games.com/file.php?id=11310	https://dffd.bay12games.com/download.php?f=DF+Wanderer+R20a+ASCII.zip&id=11310	R20a	DF Wanderer R20a ASCII/raw/objects/reaction_adventurer.txt	1181	MAKE_ROCK_BOLTS_STICK_ADV	1	ADV_STONECRAFT_AMMO	NAME	make stone bolts (wooden shaft)
https://dffd.bay12games.com/file.php?id=11310	https://dffd.bay12games.com/download.php?f=DF+Wanderer+R20a+ASCII.zip&id=11310	R20a	DF Wanderer R20a ASCII/raw/objects/reaction_adventurer.txt	1195	MAKE_ROCK_AMULET_ADV	1	ADV_STONECRAFT	NAME	carve stone amulet
https://dffd.bay12games.com/file.php?id=11310	https://dffd.bay12games.com/download.php?f=DF+Wanderer+R20a+ASCII.zip&id=11310	R20a	DF Wanderer R20a ASCII/raw/objects/reaction_adventurer.txt	1203	MAKE_ROCK_AMULET_ADV	1	ADV_STONECRAFT	CATEGORY_NAME	Stonecrafting - trinkets and misc
https://dffd.bay12games.com/file.php?id=11310	https://dffd.bay12games.com/download.php?f=DF+Wanderer+R20a+ASCII.zip&id=11310	R20a	DF Wanderer R20a ASCII/raw/objects/reaction_adventurer.txt	1204	MAKE_ROCK_AMULET_ADV	1	ADV_STONECRAFT	CATEGORY_DESCRIPTION	Make stone trinkets.
https://dffd.bay12games.com/file.php?id=11310	https://dffd.bay12games.com/download.php?f=DF+Wanderer+R20a+ASCII.zip&id=11310	R20a	DF Wanderer R20a ASCII/raw/objects/reaction_adventurer.txt	1207	MAKE_ROCK_BRACELET_ADV	1	ADV_STONECRAFT	NAME	carve stone bracelet
https://dffd.bay12games.com/file.php?id=11310	https://dffd.bay12games.com/download.php?f=DF+Wanderer+R20a+ASCII.zip&id=11310	R20a	DF Wanderer R20a ASCII/raw/objects/reaction_adventurer.txt	1217	MAKE_ROCK_EARRING_ADV	1	ADV_STONECRAFT	NAME	carve stone earring
https://dffd.bay12games.com/file.php?id=11310	https://dffd.bay12games.com/download.php?f=DF+Wanderer+R20a+ASCII.zip&id=11310	R20a	DF Wanderer R20a ASCII/raw/objects/reaction_adventurer.txt	1227	MAKE_ROCK_FIGURINE_ADV	1	ADV_STONECRAFT	NAME	carve stone figurine
https://dffd.bay12games.com/file.php?id=11310	https://dffd.bay12games.com/download.php?f=DF+Wanderer+R20a+ASCII.zip&id=11310	R20a	DF Wanderer R20a ASCII/raw/objects/reaction_adventurer.txt	1237	MAKE_ROCK_RING_ADV	1	ADV_STONECRAFT	NAME	carve stone ring
https://dffd.bay12games.com/file.php?id=11310	https://dffd.bay12games.com/download.php?f=DF+Wanderer+R20a+ASCII.zip&id=11310	R20a	DF Wanderer R20a ASCII/raw/objects/reaction_adventurer.txt	1249	CARVE_WOODEN_ARROWS_ADV	1	ADV_WOODCRAFT_WEAPONS	NAME	carve wooden arrows
https://dffd.bay12games.com/file.php?id=11310	https://dffd.bay12games.com/download.php?f=DF+Wanderer+R20a+ASCII.zip&id=11310	R20a	DF Wanderer R20a ASCII/raw/objects/reaction_adventurer.txt	1250	CARVE_WOODEN_ARROWS_ADV	1	ADV_WOODCRAFT_WEAPONS	DESCRIPTION	Carve 15 wooden arrows.
https://dffd.bay12games.com/file.php?id=11310	https://dffd.bay12games.com/download.php?f=DF+Wanderer+R20a+ASCII.zip&id=11310	R20a	DF Wanderer R20a ASCII/raw/objects/reaction_adventurer.txt	1260	CARVE_WOODEN_ARROWS_ADV	1	ADV_WOODCRAFT_WEAPONS	CATEGORY_NAME	Woodcrafting - ammo and weapons
https://dffd.bay12games.com/file.php?id=11310	https://dffd.bay12games.com/download.php?f=DF+Wanderer+R20a+ASCII.zip&id=11310	R20a	DF Wanderer R20a ASCII/raw/objects/reaction_adventurer.txt	1261	CARVE_WOODEN_ARROWS_ADV	1	ADV_WOODCRAFT_WEAPONS	CATEGORY_DESCRIPTION	Carve wood into ammo and weapons.
https://dffd.bay12games.com/file.php?id=11310	https://dffd.bay12games.com/download.php?f=DF+Wanderer+R20a+ASCII.zip&id=11310	R20a	DF Wanderer R20a ASCII/raw/objects/reaction_adventurer.txt	1264	CARVE_WOODEN_BOLTS_ADV	1	ADV_WOODCRAFT_WEAPONS	NAME	carve wooden bolts
https://dffd.bay12games.com/file.php?id=11310	https://dffd.bay12games.com/download.php?f=DF+Wanderer+R20a+ASCII.zip&id=11310	R20a	DF Wanderer R20a ASCII/raw/objects/reaction_adventurer.txt	1265	CARVE_WOODEN_BOLTS_ADV	1	ADV_WOODCRAFT_WEAPONS	DESCRIPTION	Carve 15 wooden bolts.
https://dffd.bay12games.com/file.php?id=11310	https://dffd.bay12games.com/download.php?f=DF+Wanderer+R20a+ASCII.zip&id=11310	R20a	DF Wanderer R20a ASCII/raw/objects/reaction_adventurer.txt	1276	MAKE_WOODEN_BOW_ADV	1	ADV_WOODCRAFT_WEAPONS	NAME	make wooden bow
https://dffd.bay12games.com/file.php?id=11310	https://dffd.bay12games.com/download.php?f=DF+Wanderer+R20a+ASCII.zip&id=11310	R20a	DF Wanderer R20a ASCII/raw/objects/reaction_adventurer.txt	1277	MAKE_WOODEN_BOW_ADV	1	ADV_WOODCRAFT_WEAPONS	DESCRIPTION	Make a bow.
https://dffd.bay12games.com/file.php?id=11310	https://dffd.bay12games.com/download.php?f=DF+Wanderer+R20a+ASCII.zip&id=11310	R20a	DF Wanderer R20a ASCII/raw/objects/reaction_adventurer.txt	1289	MAKE WOODEN BUCKLER	1	ADV_WOODCRAFT_WEAPONS	NAME	make wooden buckler
https://dffd.bay12games.com/file.php?id=11310	https://dffd.bay12games.com/download.php?f=DF+Wanderer+R20a+ASCII.zip&id=11310	R20a	DF Wanderer R20a ASCII/raw/objects/reaction_adventurer.txt	1302	MAKE WOODEN SHIELD	1	ADV_WOODCRAFT_WEAPONS	NAME	make wooden shield
https://dffd.bay12games.com/file.php?id=11310	https://dffd.bay12games.com/download.php?f=DF+Wanderer+R20a+ASCII.zip&id=11310	R20a	DF Wanderer R20a ASCII/raw/objects/reaction_adventurer.txt	1315	MAKE WOODEN TRAINING AXE	1	ADV_WOODCRAFT_WEAPONS	NAME	make wooden training axe
https://dffd.bay12games.com/file.php?id=11310	https://dffd.bay12games.com/download.php?f=DF+Wanderer+R20a+ASCII.zip&id=11310	R20a	DF Wanderer R20a ASCII/raw/objects/reaction_adventurer.txt	1328	MAKE WOODEN TRAINING SPEAR	1	ADV_WOODCRAFT_WEAPONS	NAME	make wooden training spear
https://dffd.bay12games.com/file.php?id=11310	https://dffd.bay12games.com/download.php?f=DF+Wanderer+R20a+ASCII.zip&id=11310	R20a	DF Wanderer R20a ASCII/raw/objects/reaction_adventurer.txt	1341	MAKE WOODEN TRAINING SHORT SWORD	1	ADV_WOODCRAFT_WEAPONS	NAME	make wooden training short sword
https://dffd.bay12games.com/file.php?id=11310	https://dffd.bay12games.com/download.php?f=DF+Wanderer+R20a+ASCII.zip&id=11310	R20a	DF Wanderer R20a ASCII/raw/objects/reaction_adventurer.txt	1356	MAKE WOODEN CRUTCH	1	ADV_WOODCRAFT_TRINKETS	NAME	make wooden crutch
https://dffd.bay12games.com/file.php?id=11310	https://dffd.bay12games.com/download.php?f=DF+Wanderer+R20a+ASCII.zip&id=11310	R20a	DF Wanderer R20a ASCII/raw/objects/reaction_adventurer.txt	1365	MAKE WOODEN CRUTCH	1	ADV_WOODCRAFT_TRINKETS	CATEGORY_NAME	Woodcrafting - trinkets and misc
https://dffd.bay12games.com/file.php?id=11310	https://dffd.bay12games.com/download.php?f=DF+Wanderer+R20a+ASCII.zip&id=11310	R20a	DF Wanderer R20a ASCII/raw/objects/reaction_adventurer.txt	1366	MAKE WOODEN CRUTCH	1	ADV_WOODCRAFT_TRINKETS	CATEGORY_DESCRIPTION	Make splints and crutches from wooden logs.
https://dffd.bay12games.com/file.php?id=11310	https://dffd.bay12games.com/download.php?f=DF+Wanderer+R20a+ASCII.zip&id=11310	R20a	DF Wanderer R20a ASCII/raw/objects/reaction_adventurer.txt	1369	MAKE WOODEN SPLINT	1	ADV_WOODCRAFT_TRINKETS	NAME	make wooden splint
https://dffd.bay12games.com/file.php?id=11310	https://dffd.bay12games.com/download.php?f=DF+Wanderer+R20a+ASCII.zip&id=11310	R20a	DF Wanderer R20a ASCII/raw/objects/reaction_adventurer.txt	1380	MAKE_WOODEN_AMULET_ADV	1	ADV_WOODCRAFT_TRINKETS	NAME	carve wooden amulet
https://dffd.bay12games.com/file.php?id=11310	https://dffd.bay12games.com/download.php?f=DF+Wanderer+R20a+ASCII.zip&id=11310	R20a	DF Wanderer R20a ASCII/raw/objects/reaction_adventurer.txt	1390	MAKE_WOODEN_BRACELET_ADV	1	ADV_WOODCRAFT_TRINKETS	NAME	carve wooden bracelet
https://dffd.bay12games.com/file.php?id=11310	https://dffd.bay12games.com/download.php?f=DF+Wanderer+R20a+ASCII.zip&id=11310	R20a	DF Wanderer R20a ASCII/raw/objects/reaction_adventurer.txt	1400	MAKE_WOODEN_EARRING_ADV	1	ADV_WOODCRAFT_TRINKETS	NAME	carve wooden earring
https://dffd.bay12games.com/file.php?id=11310	https://dffd.bay12games.com/download.php?f=DF+Wanderer+R20a+ASCII.zip&id=11310	R20a	DF Wanderer R20a ASCII/raw/objects/reaction_adventurer.txt	1410	MAKE_WOODEN_FIGURINE_ADV	1	ADV_WOODCRAFT_TRINKETS	NAME	carve wooden figurine
https://dffd.bay12games.com/file.php?id=11310	https://dffd.bay12games.com/download.php?f=DF+Wanderer+R20a+ASCII.zip&id=11310	R20a	DF Wanderer R20a ASCII/raw/objects/reaction_adventurer.txt	1420	MAKE_WOODEN_RING_ADV	1	ADV_WOODCRAFT_TRINKETS	NAME	carve wooden ring
