image	path	line	reaction	category	token	value
steam	D:\program\steam\steamapps\common\Dwarf Fortress\data\vanilla\vanilla_reactions\objects\reaction_adv_carpenter.txt	6	MAKE WOODEN CHAIR	ADV_CARPENTRY	NAME	make wooden chair
steam	D:\program\steam\steamapps\common\Dwarf Fortress\data\vanilla\vanilla_reactions\objects\reaction_adv_carpenter.txt	14	MAKE WOODEN CHAIR	ADV_CARPENTRY	PRODUCT_TOKEN	chair
steam	D:\program\steam\steamapps\common\Dwarf Fortress\data\vanilla\vanilla_reactions\objects\reaction_adv_carpenter.txt	17	MAKE WOODEN CHAIR	ADV_CARPENTRY	CATEGORY_NAME	Carpentry
steam	D:\program\steam\steamapps\common\Dwarf Fortress\data\vanilla\vanilla_reactions\objects\reaction_adv_carpenter.txt	18	MAKE WOODEN CHAIR	ADV_CARPENTRY	CATEGORY_DESCRIPTION	Make furniture at a carpenter's workshop using logs and a sharp tool.
steam	D:\program\steam\steamapps\common\Dwarf Fortress\data\vanilla\vanilla_reactions\objects\reaction_adv_carpenter.txt	21	MAKE WOODEN TABLE	ADV_CARPENTRY	NAME	make wooden table
steam	D:\program\steam\steamapps\common\Dwarf Fortress\data\vanilla\vanilla_reactions\objects\reaction_adv_carpenter.txt	29	MAKE WOODEN TABLE	ADV_CARPENTRY	PRODUCT_TOKEN	table
steam	D:\program\steam\steamapps\common\Dwarf Fortress\data\vanilla\vanilla_reactions\objects\reaction_adv_carpenter.txt	34	MAKE WOODEN BED	ADV_CARPENTRY	NAME	make wooden bed
steam	D:\program\steam\steamapps\common\Dwarf Fortress\data\vanilla\vanilla_reactions\objects\reaction_adv_carpenter.txt	42	MAKE WOODEN BED	ADV_CARPENTRY	PRODUCT_TOKEN	bed
steam	D:\program\steam\steamapps\common\Dwarf Fortress\data\vanilla\vanilla_reactions\objects\reaction_adv_carpenter.txt	47	MAKE WOODEN CHEST	ADV_CARPENTRY	NAME	make wooden chest
steam	D:\program\steam\steamapps\common\Dwarf Fortress\data\vanilla\vanilla_reactions\objects\reaction_adv_carpenter.txt	55	MAKE WOODEN CHEST	ADV_CARPENTRY	PRODUCT_TOKEN	chest
steam	D:\program\steam\steamapps\common\Dwarf Fortress\data\vanilla\vanilla_reactions\objects\reaction_adv_carpenter.txt	60	MAKE WOODEN CABINET	ADV_CARPENTRY	NAME	make wooden cabinet
steam	D:\program\steam\steamapps\common\Dwarf Fortress\data\vanilla\vanilla_reactions\objects\reaction_adv_carpenter.txt	68	MAKE WOODEN CABINET	ADV_CARPENTRY	PRODUCT_TOKEN	cabinet
steam	D:\program\steam\steamapps\common\Dwarf Fortress\data\vanilla\vanilla_reactions\objects\reaction_adv_carpenter.txt	73	MAKE WOODEN DOOR	ADV_CARPENTRY	NAME	make wooden door
steam	D:\program\steam\steamapps\common\Dwarf Fortress\data\vanilla\vanilla_reactions\objects\reaction_adv_carpenter.txt	81	MAKE WOODEN DOOR	ADV_CARPENTRY	PRODUCT_TOKEN	door
steam	D:\program\steam\steamapps\common\Dwarf Fortress\data\vanilla\vanilla_reactions\objects\reaction_adv_carpenter.txt	86	MAKE WOODEN BARREL	ADV_CARPENTRY	NAME	make wooden barrel
steam	D:\program\steam\steamapps\common\Dwarf Fortress\data\vanilla\vanilla_reactions\objects\reaction_adv_carpenter.txt	94	MAKE WOODEN BARREL	ADV_CARPENTRY	PRODUCT_TOKEN	barrel
steam	D:\program\steam\steamapps\common\Dwarf Fortress\data\vanilla\vanilla_reactions\objects\reaction_adv_carpenter.txt	99	MAKE WOODEN BUCKET	ADV_CARPENTRY	NAME	make wooden bucket
steam	D:\program\steam\steamapps\common\Dwarf Fortress\data\vanilla\vanilla_reactions\objects\reaction_adv_carpenter.txt	107	MAKE WOODEN BUCKET	ADV_CARPENTRY	PRODUCT_TOKEN	bucket
steam	D:\program\steam\steamapps\common\Dwarf Fortress\data\vanilla\vanilla_reactions\objects\reaction_adv_carpenter.txt	112	MAKE WOODEN CASKET	ADV_CARPENTRY	NAME	make wooden casket
steam	D:\program\steam\steamapps\common\Dwarf Fortress\data\vanilla\vanilla_reactions\objects\reaction_adv_carpenter.txt	120	MAKE WOODEN CASKET	ADV_CARPENTRY	PRODUCT_TOKEN	casket
steam	D:\program\steam\steamapps\common\Dwarf Fortress\data\vanilla\vanilla_reactions\objects\reaction_adv_carpenter.txt	125	MAKE WOODEN HATCH COVER	ADV_CARPENTRY	NAME	make wooden hatch cover
steam	D:\program\steam\steamapps\common\Dwarf Fortress\data\vanilla\vanilla_reactions\objects\reaction_adv_carpenter.txt	133	MAKE WOODEN HATCH COVER	ADV_CARPENTRY	PRODUCT_TOKEN	hatch cover
steam	D:\program\steam\steamapps\common\Dwarf Fortress\data\vanilla\vanilla_reactions\objects\reaction_adv_carpenter.txt	138	MAKE WOODEN GRATE	ADV_CARPENTRY	NAME	make wooden grate
steam	D:\program\steam\steamapps\common\Dwarf Fortress\data\vanilla\vanilla_reactions\objects\reaction_adv_carpenter.txt	146	MAKE WOODEN GRATE	ADV_CARPENTRY	PRODUCT_TOKEN	grate
steam	D:\program\steam\steamapps\common\Dwarf Fortress\data\vanilla\vanilla_reactions\objects\reaction_adv_carpenter.txt	151	MAKE WOODEN BIN	ADV_CARPENTRY	NAME	make wooden bin
steam	D:\program\steam\steamapps\common\Dwarf Fortress\data\vanilla\vanilla_reactions\objects\reaction_adv_carpenter.txt	159	MAKE WOODEN BIN	ADV_CARPENTRY	PRODUCT_TOKEN	bin
steam	D:\program\steam\steamapps\common\Dwarf Fortress\data\vanilla\vanilla_reactions\objects\reaction_adv_carpenter.txt	164	MAKE WOODEN STEPLADDER	ADV_CARPENTRY	NAME	make wooden stepladder
steam	D:\program\steam\steamapps\common\Dwarf Fortress\data\vanilla\vanilla_reactions\objects\reaction_adv_carpenter.txt	172	MAKE WOODEN STEPLADDER	ADV_CARPENTRY	PRODUCT_TOKEN	stepladder
steam	D:\program\steam\steamapps\common\Dwarf Fortress\data\vanilla\vanilla_reactions\objects\reaction_adv_carpenter.txt	177	MAKE WOODEN BOOKCASE	ADV_CARPENTRY	NAME	make wooden bookcase
steam	D:\program\steam\steamapps\common\Dwarf Fortress\data\vanilla\vanilla_reactions\objects\reaction_adv_carpenter.txt	185	MAKE WOODEN BOOKCASE	ADV_CARPENTRY	PRODUCT_TOKEN	bookcase
steam	D:\program\steam\steamapps\common\Dwarf Fortress\data\vanilla\vanilla_reactions\objects\reaction_adv_carpenter.txt	190	MAKE WOODEN SPLINT	ADV_CARPENTRY	NAME	make wooden splint
steam	D:\program\steam\steamapps\common\Dwarf Fortress\data\vanilla\vanilla_reactions\objects\reaction_adv_carpenter.txt	198	MAKE WOODEN SPLINT	ADV_CARPENTRY	PRODUCT_TOKEN	splint
steam	D:\program\steam\steamapps\common\Dwarf Fortress\data\vanilla\vanilla_reactions\objects\reaction_adv_carpenter.txt	203	MAKE WOODEN CRUTCH	ADV_CARPENTRY	NAME	make wooden crutch
steam	D:\program\steam\steamapps\common\Dwarf Fortress\data\vanilla\vanilla_reactions\objects\reaction_adv_carpenter.txt	211	MAKE WOODEN CRUTCH	ADV_CARPENTRY	PRODUCT_TOKEN	crutch
steam	D:\program\steam\steamapps\common\Dwarf Fortress\data\vanilla\vanilla_reactions\objects\reaction_adv_carpenter.txt	216	MAKE WOODEN SHIELD	ADV_CARPENTRY	NAME	make wooden shield
steam	D:\program\steam\steamapps\common\Dwarf Fortress\data\vanilla\vanilla_reactions\objects\reaction_adv_carpenter.txt	224	MAKE WOODEN SHIELD	ADV_CARPENTRY	PRODUCT_TOKEN	shield
steam	D:\program\steam\steamapps\common\Dwarf Fortress\data\vanilla\vanilla_reactions\objects\reaction_adv_carpenter.txt	229	MAKE WOODEN BUCKLER	ADV_CARPENTRY	NAME	make wooden buckler
steam	D:\program\steam\steamapps\common\Dwarf Fortress\data\vanilla\vanilla_reactions\objects\reaction_adv_carpenter.txt	237	MAKE WOODEN BUCKLER	ADV_CARPENTRY	PRODUCT_TOKEN	buckler
steam	D:\program\steam\steamapps\common\Dwarf Fortress\data\vanilla\vanilla_reactions\objects\reaction_adv_carpenter.txt	242	MAKE WOODEN TRAINING AXE	ADV_CARPENTRY	NAME	make wooden training axe
steam	D:\program\steam\steamapps\common\Dwarf Fortress\data\vanilla\vanilla_reactions\objects\reaction_adv_carpenter.txt	250	MAKE WOODEN TRAINING AXE	ADV_CARPENTRY	PRODUCT_TOKEN	axe
steam	D:\program\steam\steamapps\common\Dwarf Fortress\data\vanilla\vanilla_reactions\objects\reaction_adv_carpenter.txt	255	MAKE WOODEN TRAINING SHORT SWORD	ADV_CARPENTRY	NAME	make wooden training short sword
steam	D:\program\steam\steamapps\common\Dwarf Fortress\data\vanilla\vanilla_reactions\objects\reaction_adv_carpenter.txt	263	MAKE WOODEN TRAINING SHORT SWORD	ADV_CARPENTRY	PRODUCT_TOKEN	sword
steam	D:\program\steam\steamapps\common\Dwarf Fortress\data\vanilla\vanilla_reactions\objects\reaction_adv_carpenter.txt	268	MAKE WOODEN TRAINING SPEAR	ADV_CARPENTRY	NAME	make wooden training spear
steam	D:\program\steam\steamapps\common\Dwarf Fortress\data\vanilla\vanilla_reactions\objects\reaction_adv_carpenter.txt	276	MAKE WOODEN TRAINING SPEAR	ADV_CARPENTRY	PRODUCT_TOKEN	spear
steam	D:\program\steam\steamapps\common\Dwarf Fortress\data\vanilla\vanilla_reactions\objects\reaction_adv_carpenter.txt	281	MAKE WOODEN PEDESTAL	ADV_CARPENTRY	NAME	make wooden pedestal
steam	D:\program\steam\steamapps\common\Dwarf Fortress\data\vanilla\vanilla_reactions\objects\reaction_adv_carpenter.txt	289	MAKE WOODEN PEDESTAL	ADV_CARPENTRY	PRODUCT_TOKEN	pedestal
steam	D:\program\steam\steamapps\common\Dwarf Fortress\data\vanilla\vanilla_reactions\objects\reaction_other.txt	77	MAKE_SHARP_ROCK		NAME	make sharp rock
steam	D:\program\steam\steamapps\common\Dwarf Fortress\data\vanilla\vanilla_reactions\objects\reaction_other.txt	440	CARVE_BONE_FIGURINE	ADV_BONE_CARVING	NAME	carve bone figurine
steam	D:\program\steam\steamapps\common\Dwarf Fortress\data\vanilla\vanilla_reactions\objects\reaction_other.txt	447	CARVE_BONE_FIGURINE	ADV_BONE_CARVING	PRODUCT_TOKEN	figurine
steam	D:\program\steam\steamapps\common\Dwarf Fortress\data\vanilla\vanilla_reactions\objects\reaction_other.txt	450	CARVE_BONE_FIGURINE	ADV_BONE_CARVING	CATEGORY_NAME	Carve bone
steam	D:\program\steam\steamapps\common\Dwarf Fortress\data\vanilla\vanilla_reactions\objects\reaction_other.txt	451	CARVE_BONE_FIGURINE	ADV_BONE_CARVING	CATEGORY_DESCRIPTION	Make crafts from bone using a sharp weapon or tool.
steam	D:\program\steam\steamapps\common\Dwarf Fortress\data\vanilla\vanilla_reactions\objects\reaction_other.txt	454	CARVE_BONE_RING	ADV_BONE_CARVING	NAME	carve bone ring
steam	D:\program\steam\steamapps\common\Dwarf Fortress\data\vanilla\vanilla_reactions\objects\reaction_other.txt	461	CARVE_BONE_RING	ADV_BONE_CARVING	PRODUCT_TOKEN	ring
steam	D:\program\steam\steamapps\common\Dwarf Fortress\data\vanilla\vanilla_reactions\objects\reaction_other.txt	466	CARVE_BONE_EARRING	ADV_BONE_CARVING	NAME	carve bone earring
steam	D:\program\steam\steamapps\common\Dwarf Fortress\data\vanilla\vanilla_reactions\objects\reaction_other.txt	473	CARVE_BONE_EARRING	ADV_BONE_CARVING	PRODUCT_TOKEN	earring
steam	D:\program\steam\steamapps\common\Dwarf Fortress\data\vanilla\vanilla_reactions\objects\reaction_other.txt	478	CARVE_BONE_SCEPTER	ADV_BONE_CARVING	NAME	carve bone scepter
steam	D:\program\steam\steamapps\common\Dwarf Fortress\data\vanilla\vanilla_reactions\objects\reaction_other.txt	485	CARVE_BONE_SCEPTER	ADV_BONE_CARVING	PRODUCT_TOKEN	scepter
steam	D:\program\steam\steamapps\common\Dwarf Fortress\data\vanilla\vanilla_reactions\objects\reaction_other.txt	490	CARVE_BONE_AMULET	ADV_BONE_CARVING	NAME	carve bone amulet
steam	D:\program\steam\steamapps\common\Dwarf Fortress\data\vanilla\vanilla_reactions\objects\reaction_other.txt	497	CARVE_BONE_AMULET	ADV_BONE_CARVING	PRODUCT_TOKEN	amulet
steam	D:\program\steam\steamapps\common\Dwarf Fortress\data\vanilla\vanilla_reactions\objects\reaction_other.txt	502	CARVE_BONE_BRACELET	ADV_BONE_CARVING	NAME	carve bone bracelet
steam	D:\program\steam\steamapps\common\Dwarf Fortress\data\vanilla\vanilla_reactions\objects\reaction_other.txt	509	CARVE_BONE_BRACELET	ADV_BONE_CARVING	PRODUCT_TOKEN	bracelet
steam	D:\program\steam\steamapps\common\Dwarf Fortress\data\vanilla\vanilla_reactions\objects\reaction_other.txt	514	CARVE_BONE_CROWN	ADV_BONE_CARVING	NAME	carve bone crown
steam	D:\program\steam\steamapps\common\Dwarf Fortress\data\vanilla\vanilla_reactions\objects\reaction_other.txt	521	CARVE_BONE_CROWN	ADV_BONE_CARVING	PRODUCT_TOKEN	crown
steam	D:\program\steam\steamapps\common\Dwarf Fortress\data\vanilla\vanilla_reactions\objects\reaction_other.txt	526	CARVE_BONE_GEM	ADV_BONE_CARVING	NAME	carve bone cabochon
steam	D:\program\steam\steamapps\common\Dwarf Fortress\data\vanilla\vanilla_reactions\objects\reaction_other.txt	533	CARVE_BONE_GEM	ADV_BONE_CARVING	PRODUCT_TOKEN	gem
steam	D:\program\steam\steamapps\common\Dwarf Fortress\data\vanilla\vanilla_reactions\objects\reaction_other.txt	538	CARVE_WOODEN_HELVE		NAME	carve wooden helve from branch
steam	D:\program\steam\steamapps\common\Dwarf Fortress\data\vanilla\vanilla_reactions\objects\reaction_other.txt	545	CARVE_WOODEN_HELVE		PRODUCT_TOKEN	helve
steam	D:\program\steam\steamapps\common\Dwarf Fortress\data\vanilla\vanilla_reactions\objects\reaction_other.txt	549	ASSEMBLE STONE AXE		NAME	assemble stone axe
steam	D:\program\steam\steamapps\common\Dwarf Fortress\data\vanilla\vanilla_reactions\objects\reaction_other.txt	555	ASSEMBLE STONE AXE		PRODUCT_TOKEN	axe
classic	C:\Users\WIN11\Downloads\df_53_16_win\data\vanilla\vanilla_reactions\objects\reaction_adv_carpenter.txt	6	MAKE WOODEN CHAIR	ADV_CARPENTRY	NAME	make wooden chair
classic	C:\Users\WIN11\Downloads\df_53_16_win\data\vanilla\vanilla_reactions\objects\reaction_adv_carpenter.txt	14	MAKE WOODEN CHAIR	ADV_CARPENTRY	PRODUCT_TOKEN	chair
classic	C:\Users\WIN11\Downloads\df_53_16_win\data\vanilla\vanilla_reactions\objects\reaction_adv_carpenter.txt	17	MAKE WOODEN CHAIR	ADV_CARPENTRY	CATEGORY_NAME	Carpentry
classic	C:\Users\WIN11\Downloads\df_53_16_win\data\vanilla\vanilla_reactions\objects\reaction_adv_carpenter.txt	18	MAKE WOODEN CHAIR	ADV_CARPENTRY	CATEGORY_DESCRIPTION	Make furniture at a carpenter's workshop using logs and a sharp tool.
classic	C:\Users\WIN11\Downloads\df_53_16_win\data\vanilla\vanilla_reactions\objects\reaction_adv_carpenter.txt	21	MAKE WOODEN TABLE	ADV_CARPENTRY	NAME	make wooden table
classic	C:\Users\WIN11\Downloads\df_53_16_win\data\vanilla\vanilla_reactions\objects\reaction_adv_carpenter.txt	29	MAKE WOODEN TABLE	ADV_CARPENTRY	PRODUCT_TOKEN	table
classic	C:\Users\WIN11\Downloads\df_53_16_win\data\vanilla\vanilla_reactions\objects\reaction_adv_carpenter.txt	34	MAKE WOODEN BED	ADV_CARPENTRY	NAME	make wooden bed
classic	C:\Users\WIN11\Downloads\df_53_16_win\data\vanilla\vanilla_reactions\objects\reaction_adv_carpenter.txt	42	MAKE WOODEN BED	ADV_CARPENTRY	PRODUCT_TOKEN	bed
classic	C:\Users\WIN11\Downloads\df_53_16_win\data\vanilla\vanilla_reactions\objects\reaction_adv_carpenter.txt	47	MAKE WOODEN CHEST	ADV_CARPENTRY	NAME	make wooden chest
classic	C:\Users\WIN11\Downloads\df_53_16_win\data\vanilla\vanilla_reactions\objects\reaction_adv_carpenter.txt	55	MAKE WOODEN CHEST	ADV_CARPENTRY	PRODUCT_TOKEN	chest
classic	C:\Users\WIN11\Downloads\df_53_16_win\data\vanilla\vanilla_reactions\objects\reaction_adv_carpenter.txt	60	MAKE WOODEN CABINET	ADV_CARPENTRY	NAME	make wooden cabinet
classic	C:\Users\WIN11\Downloads\df_53_16_win\data\vanilla\vanilla_reactions\objects\reaction_adv_carpenter.txt	68	MAKE WOODEN CABINET	ADV_CARPENTRY	PRODUCT_TOKEN	cabinet
classic	C:\Users\WIN11\Downloads\df_53_16_win\data\vanilla\vanilla_reactions\objects\reaction_adv_carpenter.txt	73	MAKE WOODEN DOOR	ADV_CARPENTRY	NAME	make wooden door
classic	C:\Users\WIN11\Downloads\df_53_16_win\data\vanilla\vanilla_reactions\objects\reaction_adv_carpenter.txt	81	MAKE WOODEN DOOR	ADV_CARPENTRY	PRODUCT_TOKEN	door
classic	C:\Users\WIN11\Downloads\df_53_16_win\data\vanilla\vanilla_reactions\objects\reaction_adv_carpenter.txt	86	MAKE WOODEN BARREL	ADV_CARPENTRY	NAME	make wooden barrel
classic	C:\Users\WIN11\Downloads\df_53_16_win\data\vanilla\vanilla_reactions\objects\reaction_adv_carpenter.txt	94	MAKE WOODEN BARREL	ADV_CARPENTRY	PRODUCT_TOKEN	barrel
classic	C:\Users\WIN11\Downloads\df_53_16_win\data\vanilla\vanilla_reactions\objects\reaction_adv_carpenter.txt	99	MAKE WOODEN BUCKET	ADV_CARPENTRY	NAME	make wooden bucket
classic	C:\Users\WIN11\Downloads\df_53_16_win\data\vanilla\vanilla_reactions\objects\reaction_adv_carpenter.txt	107	MAKE WOODEN BUCKET	ADV_CARPENTRY	PRODUCT_TOKEN	bucket
classic	C:\Users\WIN11\Downloads\df_53_16_win\data\vanilla\vanilla_reactions\objects\reaction_adv_carpenter.txt	112	MAKE WOODEN CASKET	ADV_CARPENTRY	NAME	make wooden casket
classic	C:\Users\WIN11\Downloads\df_53_16_win\data\vanilla\vanilla_reactions\objects\reaction_adv_carpenter.txt	120	MAKE WOODEN CASKET	ADV_CARPENTRY	PRODUCT_TOKEN	casket
classic	C:\Users\WIN11\Downloads\df_53_16_win\data\vanilla\vanilla_reactions\objects\reaction_adv_carpenter.txt	125	MAKE WOODEN HATCH COVER	ADV_CARPENTRY	NAME	make wooden hatch cover
classic	C:\Users\WIN11\Downloads\df_53_16_win\data\vanilla\vanilla_reactions\objects\reaction_adv_carpenter.txt	133	MAKE WOODEN HATCH COVER	ADV_CARPENTRY	PRODUCT_TOKEN	hatch cover
classic	C:\Users\WIN11\Downloads\df_53_16_win\data\vanilla\vanilla_reactions\objects\reaction_adv_carpenter.txt	138	MAKE WOODEN GRATE	ADV_CARPENTRY	NAME	make wooden grate
classic	C:\Users\WIN11\Downloads\df_53_16_win\data\vanilla\vanilla_reactions\objects\reaction_adv_carpenter.txt	146	MAKE WOODEN GRATE	ADV_CARPENTRY	PRODUCT_TOKEN	grate
classic	C:\Users\WIN11\Downloads\df_53_16_win\data\vanilla\vanilla_reactions\objects\reaction_adv_carpenter.txt	151	MAKE WOODEN BIN	ADV_CARPENTRY	NAME	make wooden bin
classic	C:\Users\WIN11\Downloads\df_53_16_win\data\vanilla\vanilla_reactions\objects\reaction_adv_carpenter.txt	159	MAKE WOODEN BIN	ADV_CARPENTRY	PRODUCT_TOKEN	bin
classic	C:\Users\WIN11\Downloads\df_53_16_win\data\vanilla\vanilla_reactions\objects\reaction_adv_carpenter.txt	164	MAKE WOODEN STEPLADDER	ADV_CARPENTRY	NAME	make wooden stepladder
classic	C:\Users\WIN11\Downloads\df_53_16_win\data\vanilla\vanilla_reactions\objects\reaction_adv_carpenter.txt	172	MAKE WOODEN STEPLADDER	ADV_CARPENTRY	PRODUCT_TOKEN	stepladder
classic	C:\Users\WIN11\Downloads\df_53_16_win\data\vanilla\vanilla_reactions\objects\reaction_adv_carpenter.txt	177	MAKE WOODEN BOOKCASE	ADV_CARPENTRY	NAME	make wooden bookcase
classic	C:\Users\WIN11\Downloads\df_53_16_win\data\vanilla\vanilla_reactions\objects\reaction_adv_carpenter.txt	185	MAKE WOODEN BOOKCASE	ADV_CARPENTRY	PRODUCT_TOKEN	bookcase
classic	C:\Users\WIN11\Downloads\df_53_16_win\data\vanilla\vanilla_reactions\objects\reaction_adv_carpenter.txt	190	MAKE WOODEN SPLINT	ADV_CARPENTRY	NAME	make wooden splint
classic	C:\Users\WIN11\Downloads\df_53_16_win\data\vanilla\vanilla_reactions\objects\reaction_adv_carpenter.txt	198	MAKE WOODEN SPLINT	ADV_CARPENTRY	PRODUCT_TOKEN	splint
classic	C:\Users\WIN11\Downloads\df_53_16_win\data\vanilla\vanilla_reactions\objects\reaction_adv_carpenter.txt	203	MAKE WOODEN CRUTCH	ADV_CARPENTRY	NAME	make wooden crutch
classic	C:\Users\WIN11\Downloads\df_53_16_win\data\vanilla\vanilla_reactions\objects\reaction_adv_carpenter.txt	211	MAKE WOODEN CRUTCH	ADV_CARPENTRY	PRODUCT_TOKEN	crutch
classic	C:\Users\WIN11\Downloads\df_53_16_win\data\vanilla\vanilla_reactions\objects\reaction_adv_carpenter.txt	216	MAKE WOODEN SHIELD	ADV_CARPENTRY	NAME	make wooden shield
classic	C:\Users\WIN11\Downloads\df_53_16_win\data\vanilla\vanilla_reactions\objects\reaction_adv_carpenter.txt	224	MAKE WOODEN SHIELD	ADV_CARPENTRY	PRODUCT_TOKEN	shield
classic	C:\Users\WIN11\Downloads\df_53_16_win\data\vanilla\vanilla_reactions\objects\reaction_adv_carpenter.txt	229	MAKE WOODEN BUCKLER	ADV_CARPENTRY	NAME	make wooden buckler
classic	C:\Users\WIN11\Downloads\df_53_16_win\data\vanilla\vanilla_reactions\objects\reaction_adv_carpenter.txt	237	MAKE WOODEN BUCKLER	ADV_CARPENTRY	PRODUCT_TOKEN	buckler
classic	C:\Users\WIN11\Downloads\df_53_16_win\data\vanilla\vanilla_reactions\objects\reaction_adv_carpenter.txt	242	MAKE WOODEN TRAINING AXE	ADV_CARPENTRY	NAME	make wooden training axe
classic	C:\Users\WIN11\Downloads\df_53_16_win\data\vanilla\vanilla_reactions\objects\reaction_adv_carpenter.txt	250	MAKE WOODEN TRAINING AXE	ADV_CARPENTRY	PRODUCT_TOKEN	axe
classic	C:\Users\WIN11\Downloads\df_53_16_win\data\vanilla\vanilla_reactions\objects\reaction_adv_carpenter.txt	255	MAKE WOODEN TRAINING SHORT SWORD	ADV_CARPENTRY	NAME	make wooden training short sword
classic	C:\Users\WIN11\Downloads\df_53_16_win\data\vanilla\vanilla_reactions\objects\reaction_adv_carpenter.txt	263	MAKE WOODEN TRAINING SHORT SWORD	ADV_CARPENTRY	PRODUCT_TOKEN	sword
classic	C:\Users\WIN11\Downloads\df_53_16_win\data\vanilla\vanilla_reactions\objects\reaction_adv_carpenter.txt	268	MAKE WOODEN TRAINING SPEAR	ADV_CARPENTRY	NAME	make wooden training spear
classic	C:\Users\WIN11\Downloads\df_53_16_win\data\vanilla\vanilla_reactions\objects\reaction_adv_carpenter.txt	276	MAKE WOODEN TRAINING SPEAR	ADV_CARPENTRY	PRODUCT_TOKEN	spear
classic	C:\Users\WIN11\Downloads\df_53_16_win\data\vanilla\vanilla_reactions\objects\reaction_adv_carpenter.txt	281	MAKE WOODEN PEDESTAL	ADV_CARPENTRY	NAME	make wooden pedestal
classic	C:\Users\WIN11\Downloads\df_53_16_win\data\vanilla\vanilla_reactions\objects\reaction_adv_carpenter.txt	289	MAKE WOODEN PEDESTAL	ADV_CARPENTRY	PRODUCT_TOKEN	pedestal
classic	C:\Users\WIN11\Downloads\df_53_16_win\data\vanilla\vanilla_reactions\objects\reaction_other.txt	77	MAKE_SHARP_ROCK		NAME	make sharp rock
classic	C:\Users\WIN11\Downloads\df_53_16_win\data\vanilla\vanilla_reactions\objects\reaction_other.txt	440	CARVE_BONE_FIGURINE	ADV_BONE_CARVING	NAME	carve bone figurine
classic	C:\Users\WIN11\Downloads\df_53_16_win\data\vanilla\vanilla_reactions\objects\reaction_other.txt	447	CARVE_BONE_FIGURINE	ADV_BONE_CARVING	PRODUCT_TOKEN	figurine
classic	C:\Users\WIN11\Downloads\df_53_16_win\data\vanilla\vanilla_reactions\objects\reaction_other.txt	450	CARVE_BONE_FIGURINE	ADV_BONE_CARVING	CATEGORY_NAME	Carve bone
classic	C:\Users\WIN11\Downloads\df_53_16_win\data\vanilla\vanilla_reactions\objects\reaction_other.txt	451	CARVE_BONE_FIGURINE	ADV_BONE_CARVING	CATEGORY_DESCRIPTION	Make crafts from bone using a sharp weapon or tool.
classic	C:\Users\WIN11\Downloads\df_53_16_win\data\vanilla\vanilla_reactions\objects\reaction_other.txt	454	CARVE_BONE_RING	ADV_BONE_CARVING	NAME	carve bone ring
classic	C:\Users\WIN11\Downloads\df_53_16_win\data\vanilla\vanilla_reactions\objects\reaction_other.txt	461	CARVE_BONE_RING	ADV_BONE_CARVING	PRODUCT_TOKEN	ring
classic	C:\Users\WIN11\Downloads\df_53_16_win\data\vanilla\vanilla_reactions\objects\reaction_other.txt	466	CARVE_BONE_EARRING	ADV_BONE_CARVING	NAME	carve bone earring
classic	C:\Users\WIN11\Downloads\df_53_16_win\data\vanilla\vanilla_reactions\objects\reaction_other.txt	473	CARVE_BONE_EARRING	ADV_BONE_CARVING	PRODUCT_TOKEN	earring
classic	C:\Users\WIN11\Downloads\df_53_16_win\data\vanilla\vanilla_reactions\objects\reaction_other.txt	478	CARVE_BONE_SCEPTER	ADV_BONE_CARVING	NAME	carve bone scepter
classic	C:\Users\WIN11\Downloads\df_53_16_win\data\vanilla\vanilla_reactions\objects\reaction_other.txt	485	CARVE_BONE_SCEPTER	ADV_BONE_CARVING	PRODUCT_TOKEN	scepter
classic	C:\Users\WIN11\Downloads\df_53_16_win\data\vanilla\vanilla_reactions\objects\reaction_other.txt	490	CARVE_BONE_AMULET	ADV_BONE_CARVING	NAME	carve bone amulet
classic	C:\Users\WIN11\Downloads\df_53_16_win\data\vanilla\vanilla_reactions\objects\reaction_other.txt	497	CARVE_BONE_AMULET	ADV_BONE_CARVING	PRODUCT_TOKEN	amulet
classic	C:\Users\WIN11\Downloads\df_53_16_win\data\vanilla\vanilla_reactions\objects\reaction_other.txt	502	CARVE_BONE_BRACELET	ADV_BONE_CARVING	NAME	carve bone bracelet
classic	C:\Users\WIN11\Downloads\df_53_16_win\data\vanilla\vanilla_reactions\objects\reaction_other.txt	509	CARVE_BONE_BRACELET	ADV_BONE_CARVING	PRODUCT_TOKEN	bracelet
classic	C:\Users\WIN11\Downloads\df_53_16_win\data\vanilla\vanilla_reactions\objects\reaction_other.txt	514	CARVE_BONE_CROWN	ADV_BONE_CARVING	NAME	carve bone crown
classic	C:\Users\WIN11\Downloads\df_53_16_win\data\vanilla\vanilla_reactions\objects\reaction_other.txt	521	CARVE_BONE_CROWN	ADV_BONE_CARVING	PRODUCT_TOKEN	crown
classic	C:\Users\WIN11\Downloads\df_53_16_win\data\vanilla\vanilla_reactions\objects\reaction_other.txt	526	CARVE_BONE_GEM	ADV_BONE_CARVING	NAME	carve bone cabochon
classic	C:\Users\WIN11\Downloads\df_53_16_win\data\vanilla\vanilla_reactions\objects\reaction_other.txt	533	CARVE_BONE_GEM	ADV_BONE_CARVING	PRODUCT_TOKEN	gem
classic	C:\Users\WIN11\Downloads\df_53_16_win\data\vanilla\vanilla_reactions\objects\reaction_other.txt	538	CARVE_WOODEN_HELVE		NAME	carve wooden helve from branch
classic	C:\Users\WIN11\Downloads\df_53_16_win\data\vanilla\vanilla_reactions\objects\reaction_other.txt	545	CARVE_WOODEN_HELVE		PRODUCT_TOKEN	helve
classic	C:\Users\WIN11\Downloads\df_53_16_win\data\vanilla\vanilla_reactions\objects\reaction_other.txt	549	ASSEMBLE STONE AXE		NAME	assemble stone axe
classic	C:\Users\WIN11\Downloads\df_53_16_win\data\vanilla\vanilla_reactions\objects\reaction_other.txt	555	ASSEMBLE STONE AXE		PRODUCT_TOKEN	axe
